
[1m[30m[46m RUN [49m[39m[22m [36mv4.1.11 [39m[90m/tmp/sceneaxi-comprehensive-owned-xd4gdfl1[39m

[33m[39m[32m·[39m[33m[39m[32m·[39m[33m[39m[32m·[39m[33m[39m[32m·[39m[33m[39m[32m·[39m[33m[39m[32m·[39m[33m[39m[32m·[39m[33m[39m[32m·[39m[33m[39m[32m·[39m[33m[39m[32m·[39m[33m[39m[32m·[39m[33m[39m[32m·[39m[33m[39m[32m·[39m[33m[39m[32m·[39m[33m[39m[32m·[39m[33m[39m[32m·[39m[33m[39m[32m·[39m[33m[39m[32m·[39m[33m[39m[32m·[39m[33m[39m[32m·[39m[33m[39m[32m·[39m[33m[39m[32m·[39m[33m[39m[32m·[39m[33m[39m[32m·[39m[33m[39m[32m·[39m[33m[39m[32m·[39m[33m[39m[32m·[39m[90mstderr[2m | tests/e2e/desktop-linux-bridge-golden.test.ts[2m > [22m[2mdesktop bridge — the packaged app's engine paths are real[2m > [22m[2mbuilds a real WebGLRenderer on the canvas path, so node must refuse it
[22m[39mTHREE.WebGLRenderer: THREE.WebGLRenderer: Error creating WebGL context.

[33m[39m[32m·[39m[33m[39m[32m·[39m[33m[39m[32m·[39m[33m[39m[32m·[39m[33m[39m[32m·[39m[33m[39m[32m·[39m[33m[39m[32m·[39m[33m[39m[32m·[39m[33m[39m[32m·[39m[33m[39m[32m·[39m[33m[39m[32m·[39m[33m[39m[32m·[39m[33m[39m[32m·[39m[33m[39m[32m·[39m[33m[39m[32m·[39m[33m[39m[32m·[39m[33m[39m[32m·[39m[33m[39m[32m·[39m[33m[39m[32m·[39m[33m[39m[32m·[39m[33m[39m[32m·[39m[33m[39m[32m·[39m[33m[39m[32m·[39m[33m[39m[32m·[39m[33m[39m[32m·[39m[33m[39m[32m·[39m[33m[39m[32m·[39m[33m[39m[32m·[39m[33m[39m[32m·[39m[33m[39m[32m·[39m[33m[39m[32m·[39m[33m[39m[32m·[39m[33m[39m[32m·[39m[33m[39m[32m·[39m[33m[39m[32m·[39m[33m[39m[32m·[39m[33m[39m[32m·[39m[33m[39m[31mx[39m[33m[39m[32m·[39m[33m[39m[32m·[39m[33m[39m[31mx[39m[33m[39m[32m·[39m[33m[39m[31mx[39m[33m[39m[32m·[39m[33m[39m[32m·[39m[33m[39m[32m·[39m[33m[39m[32m·[39m[33m[39m[31mx[39m[33m[39m[32m·[39m[33m[39m[31mx[39m[33m[39m[32m·[39m[33m[39m[32m·[39m[33m[39m[31mx[39m[33m[39m[32m·[39m[33m[39m[32m·[39m[33m[39m[32m·[39m[33m[39m[32m·[39m[33m[39m[32m·[39m[33m[39m[31mx[39m[33m[39m[32m·[39m[33m[39m[32m·[39m[33m[39m[32m·[39m[33m[39m[32m·[39m[33m[39m[32m·[39m[33m[39m[32m·[39m[33m[39m[32m·[39m[33m[39m[32m·[39m[33m[39m[32m·[39m[33m[39m[32m·[39m[33m[39m[32m·[39m[33m[39m[32m·[39m[33m[39m[32m·[39m[33m[39m[32m·[39m[33m[39m[32m·[39m[33m[39m[32m·[39m[33m[39m[32m·[39m[33m[39m[32m·[39m[33m[39m[32m·[39m[33m[39m[32m·[39m[33m[39m[32m·[39m[33m[39m[32m·[39m[33m[39m[32m·[39m[33m[39m[32m·[39m[33m[39m[32m·[39m[33m[39m[32m·[39m[33m[39m[32m·[39m[33m[39m[32m·[39m[33m[39m[32m·[39m[33m[39m[32m·[39m[33m[39m[32m·[39m[33m[39m[32m·[39m[33m[39m[32m·[39m[33m[39m[32m·[39m[33m[39m[32m·[39m[33m[39m[32m·[39m[33m[39m[32m·[39m[33m[39m[32m·[39m[33m[39m[32m·[39m[33m[39m[32m·[39m[33m[39m[32m·[39m[33m[39m[32m·[39m[33m[39m[32m·[39m[33m[39m[32m·[39m[33m[39m[32m·[39m[33m[39m[32m·[39m[33m[39m[32m·[39m[33m[39m[32m·[39m[33m[39m[32m·[39m[33m[39m[32m·[39m[33m[39m[32m·[39m[33m[39m[32m·[39m[33m[39m[32m·[39m[33m[39m[32m·[39m[33m[39m[32m·[39m[33m[39m[32m·[39m[33m[39m[32m·[39m[33m[39m[32m·[39m[33m[39m[32m·[39m[33m[39m[32m·[39m[33m[39m[32m·[39m[33m[39m[32m·[39m[33m[39m[32m·[39m[33m[39m[32m·[39m[33m[39m[32m·[39m[33m[39m[32m·[39m[33m[39m[32m·[39m[33m[39m[32m·[39m[33m[39m[32m·[39m[33m[39m[32m·[39m[33m[39m[32m·[39m[33m[39m[32m·[39m[33m[39m[32m·[39m[33m[39m[32m·[39m[33m[39m[32m·[39m[33m[39m[32m·[39m[33m[39m[32m·[39m[33m[39m[32m·[39m[33m[39m[32m·[39m[33m[39m[32m·[39m[33m[39m[32m·[39m[33m[39m[32m·[39m[33m[39m[32m·[39m[33m[39m[32m·[39m[33m[39m[32m·[39m[33m[39m[32m·[39m[33m[39m[32m·[39m[33m[39m[32m·[39m[33m[39m[32m·[39m[33m[39m[32m·[39m[33m[39m[32m·[39m[33m[39m[32m·[39m[33m[39m[32m·[39m[33m[39m[32m·[39m[33m[39m[32m·[39m[33m[39m[32m·[39m[33m[39m[32m·[39m[33m[39m[32m·[39m[33m[39m[32m·[39m

[31m⎯⎯⎯⎯⎯⎯⎯[39m[1m[41m Failed Tests 7 [49m[22m[31m⎯⎯⎯⎯⎯⎯⎯[39m

[41m[1m FAIL [22m[49m tests/e2e/desktop-linux-bridge-golden.test.ts[2m > [22mdesktop chrome document — the shell's chrome, unforked, plus two injections[2m > [22mreconciles each rarity presentation surface to accepted provenance
[31m[1mAssertionError[22m: expected [ …(4) ] to deep equally contain { …(2) }[39m

[32m- Expected:[39m
{
  "detail": {
    "invalidated": true,
    "namespaceDigest": "sha256:8888888888888888888888888888888888888888888888888888888888888888",
  },
  "type": "sceneaxi:desktop-rarity-proposal",
}

[31m+ Received:[39m
[
  CustomEvent {
    "AT_TARGET": 2,
    "BUBBLING_PHASE": 3,
    "CAPTURING_PHASE": 1,
    "NONE": 0,
    Symbol(composed): false,
    Symbol(bubbles): false,
    Symbol(cancelable): false,
    Symbol(defaultPrevented): false,
    Symbol(eventPhase): 0,
    Symbol(timeStamp): 6516.291544,
    Symbol(type): "sceneaxi:desktop-audio-invalidate",
    Symbol(dispatching): false,
    Symbol(immediatePropagationStopped): false,
    Symbol(propagationStopped): false,
    Symbol(target): HTMLDocument {
      Symbol(listeners): {
        "bubbling": Map {},
        "capturing": Map {},
      },
      Symbol(listenerOptions): {
        "bubbling": Map {},
        "capturing": Map {},
      },
      Symbol(isConnected): true,
      Symbol(parentNode): null,
      Symbol(rootNode): [Circular],
      Symbol(styleNode): null,
      Symbol(textAreaNode): null,
      Symbol(formNode): null,
      Symbol(selectNode): null,
      Symbol(mutationListeners): [],
      Symbol(nodeArray): [
        <html>
          <head />
          <body />
        </html>,
      ],
      Symbol(elementArray): [
        <html>
          <head />
          <body />
        </html>,
      ],
      Symbol(childNodes): null,
      Symbol(assignedToSlot): null,
      Symbol(cache): {
        "computedStyle": null,
        "elementById": Map {},
        "elementByTagName": Map {},
        "elementsByTagName": Map {},
        "elementsByTagNameNS": Map {},
        "matches": Map {},
        "querySelector": Map {},
        "querySelectorAll": Map {},
      },
      Symbol(affectsCache): [],
      Symbol(ownerDocument): null,
      Symbol(children): null,
      Symbol(activeElement): null,
      Symbol(nextActiveElement): null,
      Symbol(currentScript): null,
      Symbol(isFirstWrite): true,
      Symbol(isFirstWriteAfterOpen): false,
      Symbol(nodeType): 9,
      Symbol(adoptedStyleSheets): [],
      Symbol(implementation): DOMImplementation {},
      Symbol(readyState): "complete",
      Symbol(referrer): "",
      Symbol(defaultView): Window {
        "AbortController": [Function AbortController],
        "AbortSignal": [Function AbortSignal],
        "AnimationEvent": [Function AnimationEvent],
        "Array": [Function Array],
        "ArrayBuffer": [Function ArrayBuffer],
        "Attr": [Function Attr],
        "Audio": [Function Audio],
        "AudioProcessingEvent": [Function Event],
        "BeforeInputEvent": [Function Event],
        "BeforeUnloadEvent": [Function Event],
        "Blob": [Function Blob],
        "BlobEvent": [Function Event],
        "Boolean": [Function Boolean],
        "Buffer": [Function Buffer],
        "CSSConditionRule": [Function CSSConditionRule],
        "CSSContainerRule": [Function CSSContainerRule],
        "CSSFontFaceLoadEvent": [Function Event],
        "CSSFontFaceRule": [Function CSSFontFaceRule],
        "CSSGroupingRule": [Function CSSGroupingRule],
        "CSSKeyframeRule": [Function CSSKeyframeRule],
        "CSSKeyframesRule": [Function CSSKeyframesRule],
        "CSSKeywordValue": [Function CSSKeywordValue],
        "CSSMediaRule": [Function CSSMediaRule],
        "CSSRule": [Function CSSRule],
        "CSSScopeRule": [Function CSSScopeRule],
        "CSSStyleDeclaration": [Function CSSStyleDeclaration],
        "CSSStyleRule": [Function CSSStyleRule],
        "CSSStyleSheet": [Function CSSStyleSheet],
        "CSSStyleValue": [Function CSSStyleValue],
        "CSSSupportsRule": [Function CSSSupportsRule],
        "CSSUnitValue": [Function CSSUnitValue],
        "CanvasCaptureMediaStreamTrack": [Function CanvasCaptureMediaStreamTrack],
        "CharacterData": [Function CharacterData],
        "Clipboard": [Function Clipboard],
        "ClipboardEvent": [Function ClipboardEvent],
        "ClipboardItem": [Function ClipboardItem],
        "CloseEvent": [Function CloseEvent],
        "Comment": [Function Comment],
        "CompositionEvent": [Function Event],
        "CookieChangeEvent": [Function CookieChangeEvent],
        "CookieStore": [Function CookieStore],
        "CustomElementRegistry": [Function CustomElementRegistry],
        "CustomEvent": [Function CustomEvent],
        "DOMException": [Function DOMException],
        "DOMMatrix": [Function DOMMatrix],
        "DOMMatrixReadOnly": [Function DOMMatrixReadOnly],
        "DOMParser": [Function DOMParser],
        "DOMPoint": [Function DOMPoint],
        "DOMPointReadOnly": [Function DOMPointReadOnly],
        "DOMRect": [Function DOMRect],
        "DOMRectReadOnly": [Function DOMRectReadOnly],
        "DOMTransactionEvent": [Function Event],
        "DataTransfer": [Function DataTransfer],
        "DataTransferItem": [Function DataTransferItem],
        "DataTransferItemList": [Function DataTransferItemList],
        "DataView": [Function DataView],
        "Date": [Function Date],
        "DeviceLightEvent": [Function Event],
        "DeviceMotionEvent": [Function Event],
        "DeviceOrientationEvent": [Function Event],
        "DeviceProximityEvent": [Function Event],
        "Document": [Function Document],
        "DocumentFragment": [Function DocumentFragment],
        "DocumentType": [Function DocumentType],
        "DragEvent": [Function Event],
        "EditingBeforeInputEvent": [Function Event],
        "Element": [Function Element],
        "Error": [Function Error],
        "ErrorEvent": [Function ErrorEvent],
        "EvalError": [Function EvalError],
        "Event": [Function Event],
        "EventTarget": [Function EventTarget],
        "FetchEvent": [Function Event],
        "File": [Function File],
        "FileList": [Function FileList],
        "FileReader": [Function FileReader],
        "Float32Array": [Function Float32Array],
        "Float64Array": [Function Float64Array],
        "FocusEvent": [Function FocusEvent],
        "FormData": [Function FormData],
        "Function": [Function Function],
        "GLOBAL": undefined,
        "GamepadEvent": [Function Event],
        "HTMLAnchorElement": [Function HTMLAnchorElement],
        "HTMLAreaElement": [Function HTMLAreaElement],
        "HTMLAudioElement": [Function HTMLAudioElement],
        "HTMLBRElement": [Function HTMLBRElement],
        "HTMLBaseElement": [Function HTMLBaseElement],
        "HTMLBodyElement": [Function HTMLBodyElement],
        "HTMLButtonElement": [Function HTMLButtonElement],
        "HTMLCanvasElement": [Function HTMLCanvasElement],
        "HTMLCollection": [Function HTMLCollection],
        "HTMLDListElement": [Function HTMLDListElement],
        "HTMLDataElement": [Function HTMLDataElement],
        "HTMLDataListElement": [Function HTMLDataListElement],
        "HTMLDetailsElement": [Function HTMLDetailsElement],
        "HTMLDialogElement": [Function HTMLDialogElement],
        "HTMLDivElement": [Function HTMLDivElement],
        "HTMLDocument": [Function HTMLDocument],
        "HTMLElement": [Function HTMLElement],
        "HTMLEmbedElement": [Function HTMLEmbedElement],
        "HTMLFieldSetElement": [Function HTMLFieldSetElement],
        "HTMLFormControlCollection": [Function HTMLFormControlsCollection],
        "HTMLFormElement": [Function HTMLFormElement],
        "HTMLHRElement": [Function HTMLHRElement],
        "HTMLHeadElement": [Function HTMLHeadElement],
        "HTMLHeadingElement": [Function HTMLHeadingElement],
        "HTMLHtmlElement": [Function HTMLHtmlElement],
        "HTMLIFrameElement": [Function HTMLIFrameElement],
        "HTMLImageElement": [Function HTMLImageElement],
        "HTMLInputElement": [Function HTMLInputElement],
        "HTMLLIElement": [Function HTMLLIElement],
        "HTMLLabelElement": [Function HTMLLabelElement],
        "HTMLLegendElement": [Function HTMLLegendElement],
        "HTMLLinkElement": [Function HTMLLinkElement],
        "HTMLMapElement": [Function HTMLMapElement],
        "HTMLMediaElement": [Function HTMLMediaElement],
        "HTMLMenuElement": [Function HTMLMenuElement],
        "HTMLMetaElement": [Function HTMLMetaElement],
        "HTMLMeterElement": [Function HTMLMeterElement],
        "HTMLModElement": [Function HTMLModElement],
        "HTMLOListElement": [Function HTMLOListElement],
        "HTMLObjectElement": [Function HTMLObjectElement],
        "HTMLOptGroupElement": [Function HTMLOptGroupElement],
        "HTMLOptionElement": [Function HTMLOptionElement],
        "HTMLOptionsCollection": [Function HTMLOptionsCollection],
        "HTMLOutputElement": [Function HTMLOutputElement],
        "HTMLParagraphElement": [Function HTMLParagraphElement],
        "HTMLParamElement": [Function HTMLParamElement],
        "HTMLPictureElement": [Function HTMLPictureElement],
        "HTMLPreElement": [Function HTMLPreElement],
        "HTMLProgressElement": [Function HTMLProgressElement],
        "HTMLQuoteElement": [Function HTMLQuoteElement],
        "HTMLScriptElement": [Function HTMLScriptElement],
        "HTMLSelectElement": [Function HTMLSelectElement],
        "HTMLSlotElement": [Function HTMLSlotElement],
        "HTMLSourceElement": [Function HTMLSourceElement],
        "HTMLSpanElement": [Function HTMLSpanElement],
        "HTMLStyleElement": [Function HTMLStyleElement],
        "HTMLTableCaptionElement": [Function HTMLTableCaptionElement],
        "HTMLTableCellElement": [Function HTMLTableCellElement],
        "HTMLTableColElement": [Function HTMLTableColElement],
        "HTMLTableElement": [Function HTMLTableElement],
        "HTMLTableRowElement": [Function HTMLTableRowElement],
        "HTMLTableSectionElement": [Function HTMLTableSectionElement],
        "HTMLTemplateElement": [Function HTMLTemplateElement],
        "HTMLTextAreaElement": [Function HTMLTextAreaElement],
        "HTMLTimeElement": [Function HTMLTimeElement],
        "HTMLTitleElement": [Function HTMLTitleElement],
        "HTMLTrackElement": [Function HTMLTrackElement],
        "HTMLUListElement": [Function HTMLUListElement],
        "HTMLUnknownElement": [Function HTMLUnknownElement],
        "HTMLVideoElement": [Function HTMLVideoElement],
        "HashChangeEvent": [Function HashChangeEvent],
        "Headers": [Function Headers],
        "History": [Function History],
        "IDBVersionChangeEvent": [Function Event],
        "Image": [Function Image],
        "ImageBitmap": [Function ImageBitmap],
        "ImageData": [Function ImageData],
        "InputEvent": [Function InputEvent],
        "Int16Array": [Function Int16Array],
        "Int32Array": [Function Int32Array],
        "Int8Array": [Function Int8Array],
        "IntersectionObserver": [Function IntersectionObserver],
        "IntersectionObserverEntry": [Function IntersectionObserverEntry],
        "Intl": {},
        "JSON": {},
        "KeyboardEvent": [Function KeyboardEvent],
        "Location": [Function Location],
        "Map": [Function Map],
        "Math": {},
        "MediaList": [Function MediaList],
        "MediaQueryListEvent": [Function MediaQueryListEvent],
        "MediaStream": [Function MediaStream],
        "MediaStreamEvent": [Function Event],
        "MediaStreamTrack": [Function MediaStreamTrack],
        "MessageEvent": [Function MessageEvent],
        "MessagePort": [Function MessagePort],
        "MimeType": [Function MimeType],
        "MimeTypeArray": [Function MimeTypeArray],
        "MouseEvent": [Function MouseEvent],
        "MutationEvent": [Function Event],
        "MutationObserver": [Function MutationObserver],
        "MutationRecord": [Function MutationRecord],
        "NamedNodeMap": [Function NamedNodeMap],
        "Navigator": [Function Navigator],
        "Node": [Function Node],
        "NodeFilter": {
          "FILTER_ACCEPT": 1,
          "FILTER_REJECT": 2,
          "FILTER_SKIP": 3,
          "SHOW_ALL": -1,
          "SHOW_ATTRIBUTE": 2,
          "SHOW_CDATA_SECTION": 8,
          "SHOW_COMMENT": 128,
          "SHOW_DOCUMENT": 256,
          "SHOW_DOCUMENT_FRAGMENT": 1024,
          "SHOW_DOCUMENT_TYPE": 512,
          "SHOW_ELEMENT": 1,
          "SHOW_ENTITY": 32,
          "SHOW_ENTITY_REFERENCE": 16,
          "SHOW_NOTATION": 2048,
          "SHOW_PROCESSING_INSTRUCTION": 64,
          "SHOW_TEXT": 4,
        },
        "NodeIterator": [Function NodeIterator],
        "NodeList": [Function NodeList],
        "Number": [Function Number],
        "Object": [Function Object],
        "OfflineAudioCompletionEvent": [Function Event],
        "OffscreenCanvas": [Function OffscreenCanvas],
        "OverconstrainedError": [Function Event],
        "PageTransitionEvent": [Function Event],
        "PaymentRequestUpdateEvent": [Function Event],
        "PerformanceEntry": [Function PerformanceEntry],
        "PerformanceObserver": [Function PerformanceObserver],
        "PerformanceObserverEntryList": [Function PerformanceObserverEntryList],
        "PermissionStatus": [Function PermissionStatus],
        "Permissions": [Function Permissions],
        "Plugin": [Function Plugin],
        "PluginArray": [Function PluginArray],
        "PointerEvent": [Function PointerEvent],
        "PopStateEvent": [Function PopStateEvent],
        "ProcessingInstruction": [Function ProcessingInstruction],
        "ProgressEvent": [Function ProgressEvent],
        "Promise": [Function Promise],
        "RTCDataChannelEvent": [Function Event],
        "RTCIdentityErrorEvent": [Function Event],
        "RTCIdentityEvent": [Function Event],
        "RTCPeerConnectionIceEvent": [Function Event],
        "RadioNodeList": [Function RadioNodeList],
        "Range": [Function Range],
        "RangeError": [Function RangeError],
        "ReadableStream": [Function ReadableStream],
        "ReferenceError": [Function ReferenceError],
        "Reflect": {},
        "RegExp": [Function RegExp],
        "RelatedEvent": [Function Event],
        "RemotePlayback": [Function RemotePlayback],
        "Request": [Function Request],
        "ResizeObserver": [Function ResizeObserver],
        "Response": [Function Response],
        "SVGAngle": [Function SVGAngle],
        "SVGAnimateElement": [Function SVGAnimateElement],
        "SVGAnimateMotionElement": [Function SVGAnimateMotionElement],
        "SVGAnimateTransformElement": [Function SVGAnimateTransformElement],
        "SVGAnimatedAngle": [Function SVGAnimatedAngle],
        "SVGAnimatedBoolean": [Function SVGAnimatedBoolean],
        "SVGAnimatedEnumeration": [Function SVGAnimatedEnumeration],
        "SVGAnimatedInteger": [Function SVGAnimatedInteger],
        "SVGAnimatedLength": [Function SVGAnimatedLength],
        "SVGAnimatedLengthList": [Function SVGAnimatedLengthList],
        "SVGAnimatedNumber": [Function SVGAnimatedNumber],
        "SVGAnimatedNumberList": [Function SVGAnimatedNumberList],
        "SVGAnimatedPreserveAspectRatio": [Function SVGAnimatedPreserveAspectRatio],
        "SVGAnimatedRect": [Function SVGAnimatedRect],
        "SVGAnimatedString": [Function SVGAnimatedString],
        "SVGAnimatedTransformList": [Function SVGAnimatedTransformList],
        "SVGAnimationElement": [Function SVGAnimationElement],
        "SVGCircleElement": [Function SVGCircleElement],
        "SVGClipPathElement": [Function SVGClipPathElement],
        "SVGComponentTransferFunctionElement": [Function SVGComponentTransferFunctionElement],
        "SVGDefsElement": [Function SVGDefsElement],
        "SVGDescElement": [Function SVGDescElement],
        "SVGElement": [Function SVGElement],
        "SVGEllipseElement": [Function SVGEllipseElement],
        "SVGEvent": [Function Event],
        "SVGFEBlendElement": [Function SVGFEBlendElement],
        "SVGFEColorMatrixElement": [Function SVGFEColorMatrixElement],
        "SVGFEComponentTransferElement": [Function SVGFEComponentTransferElement],
        "SVGFECompositeElement": [Function SVGFECompositeElement],
        "SVGFEConvolveMatrixElement": [Function SVGFEConvolveMatrixElement],
        "SVGFEDiffuseLightingElement": [Function SVGFEDiffuseLightingElement],
        "SVGFEDisplacementMapElement": [Function SVGFEDisplacementMapElement],
        "SVGFEDistantLightElement": [Function SVGFEDistantLightElement],
        "SVGFEDropShadowElement": [Function SVGFEDropShadowElement],
        "SVGFEFloodElement": [Function SVGFEFloodElement],
        "SVGFEFuncAElement": [Function SVGFEFuncAElement],
        "SVGFEFuncBElement": [Function SVGFEFuncBElement],
        "SVGFEFuncGElement": [Function SVGFEFuncGElement],
        "SVGFEFuncRElement": [Function SVGFEFuncRElement],
        "SVGFEGaussianBlurElement": [Function SVGFEGaussianBlurElement],
        "SVGFEImageElement": [Function SVGFEImageElement],
        "SVGFEMergeElement": [Function SVGFEMergeElement],
        "SVGFEMergeNodeElement": [Function SVGFEMergeNodeElement],
        "SVGFEMorphologyElement": [Function SVGFEMorphologyElement],
        "SVGFEOffsetElement": [Function SVGFEOffsetElement],
        "SVGFEPointLightElement": [Function SVGFEPointLightElement],
        "SVGFESpecularLightingElement": [Function SVGFESpecularLightingElement],
        "SVGFESpotLightElement": [Function SVGFESpotLightElement],
        "SVGFETileElement": [Function SVGFETileElement],
        "SVGFETurbulenceElement": [Function SVGFETurbulenceElement],
        "SVGFilterElement": [Function SVGFilterElement],
        "SVGForeignObjectElement": [Function SVGForeignObjectElement],
        "SVGGElement": [Function SVGGElement],
        "SVGGeometryElement": [Function SVGGeometryElement],
        "SVGGradientElement": [Function SVGGradientElement],
        "SVGGraphicsElement": [Function SVGGraphicsElement],
        "SVGImageElement": [Function SVGImageElement],
        "SVGLength": [Function SVGLength],
        "SVGLengthList": [Function SVGLengthList],
        "SVGLineElement": [Function SVGLineElement],
        "SVGLinearGradientElement": [Function SVGLinearGradientElement],
        "SVGMPathElement": [Function SVGMPathElement],
        "SVGMarkerElement": [Function SVGMarkerElement],
        "SVGMaskElement": [Function SVGMaskElement],
        "SVGMatrix": [Function SVGMatrix],
        "SVGMetadataElement": [Function SVGMetadataElement],
        "SVGNumber": [Function SVGNumber],
        "SVGNumberList": [Function SVGNumberList],
        "SVGPathElement": [Function SVGPathElement],
        "SVGPatternElement": [Function SVGPatternElement],
        "SVGPoint": [Function SVGPoint],
        "SVGPointList": [Function SVGPointList],
        "SVGPolygonElement": [Function SVGPolygonElement],
        "SVGPolylineElement": [Function SVGPolylineElement],
        "SVGPreserveAspectRatio": [Function SVGPreserveAspectRatio],
        "SVGRadialGradientElement": [Function SVGRadialGradientElement],
        "SVGRect": [Function SVGRect],
        "SVGRectElement": [Function SVGRectElement],
        "SVGSVGElement": [Function SVGSVGElement],
        "SVGScriptElement": [Function SVGScriptElement],
        "SVGSetElement": [Function SVGSetElement],
        "SVGStopElement": [Function SVGStopElement],
        "SVGStringList": [Function SVGStringList],
        "SVGStyleElement": [Function SVGStyleElement],
        "SVGSwitchElement": [Function SVGSwitchElement],
        "SVGSymbolElement": [Function SVGSymbolElement],
        "SVGTSpanElement": [Function SVGTSpanElement],
        "SVGTextElement": [Function SVGTextElement],
        "SVGTextPathElement": [Function SVGTextPathElement],
        "SVGTextPositioningElement": [Function SVGTextPositioningElement],
        "SVGTitleElement": [Function SVGTitleElement],
        "SVGTransform": [Function SVGTransform],
        "SVGTransformList": [Function SVGTransformList],
        "SVGUnitTypes": [Function SVGUnitTypes],
        "SVGUseElement": [Function SVGUseElement],
        "SVGViewElement": [Function SVGViewElement],
        "SVGZoomEvent": [Function Event],
        "Screen": [Function Screen],
        "ScreenDetailed": [Function ScreenDetailed],
        "ScreenDetails": [Function ScreenDetails],
        "Selection": [Function Selection],
        "SensorEvent": [Function Event],
        "Set": [Function Set],
        "ShadowRoot": [Function ShadowRoot],
        "Storage": [Function Storage],
        "StorageEvent": [Function StorageEvent],
        "String": [Function String],
        "StylePropertyMap": [Function StylePropertyMap],
        "StylePropertyMapReadOnly": [Function StylePropertyMapReadOnly],
        "SubmitEvent": [Function SubmitEvent],
        "Symbol": [Function Symbol],
        "SyntaxError": [Function SyntaxError],
        "Text": [Function Text],
        "TextDecoder": [Function TextDecoder],
        "TextEncoder": [Function TextEncoder],
        "TextEvent": [Function Event],
        "TextTrack": [Function TextTrack],
        "TextTrackCue": [Function TextTrackCue],
        "TextTrackCueList": [Function TextTrackCueList],
        "TextTrackList": [Function TextTrackList],
        "TimeEvent": [Function Event],
        "TimeRanges": [Function TimeRanges],
        "Touch": [Function Touch],
        "TouchEvent": [Function TouchEvent],
        "TrackEvent": [Function Event],
        "TransformStream": [Function Transform],
        "TransitionEvent": [Function Event],
        "TreeWalker": [Function TreeWalker],
        "TypeError": [Function TypeError],
        "UIEvent": [Function UIEvent],
        "URIError": [Function URIError],
        "URL": [Function URL],
        "URLSearchParams": [Function URLSearchParams],
        "Uint16Array": [Function Uint16Array],
        "Uint32Array": [Function Uint32Array],
        "Uint8Array": [Function Uint8Array],
        "Uint8ClampedArray": [Function Uint8ClampedArray],
        "UserProximityEvent": [Function Event],
        "VTTCue": [Function VTTCue],
        "ValidityState": [Function ValidityState],
        "WeakMap": [Function WeakMap],
        "WeakSet": [Function WeakSet],
        "WebGLContextEvent": [Function Event],
        "WebSocket": [Function WebSocket],
        "WheelEvent": [Function WheelEvent],
        "Window": [Function Window],
        "WritableStream": [Function Writable],
        "XMLDocument": [Function XMLDocument],
        "XMLHttpRequest": [Function XMLHttpRequest],
        "XMLHttpRequestEventTarget": [Function XMLHttpRequestEventTarget],
        "XMLHttpRequestUpload": [Function XMLHttpRequestUpload],
        "XMLSerializer": [Function XMLSerializer],
        "closed": false,
        "console": VirtualConsole {},
        "crypto": Crypto {},
        "customElements": CustomElementRegistry {
          Symbol(registry): Map {},
          Symbol(classRegistry): Map {},
          Symbol(callbacks): Map {},
          Symbol(destroyed): false,
        },
        "decodeURI": [Function decodeURI],
        "decodeURIComponent": [Function decodeURIComponent],
        "document": [Circular],
        "encodeURI": [Function encodeURI],
        "encodeURIComponent": [Function encodeURIComponent],
        "escape": [Function escape],
        "eval": [Function eval],
        "global": undefined,
        "globalThis": [Circular],
        "happyDOM": DetachedWindowAPI {},
        "isFinite": [Function isFinite],
        "isNaN": [Function isNaN],
        "name": "",
        "parseFloat": [Function parseFloat],
        "parseInt": [Function parseInt],
        "performance": Performance {
          Symbol(kEvents): undefined,
          Symbol(events.maxEventTargetListeners): 10,
          Symbol(events.maxEventTargetListenersWarned): false,
          Symbol(kHandlers): undefined,
          Symbol(performance): true,
        },
        "root": undefined,
        "screenLeft": 0,
        "screenTop": 0,
        "screenX": 0,
        "screenY": 0,
        "unescape": [Function unescape],
        "window": [Circular],
        Symbol(listeners): {
          "bubbling": Map {},
          "capturing": Map {},
        },
        Symbol(listenerOptions): {
          "bubbling": Map {},
          "capturing": Map {},
        },
        Symbol(mutationObservers): [],
        Symbol(readyStateManager): DocumentReadyStateManager {},
        Symbol(location): Location {
          Symbol(Symbol.toStringTag): "Location",
        },
        Symbol(history): History {},
        Symbol(navigator): Navigator {},
        Symbol(screen): Screen {
          "availHeight": 768,
          "availWidth": 1024,
          "colorDepth": 24,
          "height": 768,
          "onchange": null,
          "pixelDepth": 24,
          "width": 1024,
          Symbol(listeners): {
            "bubbling": Map {},
            "capturing": Map {},
          },
          Symbol(listenerOptions): {
            "bubbling": Map {},
            "capturing": Map {},
          },
        },
        Symbol(sessionStorage): Storage {},
        Symbol(localStorage): Storage {},
        Symbol(cookieStore): CookieStore {
          Symbol(listeners): {
            "bubbling": Map {},
            "capturing": Map {},
          },
          Symbol(listenerOptions): {
            "bubbling": Map {},
            "capturing": Map {},
          },
        },
        Symbol(self): [Circular],
        Symbol(top): [Circular],
        Symbol(parent): [Circular],
        Symbol(window): [Circular],
        Symbol(frames): [Circular],
        Symbol(internalId): 14,
        Symbol(customElementReactionStack): CustomElementReactionStack {
          "window": [Circular],
        },
        Symbol(modules): {
          "css": Map {},
          "esm": Map {},
          "json": Map {},
        },
        Symbol(moduleImportMap): null,
        Symbol(openWebSockets): [],
        Symbol(propertyEventListeners): Map {},
        Symbol(querySelectorCache): Map {},
      },
      Symbol(forms): null,
      Symbol(affectsComputedStyleCache): [],
      Symbol(elementIdMap): Map {},
      Symbol(contentType): "text/html",
      Symbol(xmlProcessingInstruction): null,
      Symbol(preloads): Map {},
      Symbol(propertyEventListeners): Map {},
      Symbol(selection): null,
    },
    Symbol(currentTarget): null,
    Symbol(isInPassiveEventListener): false,
    Symbol(detail): {
      "profile": null,
    },
  },
  CustomEvent {
    "AT_TARGET": 2,
    "BUBBLING_PHASE": 3,
    "CAPTURING_PHASE": 1,
    "NONE": 0,
    Symbol(composed): false,
    Symbol(bubbles): false,
    Symbol(cancelable): false,
    Symbol(defaultPrevented): false,
    Symbol(eventPhase): 0,
    Symbol(timeStamp): 6516.925545,
    Symbol(type): "sceneaxi:desktop-audio-invalidate",
    Symbol(dispatching): false,
    Symbol(immediatePropagationStopped): false,
    Symbol(propagationStopped): false,
    Symbol(target): HTMLDocument {
      Symbol(listeners): {
        "bubbling": Map {},
        "capturing": Map {},
      },
      Symbol(listenerOptions): {
        "bubbling": Map {},
        "capturing": Map {},
      },
      Symbol(isConnected): true,
      Symbol(parentNode): null,
      Symbol(rootNode): [Circular],
      Symbol(styleNode): null,
      Symbol(textAreaNode): null,
      Symbol(formNode): null,
      Symbol(selectNode): null,
      Symbol(mutationListeners): [],
      Symbol(nodeArray): [
        <html>
          <head />
          <body />
        </html>,
      ],
      Symbol(elementArray): [
        <html>
          <head />
          <body />
        </html>,
      ],
      Symbol(childNodes): null,
      Symbol(assignedToSlot): null,
      Symbol(cache): {
        "computedStyle": null,
        "elementById": Map {},
        "elementByTagName": Map {},
        "elementsByTagName": Map {},
        "elementsByTagNameNS": Map {},
        "matches": Map {},
        "querySelector": Map {},
        "querySelectorAll": Map {},
      },
      Symbol(affectsCache): [],
      Symbol(ownerDocument): null,
      Symbol(children): null,
      Symbol(activeElement): null,
      Symbol(nextActiveElement): null,
      Symbol(currentScript): null,
      Symbol(isFirstWrite): true,
      Symbol(isFirstWriteAfterOpen): false,
      Symbol(nodeType): 9,
      Symbol(adoptedStyleSheets): [],
      Symbol(implementation): DOMImplementation {},
      Symbol(readyState): "complete",
      Symbol(referrer): "",
      Symbol(defaultView): Window {
        "AbortController": [Function AbortController],
        "AbortSignal": [Function AbortSignal],
        "AnimationEvent": [Function AnimationEvent],
        "Array": [Function Array],
        "ArrayBuffer": [Function ArrayBuffer],
        "Attr": [Function Attr],
        "Audio": [Function Audio],
        "AudioProcessingEvent": [Function Event],
        "BeforeInputEvent": [Function Event],
        "BeforeUnloadEvent": [Function Event],
        "Blob": [Function Blob],
        "BlobEvent": [Function Event],
        "Boolean": [Function Boolean],
        "Buffer": [Function Buffer],
        "CSSConditionRule": [Function CSSConditionRule],
        "CSSContainerRule": [Function CSSContainerRule],
        "CSSFontFaceLoadEvent": [Function Event],
        "CSSFontFaceRule": [Function CSSFontFaceRule],
        "CSSGroupingRule": [Function CSSGroupingRule],
        "CSSKeyframeRule": [Function CSSKeyframeRule],
        "CSSKeyframesRule": [Function CSSKeyframesRule],
        "CSSKeywordValue": [Function CSSKeywordValue],
        "CSSMediaRule": [Function CSSMediaRule],
        "CSSRule": [Function CSSRule],
        "CSSScopeRule": [Function CSSScopeRule],
        "CSSStyleDeclaration": [Function CSSStyleDeclaration],
        "CSSStyleRule": [Function CSSStyleRule],
        "CSSStyleSheet": [Function CSSStyleSheet],
        "CSSStyleValue": [Function CSSStyleValue],
        "CSSSupportsRule": [Function CSSSupportsRule],
        "CSSUnitValue": [Function CSSUnitValue],
        "CanvasCaptureMediaStreamTrack": [Function CanvasCaptureMediaStreamTrack],
        "CharacterData": [Function CharacterData],
        "Clipboard": [Function Clipboard],
        "ClipboardEvent": [Function ClipboardEvent],
        "ClipboardItem": [Function ClipboardItem],
        "CloseEvent": [Function CloseEvent],
        "Comment": [Function Comment],
        "CompositionEvent": [Function Event],
        "CookieChangeEvent": [Function CookieChangeEvent],
        "CookieStore": [Function CookieStore],
        "CustomElementRegistry": [Function CustomElementRegistry],
        "CustomEvent": [Function CustomEvent],
        "DOMException": [Function DOMException],
        "DOMMatrix": [Function DOMMatrix],
        "DOMMatrixReadOnly": [Function DOMMatrixReadOnly],
        "DOMParser": [Function DOMParser],
        "DOMPoint": [Function DOMPoint],
        "DOMPointReadOnly": [Function DOMPointReadOnly],
        "DOMRect": [Function DOMRect],
        "DOMRectReadOnly": [Function DOMRectReadOnly],
        "DOMTransactionEvent": [Function Event],
        "DataTransfer": [Function DataTransfer],
        "DataTransferItem": [Function DataTransferItem],
        "DataTransferItemList": [Function DataTransferItemList],
        "DataView": [Function DataView],
        "Date": [Function Date],
        "DeviceLightEvent": [Function Event],
        "DeviceMotionEvent": [Function Event],
        "DeviceOrientationEvent": [Function Event],
        "DeviceProximityEvent": [Function Event],
        "Document": [Function Document],
        "DocumentFragment": [Function DocumentFragment],
        "DocumentType": [Function DocumentType],
        "DragEvent": [Function Event],
        "EditingBeforeInputEvent": [Function Event],
        "Element": [Function Element],
        "Error": [Function Error],
        "ErrorEvent": [Function ErrorEvent],
        "EvalError": [Function EvalError],
        "Event": [Function Event],
        "EventTarget": [Function EventTarget],
        "FetchEvent": [Function Event],
        "File": [Function File],
        "FileList": [Function FileList],
        "FileReader": [Function FileReader],
        "Float32Array": [Function Float32Array],
        "Float64Array": [Function Float64Array],
        "FocusEvent": [Function FocusEvent],
        "FormData": [Function FormData],
        "Function": [Function Function],
        "GLOBAL": undefined,
        "GamepadEvent": [Function Event],
        "HTMLAnchorElement": [Function HTMLAnchorElement],
        "HTMLAreaElement": [Function HTMLAreaElement],
        "HTMLAudioElement": [Function HTMLAudioElement],
        "HTMLBRElement": [Function HTMLBRElement],
        "HTMLBaseElement": [Function HTMLBaseElement],
        "HTMLBodyElement": [Function HTMLBodyElement],
        "HTMLButtonElement": [Function HTMLButtonElement],
        "HTMLCanvasElement": [Function HTMLCanvasElement],
        "HTMLCollection": [Function HTMLCollection],
        "HTMLDListElement": [Function HTMLDListElement],
        "HTMLDataElement": [Function HTMLDataElement],
        "HTMLDataListElement": [Function HTMLDataListElement],
        "HTMLDetailsElement": [Function HTMLDetailsElement],
        "HTMLDialogElement": [Function HTMLDialogElement],
        "HTMLDivElement": [Function HTMLDivElement],
        "HTMLDocument": [Function HTMLDocument],
        "HTMLElement": [Function HTMLElement],
        "HTMLEmbedElement": [Function HTMLEmbedElement],
        "HTMLFieldSetElement": [Function HTMLFieldSetElement],
        "HTMLFormControlCollection": [Function HTMLFormControlsCollection],
        "HTMLFormElement": [Function HTMLFormElement],
        "HTMLHRElement": [Function HTMLHRElement],
        "HTMLHeadElement": [Function HTMLHeadElement],
        "HTMLHeadingElement": [Function HTMLHeadingElement],
        "HTMLHtmlElement": [Function HTMLHtmlElement],
        "HTMLIFrameElement": [Function HTMLIFrameElement],
        "HTMLImageElement": [Function HTMLImageElement],
        "HTMLInputElement": [Function HTMLInputElement],
        "HTMLLIElement": [Function HTMLLIElement],
        "HTMLLabelElement": [Function HTMLLabelElement],
        "HTMLLegendElement": [Function HTMLLegendElement],
        "HTMLLinkElement": [Function HTMLLinkElement],
        "HTMLMapElement": [Function HTMLMapElement],
        "HTMLMediaElement": [Function HTMLMediaElement],
        "HTMLMenuElement": [Function HTMLMenuElement],
        "HTMLMetaElement": [Function HTMLMetaElement],
        "HTMLMeterElement": [Function HTMLMeterElement],
        "HTMLModElement": [Function HTMLModElement],
        "HTMLOListElement": [Function HTMLOListElement],
        "HTMLObjectElement": [Function HTMLObjectElement],
        "HTMLOptGroupElement": [Function HTMLOptGroupElement],
        "HTMLOptionElement": [Function HTMLOptionElement],
        "HTMLOptionsCollection": [Function HTMLOptionsCollection],
        "HTMLOutputElement": [Function HTMLOutputElement],
        "HTMLParagraphElement": [Function HTMLParagraphElement],
        "HTMLParamElement": [Function HTMLParamElement],
        "HTMLPictureElement": [Function HTMLPictureElement],
        "HTMLPreElement": [Function HTMLPreElement],
        "HTMLProgressElement": [Function HTMLProgressElement],
        "HTMLQuoteElement": [Function HTMLQuoteElement],
        "HTMLScriptElement": [Function HTMLScriptElement],
        "HTMLSelectElement": [Function HTMLSelectElement],
        "HTMLSlotElement": [Function HTMLSlotElement],
        "HTMLSourceElement": [Function HTMLSourceElement],
        "HTMLSpanElement": [Function HTMLSpanElement],
        "HTMLStyleElement": [Function HTMLStyleElement],
        "HTMLTableCaptionElement": [Function HTMLTableCaptionElement],
        "HTMLTableCellElement": [Function HTMLTableCellElement],
        "HTMLTableColElement": [Function HTMLTableColElement],
        "HTMLTableElement": [Function HTMLTableElement],
        "HTMLTableRowElement": [Function HTMLTableRowElement],
        "HTMLTableSectionElement": [Function HTMLTableSectionElement],
        "HTMLTemplateElement": [Function HTMLTemplateElement],
        "HTMLTextAreaElement": [Function HTMLTextAreaElement],
        "HTMLTimeElement": [Function HTMLTimeElement],
        "HTMLTitleElement": [Function HTMLTitleElement],
        "HTMLTrackElement": [Function HTMLTrackElement],
        "HTMLUListElement": [Function HTMLUListElement],
        "HTMLUnknownElement": [Function HTMLUnknownElement],
        "HTMLVideoElement": [Function HTMLVideoElement],
        "HashChangeEvent": [Function HashChangeEvent],
        "Headers": [Function Headers],
        "History": [Function History],
        "IDBVersionChangeEvent": [Function Event],
        "Image": [Function Image],
        "ImageBitmap": [Function ImageBitmap],
        "ImageData": [Function ImageData],
        "InputEvent": [Function InputEvent],
        "Int16Array": [Function Int16Array],
        "Int32Array": [Function Int32Array],
        "Int8Array": [Function Int8Array],
        "IntersectionObserver": [Function IntersectionObserver],
        "IntersectionObserverEntry": [Function IntersectionObserverEntry],
        "Intl": {},
        "JSON": {},
        "KeyboardEvent": [Function KeyboardEvent],
        "Location": [Function Location],
        "Map": [Function Map],
        "Math": {},
        "MediaList": [Function MediaList],
        "MediaQueryListEvent": [Function MediaQueryListEvent],
        "MediaStream": [Function MediaStream],
        "MediaStreamEvent": [Function Event],
        "MediaStreamTrack": [Function MediaStreamTrack],
        "MessageEvent": [Function MessageEvent],
        "MessagePort": [Function MessagePort],
        "MimeType": [Function MimeType],
        "MimeTypeArray": [Function MimeTypeArray],
        "MouseEvent": [Function MouseEvent],
        "MutationEvent": [Function Event],
        "MutationObserver": [Function MutationObserver],
        "MutationRecord": [Function MutationRecord],
        "NamedNodeMap": [Function NamedNodeMap],
        "Navigator": [Function Navigator],
        "Node": [Function Node],
        "NodeFilter": {
          "FILTER_ACCEPT": 1,
          "FILTER_REJECT": 2,
          "FILTER_SKIP": 3,
          "SHOW_ALL": -1,
          "SHOW_ATTRIBUTE": 2,
          "SHOW_CDATA_SECTION": 8,
          "SHOW_COMMENT": 128,
          "SHOW_DOCUMENT": 256,
          "SHOW_DOCUMENT_FRAGMENT": 1024,
          "SHOW_DOCUMENT_TYPE": 512,
          "SHOW_ELEMENT": 1,
          "SHOW_ENTITY": 32,
          "SHOW_ENTITY_REFERENCE": 16,
          "SHOW_NOTATION": 2048,
          "SHOW_PROCESSING_INSTRUCTION": 64,
          "SHOW_TEXT": 4,
        },
        "NodeIterator": [Function NodeIterator],
        "NodeList": [Function NodeList],
        "Number": [Function Number],
        "Object": [Function Object],
        "OfflineAudioCompletionEvent": [Function Event],
        "OffscreenCanvas": [Function OffscreenCanvas],
        "OverconstrainedError": [Function Event],
        "PageTransitionEvent": [Function Event],
        "PaymentRequestUpdateEvent": [Function Event],
        "PerformanceEntry": [Function PerformanceEntry],
        "PerformanceObserver": [Function PerformanceObserver],
        "PerformanceObserverEntryList": [Function PerformanceObserverEntryList],
        "PermissionStatus": [Function PermissionStatus],
        "Permissions": [Function Permissions],
        "Plugin": [Function Plugin],
        "PluginArray": [Function PluginArray],
        "PointerEvent": [Function PointerEvent],
        "PopStateEvent": [Function PopStateEvent],
        "ProcessingInstruction": [Function ProcessingInstruction],
        "ProgressEvent": [Function ProgressEvent],
        "Promise": [Function Promise],
        "RTCDataChannelEvent": [Function Event],
        "RTCIdentityErrorEvent": [Function Event],
        "RTCIdentityEvent": [Function Event],
        "RTCPeerConnectionIceEvent": [Function Event],
        "RadioNodeList": [Function RadioNodeList],
        "Range": [Function Range],
        "RangeError": [Function RangeError],
        "ReadableStream": [Function ReadableStream],
        "ReferenceError": [Function ReferenceError],
        "Reflect": {},
        "RegExp": [Function RegExp],
        "RelatedEvent": [Function Event],
        "RemotePlayback": [Function RemotePlayback],
        "Request": [Function Request],
        "ResizeObserver": [Function ResizeObserver],
        "Response": [Function Response],
        "SVGAngle": [Function SVGAngle],
        "SVGAnimateElement": [Function SVGAnimateElement],
        "SVGAnimateMotionElement": [Function SVGAnimateMotionElement],
        "SVGAnimateTransformElement": [Function SVGAnimateTransformElement],
        "SVGAnimatedAngle": [Function SVGAnimatedAngle],
        "SVGAnimatedBoolean": [Function SVGAnimatedBoolean],
        "SVGAnimatedEnumeration": [Function SVGAnimatedEnumeration],
        "SVGAnimatedInteger": [Function SVGAnimatedInteger],
        "SVGAnimatedLength": [Function SVGAnimatedLength],
        "SVGAnimatedLengthList": [Function SVGAnimatedLengthList],
        "SVGAnimatedNumber": [Function SVGAnimatedNumber],
        "SVGAnimatedNumberList": [Function SVGAnimatedNumberList],
        "SVGAnimatedPreserveAspectRatio": [Function SVGAnimatedPreserveAspectRatio],
        "SVGAnimatedRect": [Function SVGAnimatedRect],
        "SVGAnimatedString": [Function SVGAnimatedString],
        "SVGAnimatedTransformList": [Function SVGAnimatedTransformList],
        "SVGAnimationElement": [Function SVGAnimationElement],
        "SVGCircleElement": [Function SVGCircleElement],
        "SVGClipPathElement": [Function SVGClipPathElement],
        "SVGComponentTransferFunctionElement": [Function SVGComponentTransferFunctionElement],
        "SVGDefsElement": [Function SVGDefsElement],
        "SVGDescElement": [Function SVGDescElement],
        "SVGElement": [Function SVGElement],
        "SVGEllipseElement": [Function SVGEllipseElement],
        "SVGEvent": [Function Event],
        "SVGFEBlendElement": [Function SVGFEBlendElement],
        "SVGFEColorMatrixElement": [Function SVGFEColorMatrixElement],
        "SVGFEComponentTransferElement": [Function SVGFEComponentTransferElement],
        "SVGFECompositeElement": [Function SVGFECompositeElement],
        "SVGFEConvolveMatrixElement": [Function SVGFEConvolveMatrixElement],
        "SVGFEDiffuseLightingElement": [Function SVGFEDiffuseLightingElement],
        "SVGFEDisplacementMapElement": [Function SVGFEDisplacementMapElement],
        "SVGFEDistantLightElement": [Function SVGFEDistantLightElement],
        "SVGFEDropShadowElement": [Function SVGFEDropShadowElement],
        "SVGFEFloodElement": [Function SVGFEFloodElement],
        "SVGFEFuncAElement": [Function SVGFEFuncAElement],
        "SVGFEFuncBElement": [Function SVGFEFuncBElement],
        "SVGFEFuncGElement": [Function SVGFEFuncGElement],
        "SVGFEFuncRElement": [Function SVGFEFuncRElement],
        "SVGFEGaussianBlurElement": [Function SVGFEGaussianBlurElement],
        "SVGFEImageElement": [Function SVGFEImageElement],
        "SVGFEMergeElement": [Function SVGFEMergeElement],
        "SVGFEMergeNodeElement": [Function SVGFEMergeNodeElement],
        "SVGFEMorphologyElement": [Function SVGFEMorphologyElement],
        "SVGFEOffsetElement": [Function SVGFEOffsetElement],
        "SVGFEPointLightElement": [Function SVGFEPointLightElement],
        "SVGFESpecularLightingElement": [Function SVGFESpecularLightingElement],
        "SVGFESpotLightElement": [Function SVGFESpotLightElement],
        "SVGFETileElement": [Function SVGFETileElement],
        "SVGFETurbulenceElement": [Function SVGFETurbulenceElement],
        "SVGFilterElement": [Function SVGFilterElement],
        "SVGForeignObjectElement": [Function SVGForeignObjectElement],
        "SVGGElement": [Function SVGGElement],
        "SVGGeometryElement": [Function SVGGeometryElement],
        "SVGGradientElement": [Function SVGGradientElement],
        "SVGGraphicsElement": [Function SVGGraphicsElement],
        "SVGImageElement": [Function SVGImageElement],
        "SVGLength": [Function SVGLength],
        "SVGLengthList": [Function SVGLengthList],
        "SVGLineElement": [Function SVGLineElement],
        "SVGLinearGradientElement": [Function SVGLinearGradientElement],
        "SVGMPathElement": [Function SVGMPathElement],
        "SVGMarkerElement": [Function SVGMarkerElement],
        "SVGMaskElement": [Function SVGMaskElement],
        "SVGMatrix": [Function SVGMatrix],
        "SVGMetadataElement": [Function SVGMetadataElement],
        "SVGNumber": [Function SVGNumber],
        "SVGNumberList": [Function SVGNumberList],
        "SVGPathElement": [Function SVGPathElement],
        "SVGPatternElement": [Function SVGPatternElement],
        "SVGPoint": [Function SVGPoint],
        "SVGPointList": [Function SVGPointList],
        "SVGPolygonElement": [Function SVGPolygonElement],
        "SVGPolylineElement": [Function SVGPolylineElement],
        "SVGPreserveAspectRatio": [Function SVGPreserveAspectRatio],
        "SVGRadialGradientElement": [Function SVGRadialGradientElement],
        "SVGRect": [Function SVGRect],
        "SVGRectElement": [Function SVGRectElement],
        "SVGSVGElement": [Function SVGSVGElement],
        "SVGScriptElement": [Function SVGScriptElement],
        "SVGSetElement": [Function SVGSetElement],
        "SVGStopElement": [Function SVGStopElement],
        "SVGStringList": [Function SVGStringList],
        "SVGStyleElement": [Function SVGStyleElement],
        "SVGSwitchElement": [Function SVGSwitchElement],
        "SVGSymbolElement": [Function SVGSymbolElement],
        "SVGTSpanElement": [Function SVGTSpanElement],
        "SVGTextElement": [Function SVGTextElement],
        "SVGTextPathElement": [Function SVGTextPathElement],
        "SVGTextPositioningElement": [Function SVGTextPositioningElement],
        "SVGTitleElement": [Function SVGTitleElement],
        "SVGTransform": [Function SVGTransform],
        "SVGTransformList": [Function SVGTransformList],
        "SVGUnitTypes": [Function SVGUnitTypes],
        "SVGUseElement": [Function SVGUseElement],
        "SVGViewElement": [Function SVGViewElement],
        "SVGZoomEvent": [Function Event],
        "Screen": [Function Screen],
        "ScreenDetailed": [Function ScreenDetailed],
        "ScreenDetails": [Function ScreenDetails],
        "Selection": [Function Selection],
        "SensorEvent": [Function Event],
        "Set": [Function Set],
        "ShadowRoot": [Function ShadowRoot],
        "Storage": [Function Storage],
        "StorageEvent": [Function StorageEvent],
        "String": [Function String],
        "StylePropertyMap": [Function StylePropertyMap],
        "StylePropertyMapReadOnly": [Function StylePropertyMapReadOnly],
        "SubmitEvent": [Function SubmitEvent],
        "Symbol": [Function Symbol],
        "SyntaxError": [Function SyntaxError],
        "Text": [Function Text],
        "TextDecoder": [Function TextDecoder],
        "TextEncoder": [Function TextEncoder],
        "TextEvent": [Function Event],
        "TextTrack": [Function TextTrack],
        "TextTrackCue": [Function TextTrackCue],
        "TextTrackCueList": [Function TextTrackCueList],
        "TextTrackList": [Function TextTrackList],
        "TimeEvent": [Function Event],
        "TimeRanges": [Function TimeRanges],
        "Touch": [Function Touch],
        "TouchEvent": [Function TouchEvent],
        "TrackEvent": [Function Event],
        "TransformStream": [Function Transform],
        "TransitionEvent": [Function Event],
        "TreeWalker": [Function TreeWalker],
        "TypeError": [Function TypeError],
        "UIEvent": [Function UIEvent],
        "URIError": [Function URIError],
        "URL": [Function URL],
        "URLSearchParams": [Function URLSearchParams],
        "Uint16Array": [Function Uint16Array],
        "Uint32Array": [Function Uint32Array],
        "Uint8Array": [Function Uint8Array],
        "Uint8ClampedArray": [Function Uint8ClampedArray],
        "UserProximityEvent": [Function Event],
        "VTTCue": [Function VTTCue],
        "ValidityState": [Function ValidityState],
        "WeakMap": [Function WeakMap],
        "WeakSet": [Function WeakSet],
        "WebGLContextEvent": [Function Event],
        "WebSocket": [Function WebSocket],
        "WheelEvent": [Function WheelEvent],
        "Window": [Function Window],
        "WritableStream": [Function Writable],
        "XMLDocument": [Function XMLDocument],
        "XMLHttpRequest": [Function XMLHttpRequest],
        "XMLHttpRequestEventTarget": [Function XMLHttpRequestEventTarget],
        "XMLHttpRequestUpload": [Function XMLHttpRequestUpload],
        "XMLSerializer": [Function XMLSerializer],
        "closed": false,
        "console": VirtualConsole {},
        "crypto": Crypto {},
        "customElements": CustomElementRegistry {
          Symbol(registry): Map {},
          Symbol(classRegistry): Map {},
          Symbol(callbacks): Map {},
          Symbol(destroyed): false,
        },
        "decodeURI": [Function decodeURI],
        "decodeURIComponent": [Function decodeURIComponent],
        "document": [Circular],
        "encodeURI": [Function encodeURI],
        "encodeURIComponent": [Function encodeURIComponent],
        "escape": [Function escape],
        "eval": [Function eval],
        "global": undefined,
        "globalThis": [Circular],
        "happyDOM": DetachedWindowAPI {},
        "isFinite": [Function isFinite],
        "isNaN": [Function isNaN],
        "name": "",
        "parseFloat": [Function parseFloat],
        "parseInt": [Function parseInt],
        "performance": Performance {
          Symbol(kEvents): undefined,
          Symbol(events.maxEventTargetListeners): 10,
          Symbol(events.maxEventTargetListenersWarned): false,
          Symbol(kHandlers): undefined,
          Symbol(performance): true,
        },
        "root": undefined,
        "screenLeft": 0,
        "screenTop": 0,
        "screenX": 0,
        "screenY": 0,
        "unescape": [Function unescape],
        "window": [Circular],
        Symbol(listeners): {
          "bubbling": Map {},
          "capturing": Map {},
        },
        Symbol(listenerOptions): {
          "bubbling": Map {},
          "capturing": Map {},
        },
        Symbol(mutationObservers): [],
        Symbol(readyStateManager): DocumentReadyStateManager {},
        Symbol(location): Location {
          Symbol(Symbol.toStringTag): "Location",
        },
        Symbol(history): History {},
        Symbol(navigator): Navigator {},
        Symbol(screen): Screen {
          "availHeight": 768,
          "availWidth": 1024,
          "colorDepth": 24,
          "height": 768,
          "onchange": null,
          "pixelDepth": 24,
          "width": 1024,
          Symbol(listeners): {
            "bubbling": Map {},
            "capturing": Map {},
          },
          Symbol(listenerOptions): {
            "bubbling": Map {},
            "capturing": Map {},
          },
        },
        Symbol(sessionStorage): Storage {},
        Symbol(localStorage): Storage {},
        Symbol(cookieStore): CookieStore {
          Symbol(listeners): {
            "bubbling": Map {},
            "capturing": Map {},
          },
          Symbol(listenerOptions): {
            "bubbling": Map {},
            "capturing": Map {},
          },
        },
        Symbol(self): [Circular],
        Symbol(top): [Circular],
        Symbol(parent): [Circular],
        Symbol(window): [Circular],
        Symbol(frames): [Circular],
        Symbol(internalId): 14,
        Symbol(customElementReactionStack): CustomElementReactionStack {
          "window": [Circular],
        },
        Symbol(modules): {
          "css": Map {},
          "esm": Map {},
          "json": Map {},
        },
        Symbol(moduleImportMap): null,
        Symbol(openWebSockets): [],
        Symbol(propertyEventListeners): Map {},
        Symbol(querySelectorCache): Map {},
      },
      Symbol(forms): null,
      Symbol(affectsComputedStyleCache): [],
      Symbol(elementIdMap): Map {},
      Symbol(contentType): "text/html",
      Symbol(xmlProcessingInstruction): null,
      Symbol(preloads): Map {},
      Symbol(propertyEventListeners): Map {},
      Symbol(selection): null,
    },
    Symbol(currentTarget): null,
    Symbol(isInPassiveEventListener): false,
    Symbol(detail): {
      "profile": null,
    },
  },
  CustomEvent {
    "AT_TARGET": 2,
    "BUBBLING_PHASE": 3,
    "CAPTURING_PHASE": 1,
    "NONE": 0,
    Symbol(composed): false,
    Symbol(bubbles): false,
    Symbol(cancelable): false,
    Symbol(defaultPrevented): false,
    Symbol(eventPhase): 0,
    Symbol(timeStamp): 6517.244474,
    Symbol(type): "sceneaxi:desktop-rarity-proposal",
    Symbol(dispatching): false,
    Symbol(immediatePropagationStopped): false,
    Symbol(propagationStopped): false,
    Symbol(target): HTMLDocument {
      Symbol(listeners): {
        "bubbling": Map {},
        "capturing": Map {},
      },
      Symbol(listenerOptions): {
        "bubbling": Map {},
        "capturing": Map {},
      },
      Symbol(isConnected): true,
      Symbol(parentNode): null,
      Symbol(rootNode): [Circular],
      Symbol(styleNode): null,
      Symbol(textAreaNode): null,
      Symbol(formNode): null,
      Symbol(selectNode): null,
      Symbol(mutationListeners): [],
      Symbol(nodeArray): [
        <html>
          <head />
          <body />
        </html>,
      ],
      Symbol(elementArray): [
        <html>
          <head />
          <body />
        </html>,
      ],
      Symbol(childNodes): null,
      Symbol(assignedToSlot): null,
      Symbol(cache): {
        "computedStyle": null,
        "elementById": Map {},
        "elementByTagName": Map {},
        "elementsByTagName": Map {},
        "elementsByTagNameNS": Map {},
        "matches": Map {},
        "querySelector": Map {},
        "querySelectorAll": Map {},
      },
      Symbol(affectsCache): [],
      Symbol(ownerDocument): null,
      Symbol(children): null,
      Symbol(activeElement): null,
      Symbol(nextActiveElement): null,
      Symbol(currentScript): null,
      Symbol(isFirstWrite): true,
      Symbol(isFirstWriteAfterOpen): false,
      Symbol(nodeType): 9,
      Symbol(adoptedStyleSheets): [],
      Symbol(implementation): DOMImplementation {},
      Symbol(readyState): "complete",
      Symbol(referrer): "",
      Symbol(defaultView): Window {
        "AbortController": [Function AbortController],
        "AbortSignal": [Function AbortSignal],
        "AnimationEvent": [Function AnimationEvent],
        "Array": [Function Array],
        "ArrayBuffer": [Function ArrayBuffer],
        "Attr": [Function Attr],
        "Audio": [Function Audio],
        "AudioProcessingEvent": [Function Event],
        "BeforeInputEvent": [Function Event],
        "BeforeUnloadEvent": [Function Event],
        "Blob": [Function Blob],
        "BlobEvent": [Function Event],
        "Boolean": [Function Boolean],
        "Buffer": [Function Buffer],
        "CSSConditionRule": [Function CSSConditionRule],
        "CSSContainerRule": [Function CSSContainerRule],
        "CSSFontFaceLoadEvent": [Function Event],
        "CSSFontFaceRule": [Function CSSFontFaceRule],
        "CSSGroupingRule": [Function CSSGroupingRule],
        "CSSKeyframeRule": [Function CSSKeyframeRule],
        "CSSKeyframesRule": [Function CSSKeyframesRule],
        "CSSKeywordValue": [Function CSSKeywordValue],
        "CSSMediaRule": [Function CSSMediaRule],
        "CSSRule": [Function CSSRule],
        "CSSScopeRule": [Function CSSScopeRule],
        "CSSStyleDeclaration": [Function CSSStyleDeclaration],
        "CSSStyleRule": [Function CSSStyleRule],
        "CSSStyleSheet": [Function CSSStyleSheet],
        "CSSStyleValue": [Function CSSStyleValue],
        "CSSSupportsRule": [Function CSSSupportsRule],
        "CSSUnitValue": [Function CSSUnitValue],
        "CanvasCaptureMediaStreamTrack": [Function CanvasCaptureMediaStreamTrack],
        "CharacterData": [Function CharacterData],
        "Clipboard": [Function Clipboard],
        "ClipboardEvent": [Function ClipboardEvent],
        "ClipboardItem": [Function ClipboardItem],
        "CloseEvent": [Function CloseEvent],
        "Comment": [Function Comment],
        "CompositionEvent": [Function Event],
        "CookieChangeEvent": [Function CookieChangeEvent],
        "CookieStore": [Function CookieStore],
        "CustomElementRegistry": [Function CustomElementRegistry],
        "CustomEvent": [Function CustomEvent],
        "DOMException": [Function DOMException],
        "DOMMatrix": [Function DOMMatrix],
        "DOMMatrixReadOnly": [Function DOMMatrixReadOnly],
        "DOMParser": [Function DOMParser],
        "DOMPoint": [Function DOMPoint],
        "DOMPointReadOnly": [Function DOMPointReadOnly],
        "DOMRect": [Function DOMRect],
        "DOMRectReadOnly": [Function DOMRectReadOnly],
        "DOMTransactionEvent": [Function Event],
        "DataTransfer": [Function DataTransfer],
        "DataTransferItem": [Function DataTransferItem],
        "DataTransferItemList": [Function DataTransferItemList],
        "DataView": [Function DataView],
        "Date": [Function Date],
        "DeviceLightEvent": [Function Event],
        "DeviceMotionEvent": [Function Event],
        "DeviceOrientationEvent": [Function Event],
        "DeviceProximityEvent": [Function Event],
        "Document": [Function Document],
        "DocumentFragment": [Function DocumentFragment],
        "DocumentType": [Function DocumentType],
        "DragEvent": [Function Event],
        "EditingBeforeInputEvent": [Function Event],
        "Element": [Function Element],
        "Error": [Function Error],
        "ErrorEvent": [Function ErrorEvent],
        "EvalError": [Function EvalError],
        "Event": [Function Event],
        "EventTarget": [Function EventTarget],
        "FetchEvent": [Function Event],
        "File": [Function File],
        "FileList": [Function FileList],
        "FileReader": [Function FileReader],
        "Float32Array": [Function Float32Array],
        "Float64Array": [Function Float64Array],
        "FocusEvent": [Function FocusEvent],
        "FormData": [Function FormData],
        "Function": [Function Function],
        "GLOBAL": undefined,
        "GamepadEvent": [Function Event],
        "HTMLAnchorElement": [Function HTMLAnchorElement],
        "HTMLAreaElement": [Function HTMLAreaElement],
        "HTMLAudioElement": [Function HTMLAudioElement],
        "HTMLBRElement": [Function HTMLBRElement],
        "HTMLBaseElement": [Function HTMLBaseElement],
        "HTMLBodyElement": [Function HTMLBodyElement],
        "HTMLButtonElement": [Function HTMLButtonElement],
        "HTMLCanvasElement": [Function HTMLCanvasElement],
        "HTMLCollection": [Function HTMLCollection],
        "HTMLDListElement": [Function HTMLDListElement],
        "HTMLDataElement": [Function HTMLDataElement],
        "HTMLDataListElement": [Function HTMLDataListElement],
        "HTMLDetailsElement": [Function HTMLDetailsElement],
        "HTMLDialogElement": [Function HTMLDialogElement],
        "HTMLDivElement": [Function HTMLDivElement],
        "HTMLDocument": [Function HTMLDocument],
        "HTMLElement": [Function HTMLElement],
        "HTMLEmbedElement": [Function HTMLEmbedElement],
        "HTMLFieldSetElement": [Function HTMLFieldSetElement],
        "HTMLFormControlCollection": [Function HTMLFormControlsCollection],
        "HTMLFormElement": [Function HTMLFormElement],
        "HTMLHRElement": [Function HTMLHRElement],
        "HTMLHeadElement": [Function HTMLHeadElement],
        "HTMLHeadingElement": [Function HTMLHeadingElement],
        "HTMLHtmlElement": [Function HTMLHtmlElement],
        "HTMLIFrameElement": [Function HTMLIFrameElement],
        "HTMLImageElement": [Function HTMLImageElement],
        "HTMLInputElement": [Function HTMLInputElement],
        "HTMLLIElement": [Function HTMLLIElement],
        "HTMLLabelElement": [Function HTMLLabelElement],
        "HTMLLegendElement": [Function HTMLLegendElement],
        "HTMLLinkElement": [Function HTMLLinkElement],
        "HTMLMapElement": [Function HTMLMapElement],
        "HTMLMediaElement": [Function HTMLMediaElement],
        "HTMLMenuElement": [Function HTMLMenuElement],
        "HTMLMetaElement": [Function HTMLMetaElement],
        "HTMLMeterElement": [Function HTMLMeterElement],
        "HTMLModElement": [Function HTMLModElement],
        "HTMLOListElement": [Function HTMLOListElement],
        "HTMLObjectElement": [Function HTMLObjectElement],
        "HTMLOptGroupElement": [Function HTMLOptGroupElement],
        "HTMLOptionElement": [Function HTMLOptionElement],
        "HTMLOptionsCollection": [Function HTMLOptionsCollection],
        "HTMLOutputElement": [Function HTMLOutputElement],
        "HTMLParagraphElement": [Function HTMLParagraphElement],
        "HTMLParamElement": [Function HTMLParamElement],
        "HTMLPictureElement": [Function HTMLPictureElement],
        "HTMLPreElement": [Function HTMLPreElement],
        "HTMLProgressElement": [Function HTMLProgressElement],
        "HTMLQuoteElement": [Function HTMLQuoteElement],
        "HTMLScriptElement": [Function HTMLScriptElement],
        "HTMLSelectElement": [Function HTMLSelectElement],
        "HTMLSlotElement": [Function HTMLSlotElement],
        "HTMLSourceElement": [Function HTMLSourceElement],
        "HTMLSpanElement": [Function HTMLSpanElement],
        "HTMLStyleElement": [Function HTMLStyleElement],
        "HTMLTableCaptionElement": [Function HTMLTableCaptionElement],
        "HTMLTableCellElement": [Function HTMLTableCellElement],
        "HTMLTableColElement": [Function HTMLTableColElement],
        "HTMLTableElement": [Function HTMLTableElement],
        "HTMLTableRowElement": [Function HTMLTableRowElement],
        "HTMLTableSectionElement": [Function HTMLTableSectionElement],
        "HTMLTemplateElement": [Function HTMLTemplateElement],
        "HTMLTextAreaElement": [Function HTMLTextAreaElement],
        "HTMLTimeElement": [Function HTMLTimeElement],
        "HTMLTitleElement": [Function HTMLTitleElement],
        "HTMLTrackElement": [Function HTMLTrackElement],
        "HTMLUListElement": [Function HTMLUListElement],
        "HTMLUnknownElement": [Function HTMLUnknownElement],
        "HTMLVideoElement": [Function HTMLVideoElement],
        "HashChangeEvent": [Function HashChangeEvent],
        "Headers": [Function Headers],
        "History": [Function History],
        "IDBVersionChangeEvent": [Function Event],
        "Image": [Function Image],
        "ImageBitmap": [Function ImageBitmap],
        "ImageData": [Function ImageData],
        "InputEvent": [Function InputEvent],
        "Int16Array": [Function Int16Array],
        "Int32Array": [Function Int32Array],
        "Int8Array": [Function Int8Array],
        "IntersectionObserver": [Function IntersectionObserver],
        "IntersectionObserverEntry": [Function IntersectionObserverEntry],
        "Intl": {},
        "JSON": {},
        "KeyboardEvent": [Function KeyboardEvent],
        "Location": [Function Location],
        "Map": [Function Map],
        "Math": {},
        "MediaList": [Function MediaList],
        "MediaQueryListEvent": [Function MediaQueryListEvent],
        "MediaStream": [Function MediaStream],
        "MediaStreamEvent": [Function Event],
        "MediaStreamTrack": [Function MediaStreamTrack],
        "MessageEvent": [Function MessageEvent],
        "MessagePort": [Function MessagePort],
        "MimeType": [Function MimeType],
        "MimeTypeArray": [Function MimeTypeArray],
        "MouseEvent": [Function MouseEvent],
        "MutationEvent": [Function Event],
        "MutationObserver": [Function MutationObserver],
        "MutationRecord": [Function MutationRecord],
        "NamedNodeMap": [Function NamedNodeMap],
        "Navigator": [Function Navigator],
        "Node": [Function Node],
        "NodeFilter": {
          "FILTER_ACCEPT": 1,
          "FILTER_REJECT": 2,
          "FILTER_SKIP": 3,
          "SHOW_ALL": -1,
          "SHOW_ATTRIBUTE": 2,
          "SHOW_CDATA_SECTION": 8,
          "SHOW_COMMENT": 128,
          "SHOW_DOCUMENT": 256,
          "SHOW_DOCUMENT_FRAGMENT": 1024,
          "SHOW_DOCUMENT_TYPE": 512,
          "SHOW_ELEMENT": 1,
          "SHOW_ENTITY": 32,
          "SHOW_ENTITY_REFERENCE": 16,
          "SHOW_NOTATION": 2048,
          "SHOW_PROCESSING_INSTRUCTION": 64,
          "SHOW_TEXT": 4,
        },
        "NodeIterator": [Function NodeIterator],
        "NodeList": [Function NodeList],
        "Number": [Function Number],
        "Object": [Function Object],
        "OfflineAudioCompletionEvent": [Function Event],
        "OffscreenCanvas": [Function OffscreenCanvas],
        "OverconstrainedError": [Function Event],
        "PageTransitionEvent": [Function Event],
        "PaymentRequestUpdateEvent": [Function Event],
        "PerformanceEntry": [Function PerformanceEntry],
        "PerformanceObserver": [Function PerformanceObserver],
        "PerformanceObserverEntryList": [Function PerformanceObserverEntryList],
        "PermissionStatus": [Function PermissionStatus],
        "Permissions": [Function Permissions],
        "Plugin": [Function Plugin],
        "PluginArray": [Function PluginArray],
        "PointerEvent": [Function PointerEvent],
        "PopStateEvent": [Function PopStateEvent],
        "ProcessingInstruction": [Function ProcessingInstruction],
        "ProgressEvent": [Function ProgressEvent],
        "Promise": [Function Promise],
        "RTCDataChannelEvent": [Function Event],
        "RTCIdentityErrorEvent": [Function Event],
        "RTCIdentityEvent": [Function Event],
        "RTCPeerConnectionIceEvent": [Function Event],
        "RadioNodeList": [Function RadioNodeList],
        "Range": [Function Range],
        "RangeError": [Function RangeError],
        "ReadableStream": [Function ReadableStream],
        "ReferenceError": [Function ReferenceError],
        "Reflect": {},
        "RegExp": [Function RegExp],
        "RelatedEvent": [Function Event],
        "RemotePlayback": [Function RemotePlayback],
        "Request": [Function Request],
        "ResizeObserver": [Function ResizeObserver],
        "Response": [Function Response],
        "SVGAngle": [Function SVGAngle],
        "SVGAnimateElement": [Function SVGAnimateElement],
        "SVGAnimateMotionElement": [Function SVGAnimateMotionElement],
        "SVGAnimateTransformElement": [Function SVGAnimateTransformElement],
        "SVGAnimatedAngle": [Function SVGAnimatedAngle],
        "SVGAnimatedBoolean": [Function SVGAnimatedBoolean],
        "SVGAnimatedEnumeration": [Function SVGAnimatedEnumeration],
        "SVGAnimatedInteger": [Function SVGAnimatedInteger],
        "SVGAnimatedLength": [Function SVGAnimatedLength],
        "SVGAnimatedLengthList": [Function SVGAnimatedLengthList],
        "SVGAnimatedNumber": [Function SVGAnimatedNumber],
        "SVGAnimatedNumberList": [Function SVGAnimatedNumberList],
        "SVGAnimatedPreserveAspectRatio": [Function SVGAnimatedPreserveAspectRatio],
        "SVGAnimatedRect": [Function SVGAnimatedRect],
        "SVGAnimatedString": [Function SVGAnimatedString],
        "SVGAnimatedTransformList": [Function SVGAnimatedTransformList],
        "SVGAnimationElement": [Function SVGAnimationElement],
        "SVGCircleElement": [Function SVGCircleElement],
        "SVGClipPathElement": [Function SVGClipPathElement],
        "SVGComponentTransferFunctionElement": [Function SVGComponentTransferFunctionElement],
        "SVGDefsElement": [Function SVGDefsElement],
        "SVGDescElement": [Function SVGDescElement],
        "SVGElement": [Function SVGElement],
        "SVGEllipseElement": [Function SVGEllipseElement],
        "SVGEvent": [Function Event],
        "SVGFEBlendElement": [Function SVGFEBlendElement],
        "SVGFEColorMatrixElement": [Function SVGFEColorMatrixElement],
        "SVGFEComponentTransferElement": [Function SVGFEComponentTransferElement],
        "SVGFECompositeElement": [Function SVGFECompositeElement],
        "SVGFEConvolveMatrixElement": [Function SVGFEConvolveMatrixElement],
        "SVGFEDiffuseLightingElement": [Function SVGFEDiffuseLightingElement],
        "SVGFEDisplacementMapElement": [Function SVGFEDisplacementMapElement],
        "SVGFEDistantLightElement": [Function SVGFEDistantLightElement],
        "SVGFEDropShadowElement": [Function SVGFEDropShadowElement],
        "SVGFEFloodElement": [Function SVGFEFloodElement],
        "SVGFEFuncAElement": [Function SVGFEFuncAElement],
        "SVGFEFuncBElement": [Function SVGFEFuncBElement],
        "SVGFEFuncGElement": [Function SVGFEFuncGElement],
        "SVGFEFuncRElement": [Function SVGFEFuncRElement],
        "SVGFEGaussianBlurElement": [Function SVGFEGaussianBlurElement],
        "SVGFEImageElement": [Function SVGFEImageElement],
        "SVGFEMergeElement": [Function SVGFEMergeElement],
        "SVGFEMergeNodeElement": [Function SVGFEMergeNodeElement],
        "SVGFEMorphologyElement": [Function SVGFEMorphologyElement],
        "SVGFEOffsetElement": [Function SVGFEOffsetElement],
        "SVGFEPointLightElement": [Function SVGFEPointLightElement],
        "SVGFESpecularLightingElement": [Function SVGFESpecularLightingElement],
        "SVGFESpotLightElement": [Function SVGFESpotLightElement],
        "SVGFETileElement": [Function SVGFETileElement],
        "SVGFETurbulenceElement": [Function SVGFETurbulenceElement],
        "SVGFilterElement": [Function SVGFilterElement],
        "SVGForeignObjectElement": [Function SVGForeignObjectElement],
        "SVGGElement": [Function SVGGElement],
        "SVGGeometryElement": [Function SVGGeometryElement],
        "SVGGradientElement": [Function SVGGradientElement],
        "SVGGraphicsElement": [Function SVGGraphicsElement],
        "SVGImageElement": [Function SVGImageElement],
        "SVGLength": [Function SVGLength],
        "SVGLengthList": [Function SVGLengthList],
        "SVGLineElement": [Function SVGLineElement],
        "SVGLinearGradientElement": [Function SVGLinearGradientElement],
        "SVGMPathElement": [Function SVGMPathElement],
        "SVGMarkerElement": [Function SVGMarkerElement],
        "SVGMaskElement": [Function SVGMaskElement],
        "SVGMatrix": [Function SVGMatrix],
        "SVGMetadataElement": [Function SVGMetadataElement],
        "SVGNumber": [Function SVGNumber],
        "SVGNumberList": [Function SVGNumberList],
        "SVGPathElement": [Function SVGPathElement],
        "SVGPatternElement": [Function SVGPatternElement],
        "SVGPoint": [Function SVGPoint],
        "SVGPointList": [Function SVGPointList],
        "SVGPolygonElement": [Function SVGPolygonElement],
        "SVGPolylineElement": [Function SVGPolylineElement],
        "SVGPreserveAspectRatio": [Function SVGPreserveAspectRatio],
        "SVGRadialGradientElement": [Function SVGRadialGradientElement],
        "SVGRect": [Function SVGRect],
        "SVGRectElement": [Function SVGRectElement],
        "SVGSVGElement": [Function SVGSVGElement],
        "SVGScriptElement": [Function SVGScriptElement],
        "SVGSetElement": [Function SVGSetElement],
        "SVGStopElement": [Function SVGStopElement],
        "SVGStringList": [Function SVGStringList],
        "SVGStyleElement": [Function SVGStyleElement],
        "SVGSwitchElement": [Function SVGSwitchElement],
        "SVGSymbolElement": [Function SVGSymbolElement],
        "SVGTSpanElement": [Function SVGTSpanElement],
        "SVGTextElement": [Function SVGTextElement],
        "SVGTextPathElement": [Function SVGTextPathElement],
        "SVGTextPositioningElement": [Function SVGTextPositioningElement],
        "SVGTitleElement": [Function SVGTitleElement],
        "SVGTransform": [Function SVGTransform],
        "SVGTransformList": [Function SVGTransformList],
        "SVGUnitTypes": [Function SVGUnitTypes],
        "SVGUseElement": [Function SVGUseElement],
        "SVGViewElement": [Function SVGViewElement],
        "SVGZoomEvent": [Function Event],
        "Screen": [Function Screen],
        "ScreenDetailed": [Function ScreenDetailed],
        "ScreenDetails": [Function ScreenDetails],
        "Selection": [Function Selection],
        "SensorEvent": [Function Event],
        "Set": [Function Set],
        "ShadowRoot": [Function ShadowRoot],
        "Storage": [Function Storage],
        "StorageEvent": [Function StorageEvent],
        "String": [Function String],
        "StylePropertyMap": [Function StylePropertyMap],
        "StylePropertyMapReadOnly": [Function StylePropertyMapReadOnly],
        "SubmitEvent": [Function SubmitEvent],
        "Symbol": [Function Symbol],
        "SyntaxError": [Function SyntaxError],
        "Text": [Function Text],
        "TextDecoder": [Function TextDecoder],
        "TextEncoder": [Function TextEncoder],
        "TextEvent": [Function Event],
        "TextTrack": [Function TextTrack],
        "TextTrackCue": [Function TextTrackCue],
        "TextTrackCueList": [Function TextTrackCueList],
        "TextTrackList": [Function TextTrackList],
        "TimeEvent": [Function Event],
        "TimeRanges": [Function TimeRanges],
        "Touch": [Function Touch],
        "TouchEvent": [Function TouchEvent],
        "TrackEvent": [Function Event],
        "TransformStream": [Function Transform],
        "TransitionEvent": [Function Event],
        "TreeWalker": [Function TreeWalker],
        "TypeError": [Function TypeError],
        "UIEvent": [Function UIEvent],
        "URIError": [Function URIError],
        "URL": [Function URL],
        "URLSearchParams": [Function URLSearchParams],
        "Uint16Array": [Function Uint16Array],
        "Uint32Array": [Function Uint32Array],
        "Uint8Array": [Function Uint8Array],
        "Uint8ClampedArray": [Function Uint8ClampedArray],
        "UserProximityEvent": [Function Event],
        "VTTCue": [Function VTTCue],
        "ValidityState": [Function ValidityState],
        "WeakMap": [Function WeakMap],
        "WeakSet": [Function WeakSet],
        "WebGLContextEvent": [Function Event],
        "WebSocket": [Function WebSocket],
        "WheelEvent": [Function WheelEvent],
        "Window": [Function Window],
        "WritableStream": [Function Writable],
        "XMLDocument": [Function XMLDocument],
        "XMLHttpRequest": [Function XMLHttpRequest],
        "XMLHttpRequestEventTarget": [Function XMLHttpRequestEventTarget],
        "XMLHttpRequestUpload": [Function XMLHttpRequestUpload],
        "XMLSerializer": [Function XMLSerializer],
        "closed": false,
        "console": VirtualConsole {},
        "crypto": Crypto {},
        "customElements": CustomElementRegistry {
          Symbol(registry): Map {},
          Symbol(classRegistry): Map {},
          Symbol(callbacks): Map {},
          Symbol(destroyed): false,
        },
        "decodeURI": [Function decodeURI],
        "decodeURIComponent": [Function decodeURIComponent],
        "document": [Circular],
        "encodeURI": [Function encodeURI],
        "encodeURIComponent": [Function encodeURIComponent],
        "escape": [Function escape],
        "eval": [Function eval],
        "global": undefined,
        "globalThis": [Circular],
        "happyDOM": DetachedWindowAPI {},
        "isFinite": [Function isFinite],
        "isNaN": [Function isNaN],
        "name": "",
        "parseFloat": [Function parseFloat],
        "parseInt": [Function parseInt],
        "performance": Performance {
          Symbol(kEvents): undefined,
          Symbol(events.maxEventTargetListeners): 10,
          Symbol(events.maxEventTargetListenersWarned): false,
          Symbol(kHandlers): undefined,
          Symbol(performance): true,
        },
        "root": undefined,
        "screenLeft": 0,
        "screenTop": 0,
        "screenX": 0,
        "screenY": 0,
        "unescape": [Function unescape],
        "window": [Circular],
        Symbol(listeners): {
          "bubbling": Map {},
          "capturing": Map {},
        },
        Symbol(listenerOptions): {
          "bubbling": Map {},
          "capturing": Map {},
        },
        Symbol(mutationObservers): [],
        Symbol(readyStateManager): DocumentReadyStateManager {},
        Symbol(location): Location {
          Symbol(Symbol.toStringTag): "Location",
        },
        Symbol(history): History {},
        Symbol(navigator): Navigator {},
        Symbol(screen): Screen {
          "availHeight": 768,
          "availWidth": 1024,
          "colorDepth": 24,
          "height": 768,
          "onchange": null,
          "pixelDepth": 24,
          "width": 1024,
          Symbol(listeners): {
            "bubbling": Map {},
            "capturing": Map {},
          },
          Symbol(listenerOptions): {
            "bubbling": Map {},
            "capturing": Map {},
          },
        },
        Symbol(sessionStorage): Storage {},
        Symbol(localStorage): Storage {},
        Symbol(cookieStore): CookieStore {
          Symbol(listeners): {
            "bubbling": Map {},
            "capturing": Map {},
          },
          Symbol(listenerOptions): {
            "bubbling": Map {},
            "capturing": Map {},
          },
        },
        Symbol(self): [Circular],
        Symbol(top): [Circular],
        Symbol(parent): [Circular],
        Symbol(window): [Circular],
        Symbol(frames): [Circular],
        Symbol(internalId): 14,
        Symbol(customElementReactionStack): CustomElementReactionStack {
          "window": [Circular],
        },
        Symbol(modules): {
          "css": Map {},
          "esm": Map {},
          "json": Map {},
        },
        Symbol(moduleImportMap): null,
        Symbol(openWebSockets): [],
        Symbol(propertyEventListeners): Map {},
        Symbol(querySelectorCache): Map {},
      },
      Symbol(forms): null,
      Symbol(affectsComputedStyleCache): [],
      Symbol(elementIdMap): Map {},
      Symbol(contentType): "text/html",
      Symbol(xmlProcessingInstruction): null,
      Symbol(preloads): Map {},
      Symbol(propertyEventListeners): Map {},
      Symbol(selection): null,
    },
    Symbol(currentTarget): null,
    Symbol(isInPassiveEventListener): false,
    Symbol(detail): {
      "invalidated": true,
      "namespaceDigest": "sha256:8888888888888888888888888888888888888888888888888888888888888888",
    },
  },
  CustomEvent {
    "AT_TARGET": 2,
    "BUBBLING_PHASE": 3,
    "CAPTURING_PHASE": 1,
    "NONE": 0,
    Symbol(composed): false,
    Symbol(bubbles): false,
    Symbol(cancelable): false,
    Symbol(defaultPrevented): false,
    Symbol(eventPhase): 0,
    Symbol(timeStamp): 6517.379395,
    Symbol(type): "sceneaxi:desktop-audio-invalidate",
    Symbol(dispatching): false,
    Symbol(immediatePropagationStopped): false,
    Symbol(propagationStopped): false,
    Symbol(target): HTMLDocument {
      Symbol(listeners): {
        "bubbling": Map {},
        "capturing": Map {},
      },
      Symbol(listenerOptions): {
        "bubbling": Map {},
        "capturing": Map {},
      },
      Symbol(isConnected): true,
      Symbol(parentNode): null,
      Symbol(rootNode): [Circular],
      Symbol(styleNode): null,
      Symbol(textAreaNode): null,
      Symbol(formNode): null,
      Symbol(selectNode): null,
      Symbol(mutationListeners): [],
      Symbol(nodeArray): [
        <html>
          <head />
          <body />
        </html>,
      ],
      Symbol(elementArray): [
        <html>
          <head />
          <body />
        </html>,
      ],
      Symbol(childNodes): null,
      Symbol(assignedToSlot): null,
      Symbol(cache): {
        "computedStyle": null,
        "elementById": Map {},
        "elementByTagName": Map {},
        "elementsByTagName": Map {},
        "elementsByTagNameNS": Map {},
        "matches": Map {},
        "querySelector": Map {},
        "querySelectorAll": Map {},
      },
      Symbol(affectsCache): [],
      Symbol(ownerDocument): null,
      Symbol(children): null,
      Symbol(activeElement): null,
      Symbol(nextActiveElement): null,
      Symbol(currentScript): null,
      Symbol(isFirstWrite): true,
      Symbol(isFirstWriteAfterOpen): false,
      Symbol(nodeType): 9,
      Symbol(adoptedStyleSheets): [],
      Symbol(implementation): DOMImplementation {},
      Symbol(readyState): "complete",
      Symbol(referrer): "",
      Symbol(defaultView): Window {
        "AbortController": [Function AbortController],
        "AbortSignal": [Function AbortSignal],
        "AnimationEvent": [Function AnimationEvent],
        "Array": [Function Array],
        "ArrayBuffer": [Function ArrayBuffer],
        "Attr": [Function Attr],
        "Audio": [Function Audio],
        "AudioProcessingEvent": [Function Event],
        "BeforeInputEvent": [Function Event],
        "BeforeUnloadEvent": [Function Event],
        "Blob": [Function Blob],
        "BlobEvent": [Function Event],
        "Boolean": [Function Boolean],
        "Buffer": [Function Buffer],
        "CSSConditionRule": [Function CSSConditionRule],
        "CSSContainerRule": [Function CSSContainerRule],
        "CSSFontFaceLoadEvent": [Function Event],
        "CSSFontFaceRule": [Function CSSFontFaceRule],
        "CSSGroupingRule": [Function CSSGroupingRule],
        "CSSKeyframeRule": [Function CSSKeyframeRule],
        "CSSKeyframesRule": [Function CSSKeyframesRule],
        "CSSKeywordValue": [Function CSSKeywordValue],
        "CSSMediaRule": [Function CSSMediaRule],
        "CSSRule": [Function CSSRule],
        "CSSScopeRule": [Function CSSScopeRule],
        "CSSStyleDeclaration": [Function CSSStyleDeclaration],
        "CSSStyleRule": [Function CSSStyleRule],
        "CSSStyleSheet": [Function CSSStyleSheet],
        "CSSStyleValue": [Function CSSStyleValue],
        "CSSSupportsRule": [Function CSSSupportsRule],
        "CSSUnitValue": [Function CSSUnitValue],
        "CanvasCaptureMediaStreamTrack": [Function CanvasCaptureMediaStreamTrack],
        "CharacterData": [Function CharacterData],
        "Clipboard": [Function Clipboard],
        "ClipboardEvent": [Function ClipboardEvent],
        "ClipboardItem": [Function ClipboardItem],
        "CloseEvent": [Function CloseEvent],
        "Comment": [Function Comment],
        "CompositionEvent": [Function Event],
        "CookieChangeEvent": [Function CookieChangeEvent],
        "CookieStore": [Function CookieStore],
        "CustomElementRegistry": [Function CustomElementRegistry],
        "CustomEvent": [Function CustomEvent],
        "DOMException": [Function DOMException],
        "DOMMatrix": [Function DOMMatrix],
        "DOMMatrixReadOnly": [Function DOMMatrixReadOnly],
        "DOMParser": [Function DOMParser],
        "DOMPoint": [Function DOMPoint],
        "DOMPointReadOnly": [Function DOMPointReadOnly],
        "DOMRect": [Function DOMRect],
        "DOMRectReadOnly": [Function DOMRectReadOnly],
        "DOMTransactionEvent": [Function Event],
        "DataTransfer": [Function DataTransfer],
        "DataTransferItem": [Function DataTransferItem],
        "DataTransferItemList": [Function DataTransferItemList],
        "DataView": [Function DataView],
        "Date": [Function Date],
        "DeviceLightEvent": [Function Event],
        "DeviceMotionEvent": [Function Event],
        "DeviceOrientationEvent": [Function Event],
        "DeviceProximityEvent": [Function Event],
        "Document": [Function Document],
        "DocumentFragment": [Function DocumentFragment],
        "DocumentType": [Function DocumentType],
        "DragEvent": [Function Event],
        "EditingBeforeInputEvent": [Function Event],
        "Element": [Function Element],
        "Error": [Function Error],
        "ErrorEvent": [Function ErrorEvent],
        "EvalError": [Function EvalError],
        "Event": [Function Event],
        "EventTarget": [Function EventTarget],
        "FetchEvent": [Function Event],
        "File": [Function File],
        "FileList": [Function FileList],
        "FileReader": [Function FileReader],
        "Float32Array": [Function Float32Array],
        "Float64Array": [Function Float64Array],
        "FocusEvent": [Function FocusEvent],
        "FormData": [Function FormData],
        "Function": [Function Function],
        "GLOBAL": undefined,
        "GamepadEvent": [Function Event],
        "HTMLAnchorElement": [Function HTMLAnchorElement],
        "HTMLAreaElement": [Function HTMLAreaElement],
        "HTMLAudioElement": [Function HTMLAudioElement],
        "HTMLBRElement": [Function HTMLBRElement],
        "HTMLBaseElement": [Function HTMLBaseElement],
        "HTMLBodyElement": [Function HTMLBodyElement],
        "HTMLButtonElement": [Function HTMLButtonElement],
        "HTMLCanvasElement": [Function HTMLCanvasElement],
        "HTMLCollection": [Function HTMLCollection],
        "HTMLDListElement": [Function HTMLDListElement],
        "HTMLDataElement": [Function HTMLDataElement],
        "HTMLDataListElement": [Function HTMLDataListElement],
        "HTMLDetailsElement": [Function HTMLDetailsElement],
        "HTMLDialogElement": [Function HTMLDialogElement],
        "HTMLDivElement": [Function HTMLDivElement],
        "HTMLDocument": [Function HTMLDocument],
        "HTMLElement": [Function HTMLElement],
        "HTMLEmbedElement": [Function HTMLEmbedElement],
        "HTMLFieldSetElement": [Function HTMLFieldSetElement],
        "HTMLFormControlCollection": [Function HTMLFormControlsCollection],
        "HTMLFormElement": [Function HTMLFormElement],
        "HTMLHRElement": [Function HTMLHRElement],
        "HTMLHeadElement": [Function HTMLHeadElement],
        "HTMLHeadingElement": [Function HTMLHeadingElement],
        "HTMLHtmlElement": [Function HTMLHtmlElement],
        "HTMLIFrameElement": [Function HTMLIFrameElement],
        "HTMLImageElement": [Function HTMLImageElement],
        "HTMLInputElement": [Function HTMLInputElement],
        "HTMLLIElement": [Function HTMLLIElement],
        "HTMLLabelElement": [Function HTMLLabelElement],
        "HTMLLegendElement": [Function HTMLLegendElement],
        "HTMLLinkElement": [Function HTMLLinkElement],
        "HTMLMapElement": [Function HTMLMapElement],
        "HTMLMediaElement": [Function HTMLMediaElement],
        "HTMLMenuElement": [Function HTMLMenuElement],
        "HTMLMetaElement": [Function HTMLMetaElement],
        "HTMLMeterElement": [Function HTMLMeterElement],
        "HTMLModElement": [Function HTMLModElement],
        "HTMLOListElement": [Function HTMLOListElement],
        "HTMLObjectElement": [Function HTMLObjectElement],
        "HTMLOptGroupElement": [Function HTMLOptGroupElement],
        "HTMLOptionElement": [Function HTMLOptionElement],
        "HTMLOptionsCollection": [Function HTMLOptionsCollection],
        "HTMLOutputElement": [Function HTMLOutputElement],
        "HTMLParagraphElement": [Function HTMLParagraphElement],
        "HTMLParamElement": [Function HTMLParamElement],
        "HTMLPictureElement": [Function HTMLPictureElement],
        "HTMLPreElement": [Function HTMLPreElement],
        "HTMLProgressElement": [Function HTMLProgressElement],
        "HTMLQuoteElement": [Function HTMLQuoteElement],
        "HTMLScriptElement": [Function HTMLScriptElement],
        "HTMLSelectElement": [Function HTMLSelectElement],
        "HTMLSlotElement": [Function HTMLSlotElement],
        "HTMLSourceElement": [Function HTMLSourceElement],
        "HTMLSpanElement": [Function HTMLSpanElement],
        "HTMLStyleElement": [Function HTMLStyleElement],
        "HTMLTableCaptionElement": [Function HTMLTableCaptionElement],
        "HTMLTableCellElement": [Function HTMLTableCellElement],
        "HTMLTableColElement": [Function HTMLTableColElement],
        "HTMLTableElement": [Function HTMLTableElement],
        "HTMLTableRowElement": [Function HTMLTableRowElement],
        "HTMLTableSectionElement": [Function HTMLTableSectionElement],
        "HTMLTemplateElement": [Function HTMLTemplateElement],
        "HTMLTextAreaElement": [Function HTMLTextAreaElement],
        "HTMLTimeElement": [Function HTMLTimeElement],
        "HTMLTitleElement": [Function HTMLTitleElement],
        "HTMLTrackElement": [Function HTMLTrackElement],
        "HTMLUListElement": [Function HTMLUListElement],
        "HTMLUnknownElement": [Function HTMLUnknownElement],
        "HTMLVideoElement": [Function HTMLVideoElement],
        "HashChangeEvent": [Function HashChangeEvent],
        "Headers": [Function Headers],
        "History": [Function History],
        "IDBVersionChangeEvent": [Function Event],
        "Image": [Function Image],
        "ImageBitmap": [Function ImageBitmap],
        "ImageData": [Function ImageData],
        "InputEvent": [Function InputEvent],
        "Int16Array": [Function Int16Array],
        "Int32Array": [Function Int32Array],
        "Int8Array": [Function Int8Array],
        "IntersectionObserver": [Function IntersectionObserver],
        "IntersectionObserverEntry": [Function IntersectionObserverEntry],
        "Intl": {},
        "JSON": {},
        "KeyboardEvent": [Function KeyboardEvent],
        "Location": [Function Location],
        "Map": [Function Map],
        "Math": {},
        "MediaList": [Function MediaList],
        "MediaQueryListEvent": [Function MediaQueryListEvent],
        "MediaStream": [Function MediaStream],
        "MediaStreamEvent": [Function Event],
        "MediaStreamTrack": [Function MediaStreamTrack],
        "MessageEvent": [Function MessageEvent],
        "MessagePort": [Function MessagePort],
        "MimeType": [Function MimeType],
        "MimeTypeArray": [Function MimeTypeArray],
        "MouseEvent": [Function MouseEvent],
        "MutationEvent": [Function Event],
        "MutationObserver": [Function MutationObserver],
        "MutationRecord": [Function MutationRecord],
        "NamedNodeMap": [Function NamedNodeMap],
        "Navigator": [Function Navigator],
        "Node": [Function Node],
        "NodeFilter": {
          "FILTER_ACCEPT": 1,
          "FILTER_REJECT": 2,
          "FILTER_SKIP": 3,
          "SHOW_ALL": -1,
          "SHOW_ATTRIBUTE": 2,
          "SHOW_CDATA_SECTION": 8,
          "SHOW_COMMENT": 128,
          "SHOW_DOCUMENT": 256,
          "SHOW_DOCUMENT_FRAGMENT": 1024,
          "SHOW_DOCUMENT_TYPE": 512,
          "SHOW_ELEMENT": 1,
          "SHOW_ENTITY": 32,
          "SHOW_ENTITY_REFERENCE": 16,
          "SHOW_NOTATION": 2048,
          "SHOW_PROCESSING_INSTRUCTION": 64,
          "SHOW_TEXT": 4,
        },
        "NodeIterator": [Function NodeIterator],
        "NodeList": [Function NodeList],
        "Number": [Function Number],
        "Object": [Function Object],
        "OfflineAudioCompletionEvent": [Function Event],
        "OffscreenCanvas": [Function OffscreenCanvas],
        "OverconstrainedError": [Function Event],
        "PageTransitionEvent": [Function Event],
        "PaymentRequestUpdateEvent": [Function Event],
        "PerformanceEntry": [Function PerformanceEntry],
        "PerformanceObserver": [Function PerformanceObserver],
        "PerformanceObserverEntryList": [Function PerformanceObserverEntryList],
        "PermissionStatus": [Function PermissionStatus],
        "Permissions": [Function Permissions],
        "Plugin": [Function Plugin],
        "PluginArray": [Function PluginArray],
        "PointerEvent": [Function PointerEvent],
        "PopStateEvent": [Function PopStateEvent],
        "ProcessingInstruction": [Function ProcessingInstruction],
        "ProgressEvent": [Function ProgressEvent],
        "Promise": [Function Promise],
        "RTCDataChannelEvent": [Function Event],
        "RTCIdentityErrorEvent": [Function Event],
        "RTCIdentityEvent": [Function Event],
        "RTCPeerConnectionIceEvent": [Function Event],
        "RadioNodeList": [Function RadioNodeList],
        "Range": [Function Range],
        "RangeError": [Function RangeError],
        "ReadableStream": [Function ReadableStream],
        "ReferenceError": [Function ReferenceError],
        "Reflect": {},
        "RegExp": [Function RegExp],
        "RelatedEvent": [Function Event],
        "RemotePlayback": [Function RemotePlayback],
        "Request": [Function Request],
        "ResizeObserver": [Function ResizeObserver],
        "Response": [Function Response],
        "SVGAngle": [Function SVGAngle],
        "SVGAnimateElement": [Function SVGAnimateElement],
        "SVGAnimateMotionElement": [Function SVGAnimateMotionElement],
        "SVGAnimateTransformElement": [Function SVGAnimateTransformElement],
        "SVGAnimatedAngle": [Function SVGAnimatedAngle],
        "SVGAnimatedBoolean": [Function SVGAnimatedBoolean],
        "SVGAnimatedEnumeration": [Function SVGAnimatedEnumeration],
        "SVGAnimatedInteger": [Function SVGAnimatedInteger],
        "SVGAnimatedLength": [Function SVGAnimatedLength],
        "SVGAnimatedLengthList": [Function SVGAnimatedLengthList],
        "SVGAnimatedNumber": [Function SVGAnimatedNumber],
        "SVGAnimatedNumberList": [Function SVGAnimatedNumberList],
        "SVGAnimatedPreserveAspectRatio": [Function SVGAnimatedPreserveAspectRatio],
        "SVGAnimatedRect": [Function SVGAnimatedRect],
        "SVGAnimatedString": [Function SVGAnimatedString],
        "SVGAnimatedTransformList": [Function SVGAnimatedTransformList],
        "SVGAnimationElement": [Function SVGAnimationElement],
        "SVGCircleElement": [Function SVGCircleElement],
        "SVGClipPathElement": [Function SVGClipPathElement],
        "SVGComponentTransferFunctionElement": [Function SVGComponentTransferFunctionElement],
        "SVGDefsElement": [Function SVGDefsElement],
        "SVGDescElement": [Function SVGDescElement],
        "SVGElement": [Function SVGElement],
        "SVGEllipseElement": [Function SVGEllipseElement],
        "SVGEvent": [Function Event],
        "SVGFEBlendElement": [Function SVGFEBlendElement],
        "SVGFEColorMatrixElement": [Function SVGFEColorMatrixElement],
        "SVGFEComponentTransferElement": [Function SVGFEComponentTransferElement],
        "SVGFECompositeElement": [Function SVGFECompositeElement],
        "SVGFEConvolveMatrixElement": [Function SVGFEConvolveMatrixElement],
        "SVGFEDiffuseLightingElement": [Function SVGFEDiffuseLightingElement],
        "SVGFEDisplacementMapElement": [Function SVGFEDisplacementMapElement],
        "SVGFEDistantLightElement": [Function SVGFEDistantLightElement],
        "SVGFEDropShadowElement": [Function SVGFEDropShadowElement],
        "SVGFEFloodElement": [Function SVGFEFloodElement],
        "SVGFEFuncAElement": [Function SVGFEFuncAElement],
        "SVGFEFuncBElement": [Function SVGFEFuncBElement],
        "SVGFEFuncGElement": [Function SVGFEFuncGElement],
        "SVGFEFuncRElement": [Function SVGFEFuncRElement],
        "SVGFEGaussianBlurElement": [Function SVGFEGaussianBlurElement],
        "SVGFEImageElement": [Function SVGFEImageElement],
        "SVGFEMergeElement": [Function SVGFEMergeElement],
        "SVGFEMergeNodeElement": [Function SVGFEMergeNodeElement],
        "SVGFEMorphologyElement": [Function SVGFEMorphologyElement],
        "SVGFEOffsetElement": [Function SVGFEOffsetElement],
        "SVGFEPointLightElement": [Function SVGFEPointLightElement],
        "SVGFESpecularLightingElement": [Function SVGFESpecularLightingElement],
        "SVGFESpotLightElement": [Function SVGFESpotLightElement],
        "SVGFETileElement": [Function SVGFETileElement],
        "SVGFETurbulenceElement": [Function SVGFETurbulenceElement],
        "SVGFilterElement": [Function SVGFilterElement],
        "SVGForeignObjectElement": [Function SVGForeignObjectElement],
        "SVGGElement": [Function SVGGElement],
        "SVGGeometryElement": [Function SVGGeometryElement],
        "SVGGradientElement": [Function SVGGradientElement],
        "SVGGraphicsElement": [Function SVGGraphicsElement],
        "SVGImageElement": [Function SVGImageElement],
        "SVGLength": [Function SVGLength],
        "SVGLengthList": [Function SVGLengthList],
        "SVGLineElement": [Function SVGLineElement],
        "SVGLinearGradientElement": [Function SVGLinearGradientElement],
        "SVGMPathElement": [Function SVGMPathElement],
        "SVGMarkerElement": [Function SVGMarkerElement],
        "SVGMaskElement": [Function SVGMaskElement],
        "SVGMatrix": [Function SVGMatrix],
        "SVGMetadataElement": [Function SVGMetadataElement],
        "SVGNumber": [Function SVGNumber],
        "SVGNumberList": [Function SVGNumberList],
        "SVGPathElement": [Function SVGPathElement],
        "SVGPatternElement": [Function SVGPatternElement],
        "SVGPoint": [Function SVGPoint],
        "SVGPointList": [Function SVGPointList],
        "SVGPolygonElement": [Function SVGPolygonElement],
        "SVGPolylineElement": [Function SVGPolylineElement],
        "SVGPreserveAspectRatio": [Function SVGPreserveAspectRatio],
        "SVGRadialGradientElement": [Function SVGRadialGradientElement],
        "SVGRect": [Function SVGRect],
        "SVGRectElement": [Function SVGRectElement],
        "SVGSVGElement": [Function SVGSVGElement],
        "SVGScriptElement": [Function SVGScriptElement],
        "SVGSetElement": [Function SVGSetElement],
        "SVGStopElement": [Function SVGStopElement],
        "SVGStringList": [Function SVGStringList],
        "SVGStyleElement": [Function SVGStyleElement],
        "SVGSwitchElement": [Function SVGSwitchElement],
        "SVGSymbolElement": [Function SVGSymbolElement],
        "SVGTSpanElement": [Function SVGTSpanElement],
        "SVGTextElement": [Function SVGTextElement],
        "SVGTextPathElement": [Function SVGTextPathElement],
        "SVGTextPositioningElement": [Function SVGTextPositioningElement],
        "SVGTitleElement": [Function SVGTitleElement],
        "SVGTransform": [Function SVGTransform],
        "SVGTransformList": [Function SVGTransformList],
        "SVGUnitTypes": [Function SVGUnitTypes],
        "SVGUseElement": [Function SVGUseElement],
        "SVGViewElement": [Function SVGViewElement],
        "SVGZoomEvent": [Function Event],
        "Screen": [Function Screen],
        "ScreenDetailed": [Function ScreenDetailed],
        "ScreenDetails": [Function ScreenDetails],
        "Selection": [Function Selection],
        "SensorEvent": [Function Event],
        "Set": [Function Set],
        "ShadowRoot": [Function ShadowRoot],
        "Storage": [Function Storage],
        "StorageEvent": [Function StorageEvent],
        "String": [Function String],
        "StylePropertyMap": [Function StylePropertyMap],
        "StylePropertyMapReadOnly": [Function StylePropertyMapReadOnly],
        "SubmitEvent": [Function SubmitEvent],
        "Symbol": [Function Symbol],
        "SyntaxError": [Function SyntaxError],
        "Text": [Function Text],
        "TextDecoder": [Function TextDecoder],
        "TextEncoder": [Function TextEncoder],
        "TextEvent": [Function Event],
        "TextTrack": [Function TextTrack],
        "TextTrackCue": [Function TextTrackCue],
        "TextTrackCueList": [Function TextTrackCueList],
        "TextTrackList": [Function TextTrackList],
        "TimeEvent": [Function Event],
        "TimeRanges": [Function TimeRanges],
        "Touch": [Function Touch],
        "TouchEvent": [Function TouchEvent],
        "TrackEvent": [Function Event],
        "TransformStream": [Function Transform],
        "TransitionEvent": [Function Event],
        "TreeWalker": [Function TreeWalker],
        "TypeError": [Function TypeError],
        "UIEvent": [Function UIEvent],
        "URIError": [Function URIError],
        "URL": [Function URL],
        "URLSearchParams": [Function URLSearchParams],
        "Uint16Array": [Function Uint16Array],
        "Uint32Array": [Function Uint32Array],
        "Uint8Array": [Function Uint8Array],
        "Uint8ClampedArray": [Function Uint8ClampedArray],
        "UserProximityEvent": [Function Event],
        "VTTCue": [Function VTTCue],
        "...

[36m [2m❯[22m tests/e2e/desktop-linux-bridge-golden.test.ts:[2m1959:55[22m[39m
    [90m1957|[39m     });
    [90m1958|[39m     expect(runEvidence.textContent).toContain("wayfinder-copper");
    [90m1959|[39m     expect(dispatchedEvents.slice(firstInvalidation)).toContainEqual({
    [90m   |[39m                                                       [31m^[39m
    [90m1960|[39m       type: DESKTOP_RARITY_PROPOSAL_EVENT,
    [90m1961|[39m       detail: { invalidated: true, namespaceDigest: replacement.namesp…

[31m[2m⎯⎯⎯⎯⎯⎯⎯⎯⎯⎯⎯⎯⎯⎯⎯⎯⎯⎯⎯⎯⎯⎯⎯⎯[1/7]⎯[22m[39m

[41m[1m FAIL [22m[49m tests/e2e/desktop-linux-bridge-golden.test.ts[2m > [22mdesktop chrome document — the shell's chrome, unforked, plus two injections[2m > [22mretires displayed evidence when Reload proves document-not-found
[31m[1mAssertionError[22m: expected [ …(7) ] to deep equally contain { …(2) }[39m

[32m- Expected:[39m
{
  "detail": {
    "invalidated": true,
    "namespaceDigest": "sha256:5555555555555555555555555555555555555555555555555555555555555555",
  },
  "type": "sceneaxi:desktop-rarity-proposal",
}

[31m+ Received:[39m
[
  CustomEvent {
    "AT_TARGET": 2,
    "BUBBLING_PHASE": 3,
    "CAPTURING_PHASE": 1,
    "NONE": 0,
    Symbol(composed): false,
    Symbol(bubbles): false,
    Symbol(cancelable): false,
    Symbol(defaultPrevented): false,
    Symbol(eventPhase): 0,
    Symbol(timeStamp): 6651.438368,
    Symbol(type): "sceneaxi:desktop-audio-invalidate",
    Symbol(dispatching): false,
    Symbol(immediatePropagationStopped): false,
    Symbol(propagationStopped): false,
    Symbol(target): HTMLDocument {
      Symbol(listeners): {
        "bubbling": Map {},
        "capturing": Map {},
      },
      Symbol(listenerOptions): {
        "bubbling": Map {},
        "capturing": Map {},
      },
      Symbol(isConnected): true,
      Symbol(parentNode): null,
      Symbol(rootNode): [Circular],
      Symbol(styleNode): null,
      Symbol(textAreaNode): null,
      Symbol(formNode): null,
      Symbol(selectNode): null,
      Symbol(mutationListeners): [],
      Symbol(nodeArray): [
        <html>
          <head />
          <body />
        </html>,
      ],
      Symbol(elementArray): [
        <html>
          <head />
          <body />
        </html>,
      ],
      Symbol(childNodes): null,
      Symbol(assignedToSlot): null,
      Symbol(cache): {
        "computedStyle": null,
        "elementById": Map {},
        "elementByTagName": Map {},
        "elementsByTagName": Map {},
        "elementsByTagNameNS": Map {},
        "matches": Map {},
        "querySelector": Map {},
        "querySelectorAll": Map {},
      },
      Symbol(affectsCache): [],
      Symbol(ownerDocument): null,
      Symbol(children): null,
      Symbol(activeElement): null,
      Symbol(nextActiveElement): null,
      Symbol(currentScript): null,
      Symbol(isFirstWrite): true,
      Symbol(isFirstWriteAfterOpen): false,
      Symbol(nodeType): 9,
      Symbol(adoptedStyleSheets): [],
      Symbol(implementation): DOMImplementation {},
      Symbol(readyState): "complete",
      Symbol(referrer): "",
      Symbol(defaultView): Window {
        "AbortController": [Function AbortController],
        "AbortSignal": [Function AbortSignal],
        "AnimationEvent": [Function AnimationEvent],
        "Array": [Function Array],
        "ArrayBuffer": [Function ArrayBuffer],
        "Attr": [Function Attr],
        "Audio": [Function Audio],
        "AudioProcessingEvent": [Function Event],
        "BeforeInputEvent": [Function Event],
        "BeforeUnloadEvent": [Function Event],
        "Blob": [Function Blob],
        "BlobEvent": [Function Event],
        "Boolean": [Function Boolean],
        "Buffer": [Function Buffer],
        "CSSConditionRule": [Function CSSConditionRule],
        "CSSContainerRule": [Function CSSContainerRule],
        "CSSFontFaceLoadEvent": [Function Event],
        "CSSFontFaceRule": [Function CSSFontFaceRule],
        "CSSGroupingRule": [Function CSSGroupingRule],
        "CSSKeyframeRule": [Function CSSKeyframeRule],
        "CSSKeyframesRule": [Function CSSKeyframesRule],
        "CSSKeywordValue": [Function CSSKeywordValue],
        "CSSMediaRule": [Function CSSMediaRule],
        "CSSRule": [Function CSSRule],
        "CSSScopeRule": [Function CSSScopeRule],
        "CSSStyleDeclaration": [Function CSSStyleDeclaration],
        "CSSStyleRule": [Function CSSStyleRule],
        "CSSStyleSheet": [Function CSSStyleSheet],
        "CSSStyleValue": [Function CSSStyleValue],
        "CSSSupportsRule": [Function CSSSupportsRule],
        "CSSUnitValue": [Function CSSUnitValue],
        "CanvasCaptureMediaStreamTrack": [Function CanvasCaptureMediaStreamTrack],
        "CharacterData": [Function CharacterData],
        "Clipboard": [Function Clipboard],
        "ClipboardEvent": [Function ClipboardEvent],
        "ClipboardItem": [Function ClipboardItem],
        "CloseEvent": [Function CloseEvent],
        "Comment": [Function Comment],
        "CompositionEvent": [Function Event],
        "CookieChangeEvent": [Function CookieChangeEvent],
        "CookieStore": [Function CookieStore],
        "CustomElementRegistry": [Function CustomElementRegistry],
        "CustomEvent": [Function CustomEvent],
        "DOMException": [Function DOMException],
        "DOMMatrix": [Function DOMMatrix],
        "DOMMatrixReadOnly": [Function DOMMatrixReadOnly],
        "DOMParser": [Function DOMParser],
        "DOMPoint": [Function DOMPoint],
        "DOMPointReadOnly": [Function DOMPointReadOnly],
        "DOMRect": [Function DOMRect],
        "DOMRectReadOnly": [Function DOMRectReadOnly],
        "DOMTransactionEvent": [Function Event],
        "DataTransfer": [Function DataTransfer],
        "DataTransferItem": [Function DataTransferItem],
        "DataTransferItemList": [Function DataTransferItemList],
        "DataView": [Function DataView],
        "Date": [Function Date],
        "DeviceLightEvent": [Function Event],
        "DeviceMotionEvent": [Function Event],
        "DeviceOrientationEvent": [Function Event],
        "DeviceProximityEvent": [Function Event],
        "Document": [Function Document],
        "DocumentFragment": [Function DocumentFragment],
        "DocumentType": [Function DocumentType],
        "DragEvent": [Function Event],
        "EditingBeforeInputEvent": [Function Event],
        "Element": [Function Element],
        "Error": [Function Error],
        "ErrorEvent": [Function ErrorEvent],
        "EvalError": [Function EvalError],
        "Event": [Function Event],
        "EventTarget": [Function EventTarget],
        "FetchEvent": [Function Event],
        "File": [Function File],
        "FileList": [Function FileList],
        "FileReader": [Function FileReader],
        "Float32Array": [Function Float32Array],
        "Float64Array": [Function Float64Array],
        "FocusEvent": [Function FocusEvent],
        "FormData": [Function FormData],
        "Function": [Function Function],
        "GLOBAL": undefined,
        "GamepadEvent": [Function Event],
        "HTMLAnchorElement": [Function HTMLAnchorElement],
        "HTMLAreaElement": [Function HTMLAreaElement],
        "HTMLAudioElement": [Function HTMLAudioElement],
        "HTMLBRElement": [Function HTMLBRElement],
        "HTMLBaseElement": [Function HTMLBaseElement],
        "HTMLBodyElement": [Function HTMLBodyElement],
        "HTMLButtonElement": [Function HTMLButtonElement],
        "HTMLCanvasElement": [Function HTMLCanvasElement],
        "HTMLCollection": [Function HTMLCollection],
        "HTMLDListElement": [Function HTMLDListElement],
        "HTMLDataElement": [Function HTMLDataElement],
        "HTMLDataListElement": [Function HTMLDataListElement],
        "HTMLDetailsElement": [Function HTMLDetailsElement],
        "HTMLDialogElement": [Function HTMLDialogElement],
        "HTMLDivElement": [Function HTMLDivElement],
        "HTMLDocument": [Function HTMLDocument],
        "HTMLElement": [Function HTMLElement],
        "HTMLEmbedElement": [Function HTMLEmbedElement],
        "HTMLFieldSetElement": [Function HTMLFieldSetElement],
        "HTMLFormControlCollection": [Function HTMLFormControlsCollection],
        "HTMLFormElement": [Function HTMLFormElement],
        "HTMLHRElement": [Function HTMLHRElement],
        "HTMLHeadElement": [Function HTMLHeadElement],
        "HTMLHeadingElement": [Function HTMLHeadingElement],
        "HTMLHtmlElement": [Function HTMLHtmlElement],
        "HTMLIFrameElement": [Function HTMLIFrameElement],
        "HTMLImageElement": [Function HTMLImageElement],
        "HTMLInputElement": [Function HTMLInputElement],
        "HTMLLIElement": [Function HTMLLIElement],
        "HTMLLabelElement": [Function HTMLLabelElement],
        "HTMLLegendElement": [Function HTMLLegendElement],
        "HTMLLinkElement": [Function HTMLLinkElement],
        "HTMLMapElement": [Function HTMLMapElement],
        "HTMLMediaElement": [Function HTMLMediaElement],
        "HTMLMenuElement": [Function HTMLMenuElement],
        "HTMLMetaElement": [Function HTMLMetaElement],
        "HTMLMeterElement": [Function HTMLMeterElement],
        "HTMLModElement": [Function HTMLModElement],
        "HTMLOListElement": [Function HTMLOListElement],
        "HTMLObjectElement": [Function HTMLObjectElement],
        "HTMLOptGroupElement": [Function HTMLOptGroupElement],
        "HTMLOptionElement": [Function HTMLOptionElement],
        "HTMLOptionsCollection": [Function HTMLOptionsCollection],
        "HTMLOutputElement": [Function HTMLOutputElement],
        "HTMLParagraphElement": [Function HTMLParagraphElement],
        "HTMLParamElement": [Function HTMLParamElement],
        "HTMLPictureElement": [Function HTMLPictureElement],
        "HTMLPreElement": [Function HTMLPreElement],
        "HTMLProgressElement": [Function HTMLProgressElement],
        "HTMLQuoteElement": [Function HTMLQuoteElement],
        "HTMLScriptElement": [Function HTMLScriptElement],
        "HTMLSelectElement": [Function HTMLSelectElement],
        "HTMLSlotElement": [Function HTMLSlotElement],
        "HTMLSourceElement": [Function HTMLSourceElement],
        "HTMLSpanElement": [Function HTMLSpanElement],
        "HTMLStyleElement": [Function HTMLStyleElement],
        "HTMLTableCaptionElement": [Function HTMLTableCaptionElement],
        "HTMLTableCellElement": [Function HTMLTableCellElement],
        "HTMLTableColElement": [Function HTMLTableColElement],
        "HTMLTableElement": [Function HTMLTableElement],
        "HTMLTableRowElement": [Function HTMLTableRowElement],
        "HTMLTableSectionElement": [Function HTMLTableSectionElement],
        "HTMLTemplateElement": [Function HTMLTemplateElement],
        "HTMLTextAreaElement": [Function HTMLTextAreaElement],
        "HTMLTimeElement": [Function HTMLTimeElement],
        "HTMLTitleElement": [Function HTMLTitleElement],
        "HTMLTrackElement": [Function HTMLTrackElement],
        "HTMLUListElement": [Function HTMLUListElement],
        "HTMLUnknownElement": [Function HTMLUnknownElement],
        "HTMLVideoElement": [Function HTMLVideoElement],
        "HashChangeEvent": [Function HashChangeEvent],
        "Headers": [Function Headers],
        "History": [Function History],
        "IDBVersionChangeEvent": [Function Event],
        "Image": [Function Image],
        "ImageBitmap": [Function ImageBitmap],
        "ImageData": [Function ImageData],
        "InputEvent": [Function InputEvent],
        "Int16Array": [Function Int16Array],
        "Int32Array": [Function Int32Array],
        "Int8Array": [Function Int8Array],
        "IntersectionObserver": [Function IntersectionObserver],
        "IntersectionObserverEntry": [Function IntersectionObserverEntry],
        "Intl": {},
        "JSON": {},
        "KeyboardEvent": [Function KeyboardEvent],
        "Location": [Function Location],
        "Map": [Function Map],
        "Math": {},
        "MediaList": [Function MediaList],
        "MediaQueryListEvent": [Function MediaQueryListEvent],
        "MediaStream": [Function MediaStream],
        "MediaStreamEvent": [Function Event],
        "MediaStreamTrack": [Function MediaStreamTrack],
        "MessageEvent": [Function MessageEvent],
        "MessagePort": [Function MessagePort],
        "MimeType": [Function MimeType],
        "MimeTypeArray": [Function MimeTypeArray],
        "MouseEvent": [Function MouseEvent],
        "MutationEvent": [Function Event],
        "MutationObserver": [Function MutationObserver],
        "MutationRecord": [Function MutationRecord],
        "NamedNodeMap": [Function NamedNodeMap],
        "Navigator": [Function Navigator],
        "Node": [Function Node],
        "NodeFilter": {
          "FILTER_ACCEPT": 1,
          "FILTER_REJECT": 2,
          "FILTER_SKIP": 3,
          "SHOW_ALL": -1,
          "SHOW_ATTRIBUTE": 2,
          "SHOW_CDATA_SECTION": 8,
          "SHOW_COMMENT": 128,
          "SHOW_DOCUMENT": 256,
          "SHOW_DOCUMENT_FRAGMENT": 1024,
          "SHOW_DOCUMENT_TYPE": 512,
          "SHOW_ELEMENT": 1,
          "SHOW_ENTITY": 32,
          "SHOW_ENTITY_REFERENCE": 16,
          "SHOW_NOTATION": 2048,
          "SHOW_PROCESSING_INSTRUCTION": 64,
          "SHOW_TEXT": 4,
        },
        "NodeIterator": [Function NodeIterator],
        "NodeList": [Function NodeList],
        "Number": [Function Number],
        "Object": [Function Object],
        "OfflineAudioCompletionEvent": [Function Event],
        "OffscreenCanvas": [Function OffscreenCanvas],
        "OverconstrainedError": [Function Event],
        "PageTransitionEvent": [Function Event],
        "PaymentRequestUpdateEvent": [Function Event],
        "PerformanceEntry": [Function PerformanceEntry],
        "PerformanceObserver": [Function PerformanceObserver],
        "PerformanceObserverEntryList": [Function PerformanceObserverEntryList],
        "PermissionStatus": [Function PermissionStatus],
        "Permissions": [Function Permissions],
        "Plugin": [Function Plugin],
        "PluginArray": [Function PluginArray],
        "PointerEvent": [Function PointerEvent],
        "PopStateEvent": [Function PopStateEvent],
        "ProcessingInstruction": [Function ProcessingInstruction],
        "ProgressEvent": [Function ProgressEvent],
        "Promise": [Function Promise],
        "RTCDataChannelEvent": [Function Event],
        "RTCIdentityErrorEvent": [Function Event],
        "RTCIdentityEvent": [Function Event],
        "RTCPeerConnectionIceEvent": [Function Event],
        "RadioNodeList": [Function RadioNodeList],
        "Range": [Function Range],
        "RangeError": [Function RangeError],
        "ReadableStream": [Function ReadableStream],
        "ReferenceError": [Function ReferenceError],
        "Reflect": {},
        "RegExp": [Function RegExp],
        "RelatedEvent": [Function Event],
        "RemotePlayback": [Function RemotePlayback],
        "Request": [Function Request],
        "ResizeObserver": [Function ResizeObserver],
        "Response": [Function Response],
        "SVGAngle": [Function SVGAngle],
        "SVGAnimateElement": [Function SVGAnimateElement],
        "SVGAnimateMotionElement": [Function SVGAnimateMotionElement],
        "SVGAnimateTransformElement": [Function SVGAnimateTransformElement],
        "SVGAnimatedAngle": [Function SVGAnimatedAngle],
        "SVGAnimatedBoolean": [Function SVGAnimatedBoolean],
        "SVGAnimatedEnumeration": [Function SVGAnimatedEnumeration],
        "SVGAnimatedInteger": [Function SVGAnimatedInteger],
        "SVGAnimatedLength": [Function SVGAnimatedLength],
        "SVGAnimatedLengthList": [Function SVGAnimatedLengthList],
        "SVGAnimatedNumber": [Function SVGAnimatedNumber],
        "SVGAnimatedNumberList": [Function SVGAnimatedNumberList],
        "SVGAnimatedPreserveAspectRatio": [Function SVGAnimatedPreserveAspectRatio],
        "SVGAnimatedRect": [Function SVGAnimatedRect],
        "SVGAnimatedString": [Function SVGAnimatedString],
        "SVGAnimatedTransformList": [Function SVGAnimatedTransformList],
        "SVGAnimationElement": [Function SVGAnimationElement],
        "SVGCircleElement": [Function SVGCircleElement],
        "SVGClipPathElement": [Function SVGClipPathElement],
        "SVGComponentTransferFunctionElement": [Function SVGComponentTransferFunctionElement],
        "SVGDefsElement": [Function SVGDefsElement],
        "SVGDescElement": [Function SVGDescElement],
        "SVGElement": [Function SVGElement],
        "SVGEllipseElement": [Function SVGEllipseElement],
        "SVGEvent": [Function Event],
        "SVGFEBlendElement": [Function SVGFEBlendElement],
        "SVGFEColorMatrixElement": [Function SVGFEColorMatrixElement],
        "SVGFEComponentTransferElement": [Function SVGFEComponentTransferElement],
        "SVGFECompositeElement": [Function SVGFECompositeElement],
        "SVGFEConvolveMatrixElement": [Function SVGFEConvolveMatrixElement],
        "SVGFEDiffuseLightingElement": [Function SVGFEDiffuseLightingElement],
        "SVGFEDisplacementMapElement": [Function SVGFEDisplacementMapElement],
        "SVGFEDistantLightElement": [Function SVGFEDistantLightElement],
        "SVGFEDropShadowElement": [Function SVGFEDropShadowElement],
        "SVGFEFloodElement": [Function SVGFEFloodElement],
        "SVGFEFuncAElement": [Function SVGFEFuncAElement],
        "SVGFEFuncBElement": [Function SVGFEFuncBElement],
        "SVGFEFuncGElement": [Function SVGFEFuncGElement],
        "SVGFEFuncRElement": [Function SVGFEFuncRElement],
        "SVGFEGaussianBlurElement": [Function SVGFEGaussianBlurElement],
        "SVGFEImageElement": [Function SVGFEImageElement],
        "SVGFEMergeElement": [Function SVGFEMergeElement],
        "SVGFEMergeNodeElement": [Function SVGFEMergeNodeElement],
        "SVGFEMorphologyElement": [Function SVGFEMorphologyElement],
        "SVGFEOffsetElement": [Function SVGFEOffsetElement],
        "SVGFEPointLightElement": [Function SVGFEPointLightElement],
        "SVGFESpecularLightingElement": [Function SVGFESpecularLightingElement],
        "SVGFESpotLightElement": [Function SVGFESpotLightElement],
        "SVGFETileElement": [Function SVGFETileElement],
        "SVGFETurbulenceElement": [Function SVGFETurbulenceElement],
        "SVGFilterElement": [Function SVGFilterElement],
        "SVGForeignObjectElement": [Function SVGForeignObjectElement],
        "SVGGElement": [Function SVGGElement],
        "SVGGeometryElement": [Function SVGGeometryElement],
        "SVGGradientElement": [Function SVGGradientElement],
        "SVGGraphicsElement": [Function SVGGraphicsElement],
        "SVGImageElement": [Function SVGImageElement],
        "SVGLength": [Function SVGLength],
        "SVGLengthList": [Function SVGLengthList],
        "SVGLineElement": [Function SVGLineElement],
        "SVGLinearGradientElement": [Function SVGLinearGradientElement],
        "SVGMPathElement": [Function SVGMPathElement],
        "SVGMarkerElement": [Function SVGMarkerElement],
        "SVGMaskElement": [Function SVGMaskElement],
        "SVGMatrix": [Function SVGMatrix],
        "SVGMetadataElement": [Function SVGMetadataElement],
        "SVGNumber": [Function SVGNumber],
        "SVGNumberList": [Function SVGNumberList],
        "SVGPathElement": [Function SVGPathElement],
        "SVGPatternElement": [Function SVGPatternElement],
        "SVGPoint": [Function SVGPoint],
        "SVGPointList": [Function SVGPointList],
        "SVGPolygonElement": [Function SVGPolygonElement],
        "SVGPolylineElement": [Function SVGPolylineElement],
        "SVGPreserveAspectRatio": [Function SVGPreserveAspectRatio],
        "SVGRadialGradientElement": [Function SVGRadialGradientElement],
        "SVGRect": [Function SVGRect],
        "SVGRectElement": [Function SVGRectElement],
        "SVGSVGElement": [Function SVGSVGElement],
        "SVGScriptElement": [Function SVGScriptElement],
        "SVGSetElement": [Function SVGSetElement],
        "SVGStopElement": [Function SVGStopElement],
        "SVGStringList": [Function SVGStringList],
        "SVGStyleElement": [Function SVGStyleElement],
        "SVGSwitchElement": [Function SVGSwitchElement],
        "SVGSymbolElement": [Function SVGSymbolElement],
        "SVGTSpanElement": [Function SVGTSpanElement],
        "SVGTextElement": [Function SVGTextElement],
        "SVGTextPathElement": [Function SVGTextPathElement],
        "SVGTextPositioningElement": [Function SVGTextPositioningElement],
        "SVGTitleElement": [Function SVGTitleElement],
        "SVGTransform": [Function SVGTransform],
        "SVGTransformList": [Function SVGTransformList],
        "SVGUnitTypes": [Function SVGUnitTypes],
        "SVGUseElement": [Function SVGUseElement],
        "SVGViewElement": [Function SVGViewElement],
        "SVGZoomEvent": [Function Event],
        "Screen": [Function Screen],
        "ScreenDetailed": [Function ScreenDetailed],
        "ScreenDetails": [Function ScreenDetails],
        "Selection": [Function Selection],
        "SensorEvent": [Function Event],
        "Set": [Function Set],
        "ShadowRoot": [Function ShadowRoot],
        "Storage": [Function Storage],
        "StorageEvent": [Function StorageEvent],
        "String": [Function String],
        "StylePropertyMap": [Function StylePropertyMap],
        "StylePropertyMapReadOnly": [Function StylePropertyMapReadOnly],
        "SubmitEvent": [Function SubmitEvent],
        "Symbol": [Function Symbol],
        "SyntaxError": [Function SyntaxError],
        "Text": [Function Text],
        "TextDecoder": [Function TextDecoder],
        "TextEncoder": [Function TextEncoder],
        "TextEvent": [Function Event],
        "TextTrack": [Function TextTrack],
        "TextTrackCue": [Function TextTrackCue],
        "TextTrackCueList": [Function TextTrackCueList],
        "TextTrackList": [Function TextTrackList],
        "TimeEvent": [Function Event],
        "TimeRanges": [Function TimeRanges],
        "Touch": [Function Touch],
        "TouchEvent": [Function TouchEvent],
        "TrackEvent": [Function Event],
        "TransformStream": [Function Transform],
        "TransitionEvent": [Function Event],
        "TreeWalker": [Function TreeWalker],
        "TypeError": [Function TypeError],
        "UIEvent": [Function UIEvent],
        "URIError": [Function URIError],
        "URL": [Function URL],
        "URLSearchParams": [Function URLSearchParams],
        "Uint16Array": [Function Uint16Array],
        "Uint32Array": [Function Uint32Array],
        "Uint8Array": [Function Uint8Array],
        "Uint8ClampedArray": [Function Uint8ClampedArray],
        "UserProximityEvent": [Function Event],
        "VTTCue": [Function VTTCue],
        "ValidityState": [Function ValidityState],
        "WeakMap": [Function WeakMap],
        "WeakSet": [Function WeakSet],
        "WebGLContextEvent": [Function Event],
        "WebSocket": [Function WebSocket],
        "WheelEvent": [Function WheelEvent],
        "Window": [Function Window],
        "WritableStream": [Function Writable],
        "XMLDocument": [Function XMLDocument],
        "XMLHttpRequest": [Function XMLHttpRequest],
        "XMLHttpRequestEventTarget": [Function XMLHttpRequestEventTarget],
        "XMLHttpRequestUpload": [Function XMLHttpRequestUpload],
        "XMLSerializer": [Function XMLSerializer],
        "closed": false,
        "console": VirtualConsole {},
        "crypto": Crypto {},
        "customElements": CustomElementRegistry {
          Symbol(registry): Map {},
          Symbol(classRegistry): Map {},
          Symbol(callbacks): Map {},
          Symbol(destroyed): false,
        },
        "decodeURI": [Function decodeURI],
        "decodeURIComponent": [Function decodeURIComponent],
        "document": [Circular],
        "encodeURI": [Function encodeURI],
        "encodeURIComponent": [Function encodeURIComponent],
        "escape": [Function escape],
        "eval": [Function eval],
        "global": undefined,
        "globalThis": [Circular],
        "happyDOM": DetachedWindowAPI {},
        "isFinite": [Function isFinite],
        "isNaN": [Function isNaN],
        "name": "",
        "parseFloat": [Function parseFloat],
        "parseInt": [Function parseInt],
        "performance": Performance {
          Symbol(kEvents): undefined,
          Symbol(events.maxEventTargetListeners): 10,
          Symbol(events.maxEventTargetListenersWarned): false,
          Symbol(kHandlers): undefined,
          Symbol(performance): true,
        },
        "root": undefined,
        "screenLeft": 0,
        "screenTop": 0,
        "screenX": 0,
        "screenY": 0,
        "unescape": [Function unescape],
        "window": [Circular],
        Symbol(listeners): {
          "bubbling": Map {},
          "capturing": Map {},
        },
        Symbol(listenerOptions): {
          "bubbling": Map {},
          "capturing": Map {},
        },
        Symbol(mutationObservers): [],
        Symbol(readyStateManager): DocumentReadyStateManager {},
        Symbol(location): Location {
          Symbol(Symbol.toStringTag): "Location",
        },
        Symbol(history): History {},
        Symbol(navigator): Navigator {},
        Symbol(screen): Screen {
          "availHeight": 768,
          "availWidth": 1024,
          "colorDepth": 24,
          "height": 768,
          "onchange": null,
          "pixelDepth": 24,
          "width": 1024,
          Symbol(listeners): {
            "bubbling": Map {},
            "capturing": Map {},
          },
          Symbol(listenerOptions): {
            "bubbling": Map {},
            "capturing": Map {},
          },
        },
        Symbol(sessionStorage): Storage {},
        Symbol(localStorage): Storage {},
        Symbol(cookieStore): CookieStore {
          Symbol(listeners): {
            "bubbling": Map {},
            "capturing": Map {},
          },
          Symbol(listenerOptions): {
            "bubbling": Map {},
            "capturing": Map {},
          },
        },
        Symbol(self): [Circular],
        Symbol(top): [Circular],
        Symbol(parent): [Circular],
        Symbol(window): [Circular],
        Symbol(frames): [Circular],
        Symbol(internalId): 15,
        Symbol(customElementReactionStack): CustomElementReactionStack {
          "window": [Circular],
        },
        Symbol(modules): {
          "css": Map {},
          "esm": Map {},
          "json": Map {},
        },
        Symbol(moduleImportMap): null,
        Symbol(openWebSockets): [],
        Symbol(propertyEventListeners): Map {},
        Symbol(querySelectorCache): Map {},
      },
      Symbol(forms): null,
      Symbol(affectsComputedStyleCache): [],
      Symbol(elementIdMap): Map {},
      Symbol(contentType): "text/html",
      Symbol(xmlProcessingInstruction): null,
      Symbol(preloads): Map {},
      Symbol(propertyEventListeners): Map {},
      Symbol(selection): null,
    },
    Symbol(currentTarget): null,
    Symbol(isInPassiveEventListener): false,
    Symbol(detail): {
      "profile": null,
    },
  },
  CustomEvent {
    "AT_TARGET": 2,
    "BUBBLING_PHASE": 3,
    "CAPTURING_PHASE": 1,
    "NONE": 0,
    Symbol(composed): false,
    Symbol(bubbles): false,
    Symbol(cancelable): false,
    Symbol(defaultPrevented): false,
    Symbol(eventPhase): 0,
    Symbol(timeStamp): 6657.59681,
    Symbol(type): "sceneaxi:desktop-audio-invalidate",
    Symbol(dispatching): false,
    Symbol(immediatePropagationStopped): false,
    Symbol(propagationStopped): false,
    Symbol(target): HTMLDocument {
      Symbol(listeners): {
        "bubbling": Map {},
        "capturing": Map {},
      },
      Symbol(listenerOptions): {
        "bubbling": Map {},
        "capturing": Map {},
      },
      Symbol(isConnected): true,
      Symbol(parentNode): null,
      Symbol(rootNode): [Circular],
      Symbol(styleNode): null,
      Symbol(textAreaNode): null,
      Symbol(formNode): null,
      Symbol(selectNode): null,
      Symbol(mutationListeners): [],
      Symbol(nodeArray): [
        <html>
          <head />
          <body />
        </html>,
      ],
      Symbol(elementArray): [
        <html>
          <head />
          <body />
        </html>,
      ],
      Symbol(childNodes): null,
      Symbol(assignedToSlot): null,
      Symbol(cache): {
        "computedStyle": null,
        "elementById": Map {},
        "elementByTagName": Map {},
        "elementsByTagName": Map {},
        "elementsByTagNameNS": Map {},
        "matches": Map {},
        "querySelector": Map {},
        "querySelectorAll": Map {},
      },
      Symbol(affectsCache): [],
      Symbol(ownerDocument): null,
      Symbol(children): null,
      Symbol(activeElement): null,
      Symbol(nextActiveElement): null,
      Symbol(currentScript): null,
      Symbol(isFirstWrite): true,
      Symbol(isFirstWriteAfterOpen): false,
      Symbol(nodeType): 9,
      Symbol(adoptedStyleSheets): [],
      Symbol(implementation): DOMImplementation {},
      Symbol(readyState): "complete",
      Symbol(referrer): "",
      Symbol(defaultView): Window {
        "AbortController": [Function AbortController],
        "AbortSignal": [Function AbortSignal],
        "AnimationEvent": [Function AnimationEvent],
        "Array": [Function Array],
        "ArrayBuffer": [Function ArrayBuffer],
        "Attr": [Function Attr],
        "Audio": [Function Audio],
        "AudioProcessingEvent": [Function Event],
        "BeforeInputEvent": [Function Event],
        "BeforeUnloadEvent": [Function Event],
        "Blob": [Function Blob],
        "BlobEvent": [Function Event],
        "Boolean": [Function Boolean],
        "Buffer": [Function Buffer],
        "CSSConditionRule": [Function CSSConditionRule],
        "CSSContainerRule": [Function CSSContainerRule],
        "CSSFontFaceLoadEvent": [Function Event],
        "CSSFontFaceRule": [Function CSSFontFaceRule],
        "CSSGroupingRule": [Function CSSGroupingRule],
        "CSSKeyframeRule": [Function CSSKeyframeRule],
        "CSSKeyframesRule": [Function CSSKeyframesRule],
        "CSSKeywordValue": [Function CSSKeywordValue],
        "CSSMediaRule": [Function CSSMediaRule],
        "CSSRule": [Function CSSRule],
        "CSSScopeRule": [Function CSSScopeRule],
        "CSSStyleDeclaration": [Function CSSStyleDeclaration],
        "CSSStyleRule": [Function CSSStyleRule],
        "CSSStyleSheet": [Function CSSStyleSheet],
        "CSSStyleValue": [Function CSSStyleValue],
        "CSSSupportsRule": [Function CSSSupportsRule],
        "CSSUnitValue": [Function CSSUnitValue],
        "CanvasCaptureMediaStreamTrack": [Function CanvasCaptureMediaStreamTrack],
        "CharacterData": [Function CharacterData],
        "Clipboard": [Function Clipboard],
        "ClipboardEvent": [Function ClipboardEvent],
        "ClipboardItem": [Function ClipboardItem],
        "CloseEvent": [Function CloseEvent],
        "Comment": [Function Comment],
        "CompositionEvent": [Function Event],
        "CookieChangeEvent": [Function CookieChangeEvent],
        "CookieStore": [Function CookieStore],
        "CustomElementRegistry": [Function CustomElementRegistry],
        "CustomEvent": [Function CustomEvent],
        "DOMException": [Function DOMException],
        "DOMMatrix": [Function DOMMatrix],
        "DOMMatrixReadOnly": [Function DOMMatrixReadOnly],
        "DOMParser": [Function DOMParser],
        "DOMPoint": [Function DOMPoint],
        "DOMPointReadOnly": [Function DOMPointReadOnly],
        "DOMRect": [Function DOMRect],
        "DOMRectReadOnly": [Function DOMRectReadOnly],
        "DOMTransactionEvent": [Function Event],
        "DataTransfer": [Function DataTransfer],
        "DataTransferItem": [Function DataTransferItem],
        "DataTransferItemList": [Function DataTransferItemList],
        "DataView": [Function DataView],
        "Date": [Function Date],
        "DeviceLightEvent": [Function Event],
        "DeviceMotionEvent": [Function Event],
        "DeviceOrientationEvent": [Function Event],
        "DeviceProximityEvent": [Function Event],
        "Document": [Function Document],
        "DocumentFragment": [Function DocumentFragment],
        "DocumentType": [Function DocumentType],
        "DragEvent": [Function Event],
        "EditingBeforeInputEvent": [Function Event],
        "Element": [Function Element],
        "Error": [Function Error],
        "ErrorEvent": [Function ErrorEvent],
        "EvalError": [Function EvalError],
        "Event": [Function Event],
        "EventTarget": [Function EventTarget],
        "FetchEvent": [Function Event],
        "File": [Function File],
        "FileList": [Function FileList],
        "FileReader": [Function FileReader],
        "Float32Array": [Function Float32Array],
        "Float64Array": [Function Float64Array],
        "FocusEvent": [Function FocusEvent],
        "FormData": [Function FormData],
        "Function": [Function Function],
        "GLOBAL": undefined,
        "GamepadEvent": [Function Event],
        "HTMLAnchorElement": [Function HTMLAnchorElement],
        "HTMLAreaElement": [Function HTMLAreaElement],
        "HTMLAudioElement": [Function HTMLAudioElement],
        "HTMLBRElement": [Function HTMLBRElement],
        "HTMLBaseElement": [Function HTMLBaseElement],
        "HTMLBodyElement": [Function HTMLBodyElement],
        "HTMLButtonElement": [Function HTMLButtonElement],
        "HTMLCanvasElement": [Function HTMLCanvasElement],
        "HTMLCollection": [Function HTMLCollection],
        "HTMLDListElement": [Function HTMLDListElement],
        "HTMLDataElement": [Function HTMLDataElement],
        "HTMLDataListElement": [Function HTMLDataListElement],
        "HTMLDetailsElement": [Function HTMLDetailsElement],
        "HTMLDialogElement": [Function HTMLDialogElement],
        "HTMLDivElement": [Function HTMLDivElement],
        "HTMLDocument": [Function HTMLDocument],
        "HTMLElement": [Function HTMLElement],
        "HTMLEmbedElement": [Function HTMLEmbedElement],
        "HTMLFieldSetElement": [Function HTMLFieldSetElement],
        "HTMLFormControlCollection": [Function HTMLFormControlsCollection],
        "HTMLFormElement": [Function HTMLFormElement],
        "HTMLHRElement": [Function HTMLHRElement],
        "HTMLHeadElement": [Function HTMLHeadElement],
        "HTMLHeadingElement": [Function HTMLHeadingElement],
        "HTMLHtmlElement": [Function HTMLHtmlElement],
        "HTMLIFrameElement": [Function HTMLIFrameElement],
        "HTMLImageElement": [Function HTMLImageElement],
        "HTMLInputElement": [Function HTMLInputElement],
        "HTMLLIElement": [Function HTMLLIElement],
        "HTMLLabelElement": [Function HTMLLabelElement],
        "HTMLLegendElement": [Function HTMLLegendElement],
        "HTMLLinkElement": [Function HTMLLinkElement],
        "HTMLMapElement": [Function HTMLMapElement],
        "HTMLMediaElement": [Function HTMLMediaElement],
        "HTMLMenuElement": [Function HTMLMenuElement],
        "HTMLMetaElement": [Function HTMLMetaElement],
        "HTMLMeterElement": [Function HTMLMeterElement],
        "HTMLModElement": [Function HTMLModElement],
        "HTMLOListElement": [Function HTMLOListElement],
        "HTMLObjectElement": [Function HTMLObjectElement],
        "HTMLOptGroupElement": [Function HTMLOptGroupElement],
        "HTMLOptionElement": [Function HTMLOptionElement],
        "HTMLOptionsCollection": [Function HTMLOptionsCollection],
        "HTMLOutputElement": [Function HTMLOutputElement],
        "HTMLParagraphElement": [Function HTMLParagraphElement],
        "HTMLParamElement": [Function HTMLParamElement],
        "HTMLPictureElement": [Function HTMLPictureElement],
        "HTMLPreElement": [Function HTMLPreElement],
        "HTMLProgressElement": [Function HTMLProgressElement],
        "HTMLQuoteElement": [Function HTMLQuoteElement],
        "HTMLScriptElement": [Function HTMLScriptElement],
        "HTMLSelectElement": [Function HTMLSelectElement],
        "HTMLSlotElement": [Function HTMLSlotElement],
        "HTMLSourceElement": [Function HTMLSourceElement],
        "HTMLSpanElement": [Function HTMLSpanElement],
        "HTMLStyleElement": [Function HTMLStyleElement],
        "HTMLTableCaptionElement": [Function HTMLTableCaptionElement],
        "HTMLTableCellElement": [Function HTMLTableCellElement],
        "HTMLTableColElement": [Function HTMLTableColElement],
        "HTMLTableElement": [Function HTMLTableElement],
        "HTMLTableRowElement": [Function HTMLTableRowElement],
        "HTMLTableSectionElement": [Function HTMLTableSectionElement],
        "HTMLTemplateElement": [Function HTMLTemplateElement],
        "HTMLTextAreaElement": [Function HTMLTextAreaElement],
        "HTMLTimeElement": [Function HTMLTimeElement],
        "HTMLTitleElement": [Function HTMLTitleElement],
        "HTMLTrackElement": [Function HTMLTrackElement],
        "HTMLUListElement": [Function HTMLUListElement],
        "HTMLUnknownElement": [Function HTMLUnknownElement],
        "HTMLVideoElement": [Function HTMLVideoElement],
        "HashChangeEvent": [Function HashChangeEvent],
        "Headers": [Function Headers],
        "History": [Function History],
        "IDBVersionChangeEvent": [Function Event],
        "Image": [Function Image],
        "ImageBitmap": [Function ImageBitmap],
        "ImageData": [Function ImageData],
        "InputEvent": [Function InputEvent],
        "Int16Array": [Function Int16Array],
        "Int32Array": [Function Int32Array],
        "Int8Array": [Function Int8Array],
        "IntersectionObserver": [Function IntersectionObserver],
        "IntersectionObserverEntry": [Function IntersectionObserverEntry],
        "Intl": {},
        "JSON": {},
        "KeyboardEvent": [Function KeyboardEvent],
        "Location": [Function Location],
        "Map": [Function Map],
        "Math": {},
        "MediaList": [Function MediaList],
        "MediaQueryListEvent": [Function MediaQueryListEvent],
        "MediaStream": [Function MediaStream],
        "MediaStreamEvent": [Function Event],
        "MediaStreamTrack": [Function MediaStreamTrack],
        "MessageEvent": [Function MessageEvent],
        "MessagePort": [Function MessagePort],
        "MimeType": [Function MimeType],
        "MimeTypeArray": [Function MimeTypeArray],
        "MouseEvent": [Function MouseEvent],
        "MutationEvent": [Function Event],
        "MutationObserver": [Function MutationObserver],
        "MutationRecord": [Function MutationRecord],
        "NamedNodeMap": [Function NamedNodeMap],
        "Navigator": [Function Navigator],
        "Node": [Function Node],
        "NodeFilter": {
          "FILTER_ACCEPT": 1,
          "FILTER_REJECT": 2,
          "FILTER_SKIP": 3,
          "SHOW_ALL": -1,
          "SHOW_ATTRIBUTE": 2,
          "SHOW_CDATA_SECTION": 8,
          "SHOW_COMMENT": 128,
          "SHOW_DOCUMENT": 256,
          "SHOW_DOCUMENT_FRAGMENT": 1024,
          "SHOW_DOCUMENT_TYPE": 512,
          "SHOW_ELEMENT": 1,
          "SHOW_ENTITY": 32,
          "SHOW_ENTITY_REFERENCE": 16,
          "SHOW_NOTATION": 2048,
          "SHOW_PROCESSING_INSTRUCTION": 64,
          "SHOW_TEXT": 4,
        },
        "NodeIterator": [Function NodeIterator],
        "NodeList": [Function NodeList],
        "Number": [Function Number],
        "Object": [Function Object],
        "OfflineAudioCompletionEvent": [Function Event],
        "OffscreenCanvas": [Function OffscreenCanvas],
        "OverconstrainedError": [Function Event],
        "PageTransitionEvent": [Function Event],
        "PaymentRequestUpdateEvent": [Function Event],
        "PerformanceEntry": [Function PerformanceEntry],
        "PerformanceObserver": [Function PerformanceObserver],
        "PerformanceObserverEntryList": [Function PerformanceObserverEntryList],
        "PermissionStatus": [Function PermissionStatus],
        "Permissions": [Function Permissions],
        "Plugin": [Function Plugin],
        "PluginArray": [Function PluginArray],
        "PointerEvent": [Function PointerEvent],
        "PopStateEvent": [Function PopStateEvent],
        "ProcessingInstruction": [Function ProcessingInstruction],
        "ProgressEvent": [Function ProgressEvent],
        "Promise": [Function Promise],
        "RTCDataChannelEvent": [Function Event],
        "RTCIdentityErrorEvent": [Function Event],
        "RTCIdentityEvent": [Function Event],
        "RTCPeerConnectionIceEvent": [Function Event],
        "RadioNodeList": [Function RadioNodeList],
        "Range": [Function Range],
        "RangeError": [Function RangeError],
        "ReadableStream": [Function ReadableStream],
        "ReferenceError": [Function ReferenceError],
        "Reflect": {},
        "RegExp": [Function RegExp],
        "RelatedEvent": [Function Event],
        "RemotePlayback": [Function RemotePlayback],
        "Request": [Function Request],
        "ResizeObserver": [Function ResizeObserver],
        "Response": [Function Response],
        "SVGAngle": [Function SVGAngle],
        "SVGAnimateElement": [Function SVGAnimateElement],
        "SVGAnimateMotionElement": [Function SVGAnimateMotionElement],
        "SVGAnimateTransformElement": [Function SVGAnimateTransformElement],
        "SVGAnimatedAngle": [Function SVGAnimatedAngle],
        "SVGAnimatedBoolean": [Function SVGAnimatedBoolean],
        "SVGAnimatedEnumeration": [Function SVGAnimatedEnumeration],
        "SVGAnimatedInteger": [Function SVGAnimatedInteger],
        "SVGAnimatedLength": [Function SVGAnimatedLength],
        "SVGAnimatedLengthList": [Function SVGAnimatedLengthList],
        "SVGAnimatedNumber": [Function SVGAnimatedNumber],
        "SVGAnimatedNumberList": [Function SVGAnimatedNumberList],
        "SVGAnimatedPreserveAspectRatio": [Function SVGAnimatedPreserveAspectRatio],
        "SVGAnimatedRect": [Function SVGAnimatedRect],
        "SVGAnimatedString": [Function SVGAnimatedString],
        "SVGAnimatedTransformList": [Function SVGAnimatedTransformList],
        "SVGAnimationElement": [Function SVGAnimationElement],
        "SVGCircleElement": [Function SVGCircleElement],
        "SVGClipPathElement": [Function SVGClipPathElement],
        "SVGComponentTransferFunctionElement": [Function SVGComponentTransferFunctionElement],
        "SVGDefsElement": [Function SVGDefsElement],
        "SVGDescElement": [Function SVGDescElement],
        "SVGElement": [Function SVGElement],
        "SVGEllipseElement": [Function SVGEllipseElement],
        "SVGEvent": [Function Event],
        "SVGFEBlendElement": [Function SVGFEBlendElement],
        "SVGFEColorMatrixElement": [Function SVGFEColorMatrixElement],
        "SVGFEComponentTransferElement": [Function SVGFEComponentTransferElement],
        "SVGFECompositeElement": [Function SVGFECompositeElement],
        "SVGFEConvolveMatrixElement": [Function SVGFEConvolveMatrixElement],
        "SVGFEDiffuseLightingElement": [Function SVGFEDiffuseLightingElement],
        "SVGFEDisplacementMapElement": [Function SVGFEDisplacementMapElement],
        "SVGFEDistantLightElement": [Function SVGFEDistantLightElement],
        "SVGFEDropShadowElement": [Function SVGFEDropShadowElement],
        "SVGFEFloodElement": [Function SVGFEFloodElement],
        "SVGFEFuncAElement": [Function SVGFEFuncAElement],
        "SVGFEFuncBElement": [Function SVGFEFuncBElement],
        "SVGFEFuncGElement": [Function SVGFEFuncGElement],
        "SVGFEFuncRElement": [Function SVGFEFuncRElement],
        "SVGFEGaussianBlurElement": [Function SVGFEGaussianBlurElement],
        "SVGFEImageElement": [Function SVGFEImageElement],
        "SVGFEMergeElement": [Function SVGFEMergeElement],
        "SVGFEMergeNodeElement": [Function SVGFEMergeNodeElement],
        "SVGFEMorphologyElement": [Function SVGFEMorphologyElement],
        "SVGFEOffsetElement": [Function SVGFEOffsetElement],
        "SVGFEPointLightElement": [Function SVGFEPointLightElement],
        "SVGFESpecularLightingElement": [Function SVGFESpecularLightingElement],
        "SVGFESpotLightElement": [Function SVGFESpotLightElement],
        "SVGFETileElement": [Function SVGFETileElement],
        "SVGFETurbulenceElement": [Function SVGFETurbulenceElement],
        "SVGFilterElement": [Function SVGFilterElement],
        "SVGForeignObjectElement": [Function SVGForeignObjectElement],
        "SVGGElement": [Function SVGGElement],
        "SVGGeometryElement": [Function SVGGeometryElement],
        "SVGGradientElement": [Function SVGGradientElement],
        "SVGGraphicsElement": [Function SVGGraphicsElement],
        "SVGImageElement": [Function SVGImageElement],
        "SVGLength": [Function SVGLength],
        "SVGLengthList": [Function SVGLengthList],
        "SVGLineElement": [Function SVGLineElement],
        "SVGLinearGradientElement": [Function SVGLinearGradientElement],
        "SVGMPathElement": [Function SVGMPathElement],
        "SVGMarkerElement": [Function SVGMarkerElement],
        "SVGMaskElement": [Function SVGMaskElement],
        "SVGMatrix": [Function SVGMatrix],
        "SVGMetadataElement": [Function SVGMetadataElement],
        "SVGNumber": [Function SVGNumber],
        "SVGNumberList": [Function SVGNumberList],
        "SVGPathElement": [Function SVGPathElement],
        "SVGPatternElement": [Function SVGPatternElement],
        "SVGPoint": [Function SVGPoint],
        "SVGPointList": [Function SVGPointList],
        "SVGPolygonElement": [Function SVGPolygonElement],
        "SVGPolylineElement": [Function SVGPolylineElement],
        "SVGPreserveAspectRatio": [Function SVGPreserveAspectRatio],
        "SVGRadialGradientElement": [Function SVGRadialGradientElement],
        "SVGRect": [Function SVGRect],
        "SVGRectElement": [Function SVGRectElement],
        "SVGSVGElement": [Function SVGSVGElement],
        "SVGScriptElement": [Function SVGScriptElement],
        "SVGSetElement": [Function SVGSetElement],
        "SVGStopElement": [Function SVGStopElement],
        "SVGStringList": [Function SVGStringList],
        "SVGStyleElement": [Function SVGStyleElement],
        "SVGSwitchElement": [Function SVGSwitchElement],
        "SVGSymbolElement": [Function SVGSymbolElement],
        "SVGTSpanElement": [Function SVGTSpanElement],
        "SVGTextElement": [Function SVGTextElement],
        "SVGTextPathElement": [Function SVGTextPathElement],
        "SVGTextPositioningElement": [Function SVGTextPositioningElement],
        "SVGTitleElement": [Function SVGTitleElement],
        "SVGTransform": [Function SVGTransform],
        "SVGTransformList": [Function SVGTransformList],
        "SVGUnitTypes": [Function SVGUnitTypes],
        "SVGUseElement": [Function SVGUseElement],
        "SVGViewElement": [Function SVGViewElement],
        "SVGZoomEvent": [Function Event],
        "Screen": [Function Screen],
        "ScreenDetailed": [Function ScreenDetailed],
        "ScreenDetails": [Function ScreenDetails],
        "Selection": [Function Selection],
        "SensorEvent": [Function Event],
        "Set": [Function Set],
        "ShadowRoot": [Function ShadowRoot],
        "Storage": [Function Storage],
        "StorageEvent": [Function StorageEvent],
        "String": [Function String],
        "StylePropertyMap": [Function StylePropertyMap],
        "StylePropertyMapReadOnly": [Function StylePropertyMapReadOnly],
        "SubmitEvent": [Function SubmitEvent],
        "Symbol": [Function Symbol],
        "SyntaxError": [Function SyntaxError],
        "Text": [Function Text],
        "TextDecoder": [Function TextDecoder],
        "TextEncoder": [Function TextEncoder],
        "TextEvent": [Function Event],
        "TextTrack": [Function TextTrack],
        "TextTrackCue": [Function TextTrackCue],
        "TextTrackCueList": [Function TextTrackCueList],
        "TextTrackList": [Function TextTrackList],
        "TimeEvent": [Function Event],
        "TimeRanges": [Function TimeRanges],
        "Touch": [Function Touch],
        "TouchEvent": [Function TouchEvent],
        "TrackEvent": [Function Event],
        "TransformStream": [Function Transform],
        "TransitionEvent": [Function Event],
        "TreeWalker": [Function TreeWalker],
        "TypeError": [Function TypeError],
        "UIEvent": [Function UIEvent],
        "URIError": [Function URIError],
        "URL": [Function URL],
        "URLSearchParams": [Function URLSearchParams],
        "Uint16Array": [Function Uint16Array],
        "Uint32Array": [Function Uint32Array],
        "Uint8Array": [Function Uint8Array],
        "Uint8ClampedArray": [Function Uint8ClampedArray],
        "UserProximityEvent": [Function Event],
        "VTTCue": [Function VTTCue],
        "ValidityState": [Function ValidityState],
        "WeakMap": [Function WeakMap],
        "WeakSet": [Function WeakSet],
        "WebGLContextEvent": [Function Event],
        "WebSocket": [Function WebSocket],
        "WheelEvent": [Function WheelEvent],
        "Window": [Function Window],
        "WritableStream": [Function Writable],
        "XMLDocument": [Function XMLDocument],
        "XMLHttpRequest": [Function XMLHttpRequest],
        "XMLHttpRequestEventTarget": [Function XMLHttpRequestEventTarget],
        "XMLHttpRequestUpload": [Function XMLHttpRequestUpload],
        "XMLSerializer": [Function XMLSerializer],
        "closed": false,
        "console": VirtualConsole {},
        "crypto": Crypto {},
        "customElements": CustomElementRegistry {
          Symbol(registry): Map {},
          Symbol(classRegistry): Map {},
          Symbol(callbacks): Map {},
          Symbol(destroyed): false,
        },
        "decodeURI": [Function decodeURI],
        "decodeURIComponent": [Function decodeURIComponent],
        "document": [Circular],
        "encodeURI": [Function encodeURI],
        "encodeURIComponent": [Function encodeURIComponent],
        "escape": [Function escape],
        "eval": [Function eval],
        "global": undefined,
        "globalThis": [Circular],
        "happyDOM": DetachedWindowAPI {},
        "isFinite": [Function isFinite],
        "isNaN": [Function isNaN],
        "name": "",
        "parseFloat": [Function parseFloat],
        "parseInt": [Function parseInt],
        "performance": Performance {
          Symbol(kEvents): undefined,
          Symbol(events.maxEventTargetListeners): 10,
          Symbol(events.maxEventTargetListenersWarned): false,
          Symbol(kHandlers): undefined,
          Symbol(performance): true,
        },
        "root": undefined,
        "screenLeft": 0,
        "screenTop": 0,
        "screenX": 0,
        "screenY": 0,
        "unescape": [Function unescape],
        "window": [Circular],
        Symbol(listeners): {
          "bubbling": Map {},
          "capturing": Map {},
        },
        Symbol(listenerOptions): {
          "bubbling": Map {},
          "capturing": Map {},
        },
        Symbol(mutationObservers): [],
        Symbol(readyStateManager): DocumentReadyStateManager {},
        Symbol(location): Location {
          Symbol(Symbol.toStringTag): "Location",
        },
        Symbol(history): History {},
        Symbol(navigator): Navigator {},
        Symbol(screen): Screen {
          "availHeight": 768,
          "availWidth": 1024,
          "colorDepth": 24,
          "height": 768,
          "onchange": null,
          "pixelDepth": 24,
          "width": 1024,
          Symbol(listeners): {
            "bubbling": Map {},
            "capturing": Map {},
          },
          Symbol(listenerOptions): {
            "bubbling": Map {},
            "capturing": Map {},
          },
        },
        Symbol(sessionStorage): Storage {},
        Symbol(localStorage): Storage {},
        Symbol(cookieStore): CookieStore {
          Symbol(listeners): {
            "bubbling": Map {},
            "capturing": Map {},
          },
          Symbol(listenerOptions): {
            "bubbling": Map {},
            "capturing": Map {},
          },
        },
        Symbol(self): [Circular],
        Symbol(top): [Circular],
        Symbol(parent): [Circular],
        Symbol(window): [Circular],
        Symbol(frames): [Circular],
        Symbol(internalId): 15,
        Symbol(customElementReactionStack): CustomElementReactionStack {
          "window": [Circular],
        },
        Symbol(modules): {
          "css": Map {},
          "esm": Map {},
          "json": Map {},
        },
        Symbol(moduleImportMap): null,
        Symbol(openWebSockets): [],
        Symbol(propertyEventListeners): Map {},
        Symbol(querySelectorCache): Map {},
      },
      Symbol(forms): null,
      Symbol(affectsComputedStyleCache): [],
      Symbol(elementIdMap): Map {},
      Symbol(contentType): "text/html",
      Symbol(xmlProcessingInstruction): null,
      Symbol(preloads): Map {},
      Symbol(propertyEventListeners): Map {},
      Symbol(selection): null,
    },
    Symbol(currentTarget): null,
    Symbol(isInPassiveEventListener): false,
    Symbol(detail): {
      "profile": null,
    },
  },
  CustomEvent {
    "AT_TARGET": 2,
    "BUBBLING_PHASE": 3,
    "CAPTURING_PHASE": 1,
    "NONE": 0,
    Symbol(composed): false,
    Symbol(bubbles): false,
    Symbol(cancelable): false,
    Symbol(defaultPrevented): false,
    Symbol(eventPhase): 0,
    Symbol(timeStamp): 6658.943617,
    Symbol(type): "sceneaxi:desktop-audio-invalidate",
    Symbol(dispatching): false,
    Symbol(immediatePropagationStopped): false,
    Symbol(propagationStopped): false,
    Symbol(target): HTMLDocument {
      Symbol(listeners): {
        "bubbling": Map {},
        "capturing": Map {},
      },
      Symbol(listenerOptions): {
        "bubbling": Map {},
        "capturing": Map {},
      },
      Symbol(isConnected): true,
      Symbol(parentNode): null,
      Symbol(rootNode): [Circular],
      Symbol(styleNode): null,
      Symbol(textAreaNode): null,
      Symbol(formNode): null,
      Symbol(selectNode): null,
      Symbol(mutationListeners): [],
      Symbol(nodeArray): [
        <html>
          <head />
          <body />
        </html>,
      ],
      Symbol(elementArray): [
        <html>
          <head />
          <body />
        </html>,
      ],
      Symbol(childNodes): null,
      Symbol(assignedToSlot): null,
      Symbol(cache): {
        "computedStyle": null,
        "elementById": Map {},
        "elementByTagName": Map {},
        "elementsByTagName": Map {},
        "elementsByTagNameNS": Map {},
        "matches": Map {},
        "querySelector": Map {},
        "querySelectorAll": Map {},
      },
      Symbol(affectsCache): [],
      Symbol(ownerDocument): null,
      Symbol(children): null,
      Symbol(activeElement): null,
      Symbol(nextActiveElement): null,
      Symbol(currentScript): null,
      Symbol(isFirstWrite): true,
      Symbol(isFirstWriteAfterOpen): false,
      Symbol(nodeType): 9,
      Symbol(adoptedStyleSheets): [],
      Symbol(implementation): DOMImplementation {},
      Symbol(readyState): "complete",
      Symbol(referrer): "",
      Symbol(defaultView): Window {
        "AbortController": [Function AbortController],
        "AbortSignal": [Function AbortSignal],
        "AnimationEvent": [Function AnimationEvent],
        "Array": [Function Array],
        "ArrayBuffer": [Function ArrayBuffer],
        "Attr": [Function Attr],
        "Audio": [Function Audio],
        "AudioProcessingEvent": [Function Event],
        "BeforeInputEvent": [Function Event],
        "BeforeUnloadEvent": [Function Event],
        "Blob": [Function Blob],
        "BlobEvent": [Function Event],
        "Boolean": [Function Boolean],
        "Buffer": [Function Buffer],
        "CSSConditionRule": [Function CSSConditionRule],
        "CSSContainerRule": [Function CSSContainerRule],
        "CSSFontFaceLoadEvent": [Function Event],
        "CSSFontFaceRule": [Function CSSFontFaceRule],
        "CSSGroupingRule": [Function CSSGroupingRule],
        "CSSKeyframeRule": [Function CSSKeyframeRule],
        "CSSKeyframesRule": [Function CSSKeyframesRule],
        "CSSKeywordValue": [Function CSSKeywordValue],
        "CSSMediaRule": [Function CSSMediaRule],
        "CSSRule": [Function CSSRule],
        "CSSScopeRule": [Function CSSScopeRule],
        "CSSStyleDeclaration": [Function CSSStyleDeclaration],
        "CSSStyleRule": [Function CSSStyleRule],
        "CSSStyleSheet": [Function CSSStyleSheet],
        "CSSStyleValue": [Function CSSStyleValue],
        "CSSSupportsRule": [Function CSSSupportsRule],
        "CSSUnitValue": [Function CSSUnitValue],
        "CanvasCaptureMediaStreamTrack": [Function CanvasCaptureMediaStreamTrack],
        "CharacterData": [Function CharacterData],
        "Clipboard": [Function Clipboard],
        "ClipboardEvent": [Function ClipboardEvent],
        "ClipboardItem": [Function ClipboardItem],
        "CloseEvent": [Function CloseEvent],
        "Comment": [Function Comment],
        "CompositionEvent": [Function Event],
        "CookieChangeEvent": [Function CookieChangeEvent],
        "CookieStore": [Function CookieStore],
        "CustomElementRegistry": [Function CustomElementRegistry],
        "CustomEvent": [Function CustomEvent],
        "DOMException": [Function DOMException],
        "DOMMatrix": [Function DOMMatrix],
        "DOMMatrixReadOnly": [Function DOMMatrixReadOnly],
        "DOMParser": [Function DOMParser],
        "DOMPoint": [Function DOMPoint],
        "DOMPointReadOnly": [Function DOMPointReadOnly],
        "DOMRect": [Function DOMRect],
        "DOMRectReadOnly": [Function DOMRectReadOnly],
        "DOMTransactionEvent": [Function Event],
        "DataTransfer": [Function DataTransfer],
        "DataTransferItem": [Function DataTransferItem],
        "DataTransferItemList": [Function DataTransferItemList],
        "DataView": [Function DataView],
        "Date": [Function Date],
        "DeviceLightEvent": [Function Event],
        "DeviceMotionEvent": [Function Event],
        "DeviceOrientationEvent": [Function Event],
        "DeviceProximityEvent": [Function Event],
        "Document": [Function Document],
        "DocumentFragment": [Function DocumentFragment],
        "DocumentType": [Function DocumentType],
        "DragEvent": [Function Event],
        "EditingBeforeInputEvent": [Function Event],
        "Element": [Function Element],
        "Error": [Function Error],
        "ErrorEvent": [Function ErrorEvent],
        "EvalError": [Function EvalError],
        "Event": [Function Event],
        "EventTarget": [Function EventTarget],
        "FetchEvent": [Function Event],
        "File": [Function File],
        "FileList": [Function FileList],
        "FileReader": [Function FileReader],
        "Float32Array": [Function Float32Array],
        "Float64Array": [Function Float64Array],
        "FocusEvent": [Function FocusEvent],
        "FormData": [Function FormData],
        "Function": [Function Function],
        "GLOBAL": undefined,
        "GamepadEvent": [Function Event],
        "HTMLAnchorElement": [Function HTMLAnchorElement],
        "HTMLAreaElement": [Function HTMLAreaElement],
        "HTMLAudioElement": [Function HTMLAudioElement],
        "HTMLBRElement": [Function HTMLBRElement],
        "HTMLBaseElement": [Function HTMLBaseElement],
        "HTMLBodyElement": [Function HTMLBodyElement],
        "HTMLButtonElement": [Function HTMLButtonElement],
        "HTMLCanvasElement": [Function HTMLCanvasElement],
        "HTMLCollection": [Function HTMLCollection],
        "HTMLDListElement": [Function HTMLDListElement],
        "HTMLDataElement": [Function HTMLDataElement],
        "HTMLDataListElement": [Function HTMLDataListElement],
        "HTMLDetailsElement": [Function HTMLDetailsElement],
        "HTMLDialogElement": [Function HTMLDialogElement],
        "HTMLDivElement": [Function HTMLDivElement],
        "HTMLDocument": [Function HTMLDocument],
        "HTMLElement": [Function HTMLElement],
        "HTMLEmbedElement": [Function HTMLEmbedElement],
        "HTMLFieldSetElement": [Function HTMLFieldSetElement],
        "HTMLFormControlCollection": [Function HTMLFormControlsCollection],
        "HTMLFormElement": [Function HTMLFormElement],
        "HTMLHRElement": [Function HTMLHRElement],
        "HTMLHeadElement": [Function HTMLHeadElement],
        "HTMLHeadingElement": [Function HTMLHeadingElement],
        "HTMLHtmlElement": [Function HTMLHtmlElement],
        "HTMLIFrameElement": [Function HTMLIFrameElement],
        "HTMLImageElement": [Function HTMLImageElement],
        "HTMLInputElement": [Function HTMLInputElement],
        "HTMLLIElement": [Function HTMLLIElement],
        "HTMLLabelElement": [Function HTMLLabelElement],
        "HTMLLegendElement": [Function HTMLLegendElement],
        "HTMLLinkElement": [Function HTMLLinkElement],
        "HTMLMapElement": [Function HTMLMapElement],
        "HTMLMediaElement": [Function HTMLMediaElement],
        "HTMLMenuElement": [Function HTMLMenuElement],
        "HTMLMetaElement": [Function HTMLMetaElement],
        "HTMLMeterElement": [Function HTMLMeterElement],
        "HTMLModElement": [Function HTMLModElement],
        "HTMLOListElement": [Function HTMLOListElement],
        "HTMLObjectElement": [Function HTMLObjectElement],
        "HTMLOptGroupElement": [Function HTMLOptGroupElement],
        "HTMLOptionElement": [Function HTMLOptionElement],
        "HTMLOptionsCollection": [Function HTMLOptionsCollection],
        "HTMLOutputElement": [Function HTMLOutputElement],
        "HTMLParagraphElement": [Function HTMLParagraphElement],
        "HTMLParamElement": [Function HTMLParamElement],
        "HTMLPictureElement": [Function HTMLPictureElement],
        "HTMLPreElement": [Function HTMLPreElement],
        "HTMLProgressElement": [Function HTMLProgressElement],
        "HTMLQuoteElement": [Function HTMLQuoteElement],
        "HTMLScriptElement": [Function HTMLScriptElement],
        "HTMLSelectElement": [Function HTMLSelectElement],
        "HTMLSlotElement": [Function HTMLSlotElement],
        "HTMLSourceElement": [Function HTMLSourceElement],
        "HTMLSpanElement": [Function HTMLSpanElement],
        "HTMLStyleElement": [Function HTMLStyleElement],
        "HTMLTableCaptionElement": [Function HTMLTableCaptionElement],
        "HTMLTableCellElement": [Function HTMLTableCellElement],
        "HTMLTableColElement": [Function HTMLTableColElement],
        "HTMLTableElement": [Function HTMLTableElement],
        "HTMLTableRowElement": [Function HTMLTableRowElement],
        "HTMLTableSectionElement": [Function HTMLTableSectionElement],
        "HTMLTemplateElement": [Function HTMLTemplateElement],
        "HTMLTextAreaElement": [Function HTMLTextAreaElement],
        "HTMLTimeElement": [Function HTMLTimeElement],
        "HTMLTitleElement": [Function HTMLTitleElement],
        "HTMLTrackElement": [Function HTMLTrackElement],
        "HTMLUListElement": [Function HTMLUListElement],
        "HTMLUnknownElement": [Function HTMLUnknownElement],
        "HTMLVideoElement": [Function HTMLVideoElement],
        "HashChangeEvent": [Function HashChangeEvent],
        "Headers": [Function Headers],
        "History": [Function History],
        "IDBVersionChangeEvent": [Function Event],
        "Image": [Function Image],
        "ImageBitmap": [Function ImageBitmap],
        "ImageData": [Function ImageData],
        "InputEvent": [Function InputEvent],
        "Int16Array": [Function Int16Array],
        "Int32Array": [Function Int32Array],
        "Int8Array": [Function Int8Array],
        "IntersectionObserver": [Function IntersectionObserver],
        "IntersectionObserverEntry": [Function IntersectionObserverEntry],
        "Intl": {},
        "JSON": {},
        "KeyboardEvent": [Function KeyboardEvent],
        "Location": [Function Location],
        "Map": [Function Map],
        "Math": {},
        "MediaList": [Function MediaList],
        "MediaQueryListEvent": [Function MediaQueryListEvent],
        "MediaStream": [Function MediaStream],
        "MediaStreamEvent": [Function Event],
        "MediaStreamTrack": [Function MediaStreamTrack],
        "MessageEvent": [Function MessageEvent],
        "MessagePort": [Function MessagePort],
        "MimeType": [Function MimeType],
        "MimeTypeArray": [Function MimeTypeArray],
        "MouseEvent": [Function MouseEvent],
        "MutationEvent": [Function Event],
        "MutationObserver": [Function MutationObserver],
        "MutationRecord": [Function MutationRecord],
        "NamedNodeMap": [Function NamedNodeMap],
        "Navigator": [Function Navigator],
        "Node": [Function Node],
        "NodeFilter": {
          "FILTER_ACCEPT": 1,
          "FILTER_REJECT": 2,
          "FILTER_SKIP": 3,
          "SHOW_ALL": -1,
          "SHOW_ATTRIBUTE": 2,
          "SHOW_CDATA_SECTION": 8,
          "SHOW_COMMENT": 128,
          "SHOW_DOCUMENT": 256,
          "SHOW_DOCUMENT_FRAGMENT": 1024,
          "SHOW_DOCUMENT_TYPE": 512,
          "SHOW_ELEMENT": 1,
          "SHOW_ENTITY": 32,
          "SHOW_ENTITY_REFERENCE": 16,
          "SHOW_NOTATION": 2048,
          "SHOW_PROCESSING_INSTRUCTION": 64,
          "SHOW_TEXT": 4,
        },
        "NodeIterator": [Function NodeIterator],
        "NodeList": [Function NodeList],
        "Number": [Function Number],
        "Object": [Function Object],
        "OfflineAudioCompletionEvent": [Function Event],
        "OffscreenCanvas": [Function OffscreenCanvas],
        "OverconstrainedError": [Function Event],
        "PageTransitionEvent": [Function Event],
        "PaymentRequestUpdateEvent": [Function Event],
        "PerformanceEntry": [Function PerformanceEntry],
        "PerformanceObserver": [Function PerformanceObserver],
        "PerformanceObserverEntryList": [Function PerformanceObserverEntryList],
        "PermissionStatus": [Function PermissionStatus],
        "Permissions": [Function Permissions],
        "Plugin": [Function Plugin],
        "PluginArray": [Function PluginArray],
        "PointerEvent": [Function PointerEvent],
        "PopStateEvent": [Function PopStateEvent],
        "ProcessingInstruction": [Function ProcessingInstruction],
        "ProgressEvent": [Function ProgressEvent],
        "Promise": [Function Promise],
        "RTCDataChannelEvent": [Function Event],
        "RTCIdentityErrorEvent": [Function Event],
        "RTCIdentityEvent": [Function Event],
        "RTCPeerConnectionIceEvent": [Function Event],
        "RadioNodeList": [Function RadioNodeList],
        "Range": [Function Range],
        "RangeError": [Function RangeError],
        "ReadableStream": [Function ReadableStream],
        "ReferenceError": [Function ReferenceError],
        "Reflect": {},
        "RegExp": [Function RegExp],
        "RelatedEvent": [Function Event],
        "RemotePlayback": [Function RemotePlayback],
        "Request": [Function Request],
        "ResizeObserver": [Function ResizeObserver],
        "Response": [Function Response],
        "SVGAngle": [Function SVGAngle],
        "SVGAnimateElement": [Function SVGAnimateElement],
        "SVGAnimateMotionElement": [Function SVGAnimateMotionElement],
        "SVGAnimateTransformElement": [Function SVGAnimateTransformElement],
        "SVGAnimatedAngle": [Function SVGAnimatedAngle],
        "SVGAnimatedBoolean": [Function SVGAnimatedBoolean],
        "SVGAnimatedEnumeration": [Function SVGAnimatedEnumeration],
        "SVGAnimatedInteger": [Function SVGAnimatedInteger],
        "SVGAnimatedLength": [Function SVGAnimatedLength],
        "SVGAnimatedLengthList": [Function SVGAnimatedLengthList],
        "SVGAnimatedNumber": [Function SVGAnimatedNumber],
        "SVGAnimatedNumberList": [Function SVGAnimatedNumberList],
        "SVGAnimatedPreserveAspectRatio": [Function SVGAnimatedPreserveAspectRatio],
        "SVGAnimatedRect": [Function SVGAnimatedRect],
        "SVGAnimatedString": [Function SVGAnimatedString],
        "SVGAnimatedTransformList": [Function SVGAnimatedTransformList],
        "SVGAnimationElement": [Function SVGAnimationElement],
        "SVGCircleElement": [Function SVGCircleElement],
        "SVGClipPathElement": [Function SVGClipPathElement],
        "SVGComponentTransferFunctionElement": [Function SVGComponentTransferFunctionElement],
        "SVGDefsElement": [Function SVGDefsElement],
        "SVGDescElement": [Function SVGDescElement],
        "SVGElement": [Function SVGElement],
        "SVGEllipseElement": [Function SVGEllipseElement],
        "SVGEvent": [Function Event],
        "SVGFEBlendElement": [Function SVGFEBlendElement],
        "SVGFEColorMatrixElement": [Function SVGFEColorMatrixElement],
        "SVGFEComponentTransferElement": [Function SVGFEComponentTransferElement],
        "SVGFECompositeElement": [Function SVGFECompositeElement],
        "SVGFEConvolveMatrixElement": [Function SVGFEConvolveMatrixElement],
        "SVGFEDiffuseLightingElement": [Function SVGFEDiffuseLightingElement],
        "SVGFEDisplacementMapElement": [Function SVGFEDisplacementMapElement],
        "SVGFEDistantLightElement": [Function SVGFEDistantLightElement],
        "SVGFEDropShadowElement": [Function SVGFEDropShadowElement],
        "SVGFEFloodElement": [Function SVGFEFloodElement],
        "SVGFEFuncAElement": [Function SVGFEFuncAElement],
        "SVGFEFuncBElement": [Function SVGFEFuncBElement],
        "SVGFEFuncGElement": [Function SVGFEFuncGElement],
        "SVGFEFuncRElement": [Function SVGFEFuncRElement],
        "SVGFEGaussianBlurElement": [Function SVGFEGaussianBlurElement],
        "SVGFEImageElement": [Function SVGFEImageElement],
        "SVGFEMergeElement": [Function SVGFEMergeElement],
        "SVGFEMergeNodeElement": [Function SVGFEMergeNodeElement],
        "SVGFEMorphologyElement": [Function SVGFEMorphologyElement],
        "SVGFEOffsetElement": [Function SVGFEOffsetElement],
        "SVGFEPointLightElement": [Function SVGFEPointLightElement],
        "SVGFESpecularLightingElement": [Function SVGFESpecularLightingElement],
        "SVGFESpotLightElement": [Function SVGFESpotLightElement],
        "SVGFETileElement": [Function SVGFETileElement],
        "SVGFETurbulenceElement": [Function SVGFETurbulenceElement],
        "SVGFilterElement": [Function SVGFilterElement],
        "SVGForeignObjectElement": [Function SVGForeignObjectElement],
        "SVGGElement": [Function SVGGElement],
        "SVGGeometryElement": [Function SVGGeometryElement],
        "SVGGradientElement": [Function SVGGradientElement],
        "SVGGraphicsElement": [Function SVGGraphicsElement],
        "SVGImageElement": [Function SVGImageElement],
        "SVGLength": [Function SVGLength],
        "SVGLengthList": [Function SVGLengthList],
        "SVGLineElement": [Function SVGLineElement],
        "SVGLinearGradientElement": [Function SVGLinearGradientElement],
        "SVGMPathElement": [Function SVGMPathElement],
        "SVGMarkerElement": [Function SVGMarkerElement],
        "SVGMaskElement": [Function SVGMaskElement],
        "SVGMatrix": [Function SVGMatrix],
        "SVGMetadataElement": [Function SVGMetadataElement],
        "SVGNumber": [Function SVGNumber],
        "SVGNumberList": [Function SVGNumberList],
        "SVGPathElement": [Function SVGPathElement],
        "SVGPatternElement": [Function SVGPatternElement],
        "SVGPoint": [Function SVGPoint],
        "SVGPointList": [Function SVGPointList],
        "SVGPolygonElement": [Function SVGPolygonElement],
        "SVGPolylineElement": [Function SVGPolylineElement],
        "SVGPreserveAspectRatio": [Function SVGPreserveAspectRatio],
        "SVGRadialGradientElement": [Function SVGRadialGradientElement],
        "SVGRect": [Function SVGRect],
        "SVGRectElement": [Function SVGRectElement],
        "SVGSVGElement": [Function SVGSVGElement],
        "SVGScriptElement": [Function SVGScriptElement],
        "SVGSetElement": [Function SVGSetElement],
        "SVGStopElement": [Function SVGStopElement],
        "SVGStringList": [Function SVGStringList],
        "SVGStyleElement": [Function SVGStyleElement],
        "SVGSwitchElement": [Function SVGSwitchElement],
        "SVGSymbolElement": [Function SVGSymbolElement],
        "SVGTSpanElement": [Function SVGTSpanElement],
        "SVGTextElement": [Function SVGTextElement],
        "SVGTextPathElement": [Function SVGTextPathElement],
        "SVGTextPositioningElement": [Function SVGTextPositioningElement],
        "SVGTitleElement": [Function SVGTitleElement],
        "SVGTransform": [Function SVGTransform],
        "SVGTransformList": [Function SVGTransformList],
        "SVGUnitTypes": [Function SVGUnitTypes],
        "SVGUseElement": [Function SVGUseElement],
        "SVGViewElement": [Function SVGViewElement],
        "SVGZoomEvent": [Function Event],
        "Screen": [Function Screen],
        "ScreenDetailed": [Function ScreenDetailed],
        "ScreenDetails": [Function ScreenDetails],
        "Selection": [Function Selection],
        "SensorEvent": [Function Event],
        "Set": [Function Set],
        "ShadowRoot": [Function ShadowRoot],
        "Storage": [Function Storage],
        "StorageEvent": [Function StorageEvent],
        "String": [Function String],
        "StylePropertyMap": [Function StylePropertyMap],
        "StylePropertyMapReadOnly": [Function StylePropertyMapReadOnly],
        "SubmitEvent": [Function SubmitEvent],
        "Symbol": [Function Symbol],
        "SyntaxError": [Function SyntaxError],
        "Text": [Function Text],
        "TextDecoder": [Function TextDecoder],
        "TextEncoder": [Function TextEncoder],
        "TextEvent": [Function Event],
        "TextTrack": [Function TextTrack],
        "TextTrackCue": [Function TextTrackCue],
        "TextTrackCueList": [Function TextTrackCueList],
        "TextTrackList": [Function TextTrackList],
        "TimeEvent": [Function Event],
        "TimeRanges": [Function TimeRanges],
        "Touch": [Function Touch],
        "TouchEvent": [Function TouchEvent],
        "TrackEvent": [Function Event],
        "TransformStream": [Function Transform],
        "TransitionEvent": [Function Event],
        "TreeWalker": [Function TreeWalker],
        "TypeError": [Function TypeError],
        "UIEvent": [Function UIEvent],
        "URIError": [Function URIError],
        "URL": [Function URL],
        "URLSearchParams": [Function URLSearchParams],
        "Uint16Array": [Function Uint16Array],
        "Uint32Array": [Function Uint32Array],
        "Uint8Array": [Function Uint8Array],
        "Uint8ClampedArray": [Function Uint8ClampedArray],
        "UserProximityEvent": [Function Event],
        "VTTCue": [Function VTTCue],
        "ValidityState": [Function ValidityState],
        "WeakMap": [Function WeakMap],
        "WeakSet": [Function WeakSet],
        "WebGLContextEvent": [Function Event],
        "WebSocket": [Function WebSocket],
        "WheelEvent": [Function WheelEvent],
        "Window": [Function Window],
        "WritableStream": [Function Writable],
        "XMLDocument": [Function XMLDocument],
        "XMLHttpRequest": [Function XMLHttpRequest],
        "XMLHttpRequestEventTarget": [Function XMLHttpRequestEventTarget],
        "XMLHttpRequestUpload": [Function XMLHttpRequestUpload],
        "XMLSerializer": [Function XMLSerializer],
        "closed": false,
        "console": VirtualConsole {},
        "crypto": Crypto {},
        "customElements": CustomElementRegistry {
          Symbol(registry): Map {},
          Symbol(classRegistry): Map {},
          Symbol(callbacks): Map {},
          Symbol(destroyed): false,
        },
        "decodeURI": [Function decodeURI],
        "decodeURIComponent": [Function decodeURIComponent],
        "document": [Circular],
        "encodeURI": [Function encodeURI],
        "encodeURIComponent": [Function encodeURIComponent],
        "escape": [Function escape],
        "eval": [Function eval],
        "global": undefined,
        "globalThis": [Circular],
        "happyDOM": DetachedWindowAPI {},
        "isFinite": [Function isFinite],
        "isNaN": [Function isNaN],
        "name": "",
        "parseFloat": [Function parseFloat],
        "parseInt": [Function parseInt],
        "performance": Performance {
          Symbol(kEvents): undefined,
          Symbol(events.maxEventTargetListeners): 10,
          Symbol(events.maxEventTargetListenersWarned): false,
          Symbol(kHandlers): undefined,
          Symbol(performance): true,
        },
        "root": undefined,
        "screenLeft": 0,
        "screenTop": 0,
        "screenX": 0,
        "screenY": 0,
        "unescape": [Function unescape],
        "window": [Circular],
        Symbol(listeners): {
          "bubbling": Map {},
          "capturing": Map {},
        },
        Symbol(listenerOptions): {
          "bubbling": Map {},
          "capturing": Map {},
        },
        Symbol(mutationObservers): [],
        Symbol(readyStateManager): DocumentReadyStateManager {},
        Symbol(location): Location {
          Symbol(Symbol.toStringTag): "Location",
        },
        Symbol(history): History {},
        Symbol(navigator): Navigator {},
        Symbol(screen): Screen {
          "availHeight": 768,
          "availWidth": 1024,
          "colorDepth": 24,
          "height": 768,
          "onchange": null,
          "pixelDepth": 24,
          "width": 1024,
          Symbol(listeners): {
            "bubbling": Map {},
            "capturing": Map {},
          },
          Symbol(listenerOptions): {
            "bubbling": Map {},
            "capturing": Map {},
          },
        },
        Symbol(sessionStorage): Storage {},
        Symbol(localStorage): Storage {},
        Symbol(cookieStore): CookieStore {
          Symbol(listeners): {
            "bubbling": Map {},
            "capturing": Map {},
          },
          Symbol(listenerOptions): {
            "bubbling": Map {},
            "capturing": Map {},
          },
        },
        Symbol(self): [Circular],
        Symbol(top): [Circular],
        Symbol(parent): [Circular],
        Symbol(window): [Circular],
        Symbol(frames): [Circular],
        Symbol(internalId): 15,
        Symbol(customElementReactionStack): CustomElementReactionStack {
          "window": [Circular],
        },
        Symbol(modules): {
          "css": Map {},
          "esm": Map {},
          "json": Map {},
        },
        Symbol(moduleImportMap): null,
        Symbol(openWebSockets): [],
        Symbol(propertyEventListeners): Map {},
        Symbol(querySelectorCache): Map {},
      },
      Symbol(forms): null,
      Symbol(affectsComputedStyleCache): [],
      Symbol(elementIdMap): Map {},
      Symbol(contentType): "text/html",
      Symbol(xmlProcessingInstruction): null,
      Symbol(preloads): Map {},
      Symbol(propertyEventListeners): Map {},
      Symbol(selection): null,
    },
    Symbol(currentTarget): null,
    Symbol(isInPassiveEventListener): false,
    Symbol(detail): {
      "profile": null,
    },
  },
  CustomEvent {
    "AT_TARGET": 2,
    "BUBBLING_PHASE": 3,
    "CAPTURING_PHASE": 1,
    "NONE": 0,
    Symbol(composed): false,
    Symbol(bubbles): false,
    Symbol(cancelable): false,
    Symbol(defaultPrevented): false,
    Symbol(eventPhase): 0,
    Symbol(timeStamp): 6718.453623,
    Symbol(type): "sceneaxi:desktop-viewport-play",
    Symbol(dispatching): false,
    Symbol(immediatePropagationStopped): false,
    Symbol(propagationStopped): false,
    Symbol(target): HTMLDocument {
      Symbol(listeners): {
        "bubbling": Map {},
        "capturing": Map {},
      },
      Symbol(listenerOptions): {
        "bubbling": Map {},
        "capturing": Map {},
      },
      Symbol(isConnected): true,
      Symbol(parentNode): null,
      Symbol(rootNode): [Circular],
      Symbol(styleNode): null,
      Symbol(textAreaNode): null,
      Symbol(formNode): null,
      Symbol(selectNode): null,
      Symbol(mutationListeners): [],
      Symbol(nodeArray): [
        <html>
          <head />
          <body />
        </html>,
      ],
      Symbol(elementArray): [
        <html>
          <head />
          <body />
        </html>,
      ],
      Symbol(childNodes): null,
      Symbol(assignedToSlot): null,
      Symbol(cache): {
        "computedStyle": null,
        "elementById": Map {},
        "elementByTagName": Map {},
        "elementsByTagName": Map {},
        "elementsByTagNameNS": Map {},
        "matches": Map {},
        "querySelector": Map {},
        "querySelectorAll": Map {},
      },
      Symbol(affectsCache): [],
      Symbol(ownerDocument): null,
      Symbol(children): null,
      Symbol(activeElement): null,
      Symbol(nextActiveElement): null,
      Symbol(currentScript): null,
      Symbol(isFirstWrite): true,
      Symbol(isFirstWriteAfterOpen): false,
      Symbol(nodeType): 9,
      Symbol(adoptedStyleSheets): [],
      Symbol(implementation): DOMImplementation {},
      Symbol(readyState): "complete",
      Symbol(referrer): "",
      Symbol(defaultView): Window {
        "AbortController": [Function AbortController],
        "AbortSignal": [Function AbortSignal],
        "AnimationEvent": [Function AnimationEvent],
        "Array": [Function Array],
        "ArrayBuffer": [Function ArrayBuffer],
        "Attr": [Function Attr],
        "Audio": [Function Audio],
        "AudioProcessingEvent": [Function Event],
        "BeforeInputEvent": [Function Event],
        "BeforeUnloadEvent": [Function Event],
        "Blob": [Function Blob],
        "BlobEvent": [Function Event],
        "Boolean": [Function Boolean],
        "Buffer": [Function Buffer],
        "CSSConditionRule": [Function CSSConditionRule],
        "CSSContainerRule": [Function CSSContainerRule],
        "CSSFontFaceLoadEvent": [Function Event],
        "CSSFontFaceRule": [Function CSSFontFaceRule],
        "CSSGroupingRule": [Function CSSGroupingRule],
        "CSSKeyframeRule": [Function CSSKeyframeRule],
        "CSSKeyframesRule": [Function CSSKeyframesRule],
        "CSSKeywordValue": [Function CSSKeywordValue],
        "CSSMediaRule": [Function CSSMediaRule],
        "CSSRule": [Function CSSRule],
        "CSSScopeRule": [Function CSSScopeRule],
        "CSSStyleDeclaration": [Function CSSStyleDeclaration],
        "CSSStyleRule": [Function CSSStyleRule],
        "CSSStyleSheet": [Function CSSStyleSheet],
        "CSSStyleValue": [Function CSSStyleValue],
        "CSSSupportsRule": [Function CSSSupportsRule],
        "CSSUnitValue": [Function CSSUnitValue],
        "CanvasCaptureMediaStreamTrack": [Function CanvasCaptureMediaStreamTrack],
        "CharacterData": [Function CharacterData],
        "Clipboard": [Function Clipboard],
        "ClipboardEvent": [Function ClipboardEvent],
        "ClipboardItem": [Function ClipboardItem],
        "CloseEvent": [Function CloseEvent],
        "Comment": [Function Comment],
        "CompositionEvent": [Function Event],
        "CookieChangeEvent": [Function CookieChangeEvent],
        "CookieStore": [Function CookieStore],
        "CustomElementRegistry": [Function CustomElementRegistry],
        "CustomEvent": [Function CustomEvent],
        "DOMException": [Function DOMException],
        "DOMMatrix": [Function DOMMatrix],
        "DOMMatrixReadOnly": [Function DOMMatrixReadOnly],
        "DOMParser": [Function DOMParser],
        "DOMPoint": [Function DOMPoint],
        "DOMPointReadOnly": [Function DOMPointReadOnly],
        "DOMRect": [Function DOMRect],
        "DOMRectReadOnly": [Function DOMRectReadOnly],
        "DOMTransactionEvent": [Function Event],
        "DataTransfer": [Function DataTransfer],
        "DataTransferItem": [Function DataTransferItem],
        "DataTransferItemList": [Function DataTransferItemList],
        "DataView": [Function DataView],
        "Date": [Function Date],
        "DeviceLightEvent": [Function Event],
        "DeviceMotionEvent": [Function Event],
        "DeviceOrientationEvent": [Function Event],
        "DeviceProximityEvent": [Function Event],
        "Document": [Function Document],
        "DocumentFragment": [Function DocumentFragment],
        "DocumentType": [Function DocumentType],
        "DragEvent": [Function Event],
        "EditingBeforeInputEvent": [Function Event],
        "Element": [Function Element],
        "Error": [Function Error],
        "ErrorEvent": [Function ErrorEvent],
        "EvalError": [Function EvalError],
        "Event": [Function Event],
        "EventTarget": [Function EventTarget],
        "FetchEvent": [Function Event],
        "File": [Function File],
        "FileList": [Function FileList],
        "FileReader": [Function FileReader],
        "Float32Array": [Function Float32Array],
        "Float64Array": [Function Float64Array],
        "FocusEvent": [Function FocusEvent],
        "FormData": [Function FormData],
        "Function": [Function Function],
        "GLOBAL": undefined,
        "GamepadEvent": [Function Event],
        "HTMLAnchorElement": [Function HTMLAnchorElement],
        "HTMLAreaElement": [Function HTMLAreaElement],
        "HTMLAudioElement": [Function HTMLAudioElement],
        "HTMLBRElement": [Function HTMLBRElement],
        "HTMLBaseElement": [Function HTMLBaseElement],
        "HTMLBodyElement": [Function HTMLBodyElement],
        "HTMLButtonElement": [Function HTMLButtonElement],
        "HTMLCanvasElement": [Function HTMLCanvasElement],
        "HTMLCollection": [Function HTMLCollection],
        "HTMLDListElement": [Function HTMLDListElement],
        "HTMLDataElement": [Function HTMLDataElement],
        "HTMLDataListElement": [Function HTMLDataListElement],
        "HTMLDetailsElement": [Function HTMLDetailsElement],
        "HTMLDialogElement": [Function HTMLDialogElement],
        "HTMLDivElement": [Function HTMLDivElement],
        "HTMLDocument": [Function HTMLDocument],
        "HTMLElement": [Function HTMLElement],
        "HTMLEmbedElement": [Function HTMLEmbedElement],
        "HTMLFieldSetElement": [Function HTMLFieldSetElement],
        "HTMLFormControlCollection": [Function HTMLFormControlsCollection],
        "HTMLFormElement": [Function HTMLFormElement],
        "HTMLHRElement": [Function HTMLHRElement],
        "HTMLHeadElement": [Function HTMLHeadElement],
        "HTMLHeadingElement": [Function HTMLHeadingElement],
        "HTMLHtmlElement": [Function HTMLHtmlElement],
        "HTMLIFrameElement": [Function HTMLIFrameElement],
        "HTMLImageElement": [Function HTMLImageElement],
        "HTMLInputElement": [Function HTMLInputElement],
        "HTMLLIElement": [Function HTMLLIElement],
        "HTMLLabelElement": [Function HTMLLabelElement],
        "HTMLLegendElement": [Function HTMLLegendElement],
        "HTMLLinkElement": [Function HTMLLinkElement],
        "HTMLMapElement": [Function HTMLMapElement],
        "HTMLMediaElement": [Function HTMLMediaElement],
        "HTMLMenuElement": [Function HTMLMenuElement],
        "HTMLMetaElement": [Function HTMLMetaElement],
        "HTMLMeterElement": [Function HTMLMeterElement],
        "HTMLModElement": [Function HTMLModElement],
        "HTMLOListElement": [Function HTMLOListElement],
        "HTMLObjectElement": [Function HTMLObjectElement],
        "HTMLOptGroupElement": [Function HTMLOptGroupElement],
        "HTMLOptionElement": [Function HTMLOptionElement],
        "HTMLOptionsCollection": [Function HTMLOptionsCollection],
        "HTMLOutputElement": [Function HTMLOutputElement],
        "HTMLParagraphElement": [Function HTMLParagraphElement],
        "HTMLParamElement": [Function HTMLParamElement],
        "HTMLPictureElement": [Function HTMLPictureElement],
        "HTMLPreElement": [Function HTMLPreElement],
        "HTMLProgressElement": [Function HTMLProgressElement],
        "HTMLQuoteElement": [Function HTMLQuoteElement],
        "HTMLScriptElement": [Function HTMLScriptElement],
        "HTMLSelectElement": [Function HTMLSelectElement],
        "HTMLSlotElement": [Function HTMLSlotElement],
        "HTMLSourceElement": [Function HTMLSourceElement],
        "HTMLSpanElement": [Function HTMLSpanElement],
        "HTMLStyleElement": [Function HTMLStyleElement],
        "HTMLTableCaptionElement": [Function HTMLTableCaptionElement],
        "HTMLTableCellElement": [Function HTMLTableCellElement],
        "HTMLTableColElement": [Function HTMLTableColElement],
        "HTMLTableElement": [Function HTMLTableElement],
        "HTMLTableRowElement": [Function HTMLTableRowElement],
        "HTMLTableSectionElement": [Function HTMLTableSectionElement],
        "HTMLTemplateElement": [Function HTMLTemplateElement],
        "HTMLTextAreaElement": [Function HTMLTextAreaElement],
        "HTMLTimeElement": [Function HTMLTimeElement],
        "HTMLTitleElement": [Function HTMLTitleElement],
        "HTMLTrackElement": [Function HTMLTrackElement],
        "HTMLUListElement": [Function HTMLUListElement],
        "HTMLUnknownElement": [Function HTMLUnknownElement],
        "HTMLVideoElement": [Function HTMLVideoElement],
        "HashChangeEvent": [Function HashChangeEvent],
        "Headers": [Function Headers],
        "History": [Function History],
        "IDBVersionChangeEvent": [Function Event],
        "Image": [Function Image],
        "ImageBitmap": [Function ImageBitmap],
        "ImageData": [Function ImageData],
        "InputEvent": [Function InputEvent],
        "Int16Array": [Function Int16Array],
        "Int32Array": [Function Int32Array],
        "Int8Array": [Function Int8Array],
        "IntersectionObserver": [Function IntersectionObserver],
        "IntersectionObserverEntry": [Function IntersectionObserverEntry],
        "Intl": {},
        "JSON": {},
        "KeyboardEvent": [Function KeyboardEvent],
        "Location": [Function Location],
        "Map": [Function Map],
        "Math": {},
        "MediaList": [Function MediaList],
        "MediaQueryListEvent": [Function MediaQueryListEvent],
        "MediaStream": [Function MediaStream],
        "MediaStreamEvent": [Function Event],
        "MediaStreamTrack": [Function MediaStreamTrack],
        "MessageEvent": [Function MessageEvent],
        "MessagePort": [Function MessagePort],
        "MimeType": [Function MimeType],
        "MimeTypeArray": [Function MimeTypeArray],
        "MouseEvent": [Function MouseEvent],
        "MutationEvent": [Function Event],
        "MutationObserver": [Function MutationObserver],
        "MutationRecord": [Function MutationRecord],
        "NamedNodeMap": [Function NamedNodeMap],
        "Navigator": [Function Navigator],
        "Node": [Function Node],
        "NodeFilter": {
          "FILTER_ACCEPT": 1,
          "FILTER_REJECT": 2,
          "FILTER_SKIP": 3,
          "SHOW_ALL": -1,
          "SHOW_ATTRIBUTE": 2,
          "SHOW_CDATA_SECTION": 8,
          "SHOW_COMMENT": 128,
          "SHOW_DOCUMENT": 256,
          "SHOW_DOCUMENT_FRAGMENT": 1024,
          "SHOW_DOCUMENT_TYPE": 512,
          "SHOW_ELEMENT": 1,
          "SHOW_ENTITY": 32,
          "SHOW_ENTITY_REFERENCE": 16,
          "SHOW_NOTATION": 2048,
          "SHOW_PROCESSING_INSTRUCTION": 64,
          "SHOW_TEXT": 4,
        },
        "NodeIterator": [Function NodeIterator],
        "NodeList": [Function NodeList],
        "Number": [Function Number],
        "Object": [Function Object],
        "OfflineAudioCompletionEvent": [Function Event],
        "OffscreenCanvas": [Function OffscreenCanvas],
        "OverconstrainedError": [Function Event],
        "PageTransitionEvent": [Function Event],
        "PaymentRequestUpdateEvent": [Function Event],
        "PerformanceEntry": [Function PerformanceEntry],
        "PerformanceObserver": [Function PerformanceObserver],
        "PerformanceObserverEntryList": [Function PerformanceObserverEntryList],
        "PermissionStatus": [Function PermissionStatus],
        "Permissions": [Function Permissions],
        "Plugin": [Function Plugin],
        "PluginArray": [Function PluginArray],
        "PointerEvent": [Function PointerEvent],
        "PopStateEvent": [Function PopStateEvent],
        "ProcessingInstruction": [Function ProcessingInstruction],
        "ProgressEvent": [Function ProgressEvent],
        "Promise": [Function Promise],
        "RTCDataChannelEvent": [Function Event],
        "RTCIdentityErrorEvent": [Function Event],
        "RTCIdentityEvent": [Function Event],
        "RTCPeerConnectionIceEvent": [Function Event],
        "RadioNodeList": [Function RadioNodeList],
        "Range": [Function Range],
        "RangeError": [Function RangeError],
        "ReadableStream": [Function ReadableStream],
        "ReferenceError": [Function ReferenceError],
        "Reflect": {},
        "RegExp": [Function RegExp],
        "RelatedEvent": [Function Event],
        "RemotePlayback": [Function RemotePlayback],
        "Request": [Function Request],
        "ResizeObserver": [Function ResizeObserver],
        "Response": [Function Response],
        "SVGAngle": [Function SVGAngle],
        "SVGAnimateElement": [Function SVGAnimateElement],
        "SVGAnimateMotionElement": [Function SVGAnimateMotionElement],
        "SVGAnimateTransformElement": [Function SVGAnimateTransformElement],
        "SVGAnimatedAngle": [Function SVGAnimatedAngle],
        "SVGAnimatedBoolean": [Function SVGAnimatedBoolean],
        "SVGAnimatedEnumeration": [Function SVGAnimatedEnumeration],
        "SVGAnimatedInteger": [Function SVGAnimatedInteger],
        "SVGAnimatedLength": [Function SVGAnimatedLength],
        "SVGAnimatedLengthList": [Function SVGAnimatedLengthList],
        "SVGAnimatedNumber": [Function SVGAnimatedNumber],
        "SVGAnimatedNumberList": [Function SVGAnimatedNumberList],
        "SVGAnimatedPreserveAspectRatio": [Function SVGAnimatedPreserveAspectRatio],
        "SVGAnimatedRect": [Function SVGAnimatedRect],
        "SVGAnimatedString": [Function SVGAnimatedString],
        "SVGAnimatedTransformList": [Function SVGAnimatedTransformList],
        "SVGAnimationElement": [Function SVGAnimationElement],
        "SVGCircleElement": [Function SVGCircleElement],
        "SVGClipPathElement": [Function SVGClipPathElement],
        "SVGComponentTransferFunctionElement": [Function SVGComponentTransferFunctionElement],
        "SVGDefsElement": [Function SVGDefsElement],
        "SVGDescElement": [Function SVGDescElement],
        "SVGElement": [Function SVGElement],
        "SVGEllipseElement": [Function SVGEllipseElement],
        "SVGEvent": [Function Event],
        "SVGFEBlendElement": [Function SVGFEBlendElement],
        "SVGFEColorMatrixElement": [Function SVGFEColorMatrixElement],
        "SVGFEComponentTransferElement": [Function SVGFEComponentTransferElement],
        "SVGFECompositeElement": [Function SVGFECompositeElement],
        "SVGFEConvolveMatrixElement": [Function SVGFEConvolveMatrixElement],
        "SVGFEDiffuseLightingElement": [Function SVGFEDiffuseLightingElement],
        "SVGFEDisplacementMapElement": [Function SVGFEDisplacementMapElement],
        "SVGFEDistantLightElement": [Function SVGFEDistantLightElement],
        "SVGFEDropShadowElement": [Function SVGFEDropShadowElement],
        "SVGFEFloodElement": [Function SVGFEFloodElement],
        "SVGFEFuncAElement": [Function SVGFEFuncAElement],
        "SVGFEFuncBElement": [Function SVGFEFuncBElement],
        "SVGFEFuncGElement": [Function SVGFEFuncGElement],
        "SVGFEFuncRElement": [Function SVGFEFuncRElement],
        "SVGFEGaussianBlurElement": [Function SVGFEGaussianBlurElement],
        "SVGFEImageElement": [Function SVGFEImageElement],
        "SVGFEMergeElement": [Function SVGFEMergeElement],
        "SVGFEMergeNodeElement": [Function SVGFEMergeNodeElement],
        "SVGFEMorphologyElement": [Function SVGFEMorphologyElement],
        "SVGFEOffsetElement": [Function SVGFEOffsetElement],
        "SVGFEPointLightElement": [Function SVGFEPointLightElement],
        "SVGFESpecularLightingElement": [Function SVGFESpecularLightingElement],
        "SVGFESpotLightElement": [Function SVGFESpotLightElement],
        "SVGFETileElement": [Function SVGFETileElement],
        "SVGFETurbulenceElement": [Function SVGFETurbulenceElement],
        "SVGFilterElement": [Function SVGFilterElement],
        "SVGForeignObjectElement": [Function SVGForeignObjectElement],
        "SVGGElement": [Function SVGGElement],
        "SVGGeometryElement": [Function SVGGeometryElement],
        "SVGGradientElement": [Function SVGGradientElement],
        "SVGGraphicsElement": [Function SVGGraphicsElement],
        "SVGImageElement": [Function SVGImageElement],
        "SVGLength": [Function SVGLength],
        "SVGLengthList": [Function SVGLengthList],
        "SVGLineElement": [Function SVGLineElement],
        "SVGLinearGradientElement": [Function SVGLinearGradientElement],
        "SVGMPathElement": [Function SVGMPathElement],
        "SVGMarkerElement": [Function SVGMarkerElement],
        "SVGMaskElement": [Function SVGMaskElement],
        "SVGMatrix": [Function SVGMatrix],
        "SVGMetadataElement": [Function SVGMetadataElement],
        "SVGNumber": [Function SVGNumber],
        "SVGNumberList": [Function SVGNumberList],
        "SVGPathElement": [Function SVGPathElement],
        "SVGPatternElement": [Function SVGPatternElement],
        "SVGPoint": [Function SVGPoint],
        "SVGPointList": [Function SVGPointList],
        "SVGPolygonElement": [Function SVGPolygonElement],
        "SVGPolylineElement": [Function SVGPolylineElement],
        "SVGPreserveAspectRatio": [Function SVGPreserveAspectRatio],
        "SVGRadialGradientElement": [Function SVGRadialGradientElement],
        "SVGRect": [Function SVGRect],
        "SVGRectElement": [Function SVGRectElement],
        "SVGSVGElement": [Function SVGSVGElement],
        "SVGScriptElement": [Function SVGScriptElement],
        "SVGSetElement": [Function SVGSetElement],
        "SVGStopElement": [Function SVGStopElement],
        "SVGStringList": [Function SVGStringList],
        "SVGStyleElement": [Function SVGStyleElement],
        "SVGSwitchElement": [Function SVGSwitchElement],
        "SVGSymbolElement": [Function SVGSymbolElement],
        "SVGTSpanElement": [Function SVGTSpanElement],
        "SVGTextElement": [Function SVGTextElement],
        "SVGTextPathElement": [Function SVGTextPathElement],
        "SVGTextPositioningElement": [Function SVGTextPositioningElement],
        "SVGTitleElement": [Function SVGTitleElement],
        "SVGTransform": [Function SVGTransform],
        "SVGTransformList": [Function SVGTransformList],
        "SVGUnitTypes": [Function SVGUnitTypes],
        "SVGUseElement": [Function SVGUseElement],
        "SVGViewElement": [Function SVGViewElement],
        "SVGZoomEvent": [Function Event],
        "Screen": [Function Screen],
        "ScreenDetailed": [Function ScreenDetailed],
        "ScreenDetails": [Function ScreenDetails],
        "Selection": [Function Selection],
        "SensorEvent": [Function Event],
        "Set": [Function Set],
        "ShadowRoot": [Function ShadowRoot],
        "Storage": [Function Storage],
        "StorageEvent": [Function StorageEvent],
        "String": [Function String],
        "StylePropertyMap": [Function StylePropertyMap],
        "StylePropertyMapReadOnly": [Function StylePropertyMapReadOnly],
        "SubmitEvent": [Function SubmitEvent],
        "Symbol": [Function Symbol],
        "SyntaxError": [Function SyntaxError],
        "Text": [Function Text],
        "TextDecoder": [Function TextDecoder],
        "TextEncoder": [Function TextEncoder],
        "TextEvent": [Function Event],
        "TextTrack": [Function TextTrack],
        "TextTrackCue": [Function TextTrackCue],
        "TextTrackCueList": [Function TextTrackCueList],
        "TextTrackList": [Function TextTrackList],
        "TimeEvent": [Function Event],
        "TimeRanges": [Function TimeRanges],
        "Touch": [Function Touch],
        "TouchEvent": [Function TouchEvent],
        "TrackEvent": [Function Event],
        "TransformStream": [Function Transform],
        "TransitionEvent": [Function Event],
        "TreeWalker": [Function TreeWalker],
        "TypeError": [Function TypeError],
        "UIEvent": [Function UIEvent],
        "URIError": [Function URIError],
        "URL": [Function URL],
        "URLSearchParams": [Function URLSearchParams],
        "Uint16Array": [Function Uint16Array],
        "Uint32Array": [Function Uint32Array],
        "Uint8Array": [Function Uint8Array],
        "Uint8ClampedArray": [Function Uint8ClampedArray],
        "UserProximityEvent": [Function Event],
        "VTTCue": [Function VTTCue],
        "ValidityState": [Function ValidityState],
        "WeakMap": [Function WeakMap],
        "WeakSet": [Functi...

[36m [2m❯[22m tests/e2e/desktop-linux-bridge-golden.test.ts:[2m2069:30[22m[39m
    [90m2067|[39m     expect(runEvidence.hidden).toBe(true);
    [90m2068|[39m     expect(runEvidence.textContent).toBe("");
    [90m2069|[39m     expect(dispatchedEvents).toContainEqual({
    [90m   |[39m                              [31m^[39m
    [90m2070|[39m       type: DESKTOP_RARITY_PROPOSAL_EVENT,
    [90m2071|[39m       detail: {

[31m[2m⎯⎯⎯⎯⎯⎯⎯⎯⎯⎯⎯⎯⎯⎯⎯⎯⎯⎯⎯⎯⎯⎯⎯⎯[2/7]⎯[22m[39m

[41m[1m FAIL [22m[49m tests/e2e/desktop-linux-bridge-golden.test.ts[2m > [22mdesktop chrome document — the shell's chrome, unforked, plus two injections[2m > [22mretires displayed evidence when Reload proves RARITY_OUTCOME_MISMATCH
[31m[1mAssertionError[22m: expected [ …(7) ] to deep equally contain { …(2) }[39m

[32m- Expected:[39m
{
  "detail": {
    "invalidated": true,
    "namespaceDigest": "sha256:5555555555555555555555555555555555555555555555555555555555555555",
  },
  "type": "sceneaxi:desktop-rarity-proposal",
}

[31m+ Received:[39m
[
  CustomEvent {
    "AT_TARGET": 2,
    "BUBBLING_PHASE": 3,
    "CAPTURING_PHASE": 1,
    "NONE": 0,
    Symbol(composed): false,
    Symbol(bubbles): false,
    Symbol(cancelable): false,
    Symbol(defaultPrevented): false,
    Symbol(eventPhase): 0,
    Symbol(timeStamp): 6868.209767,
    Symbol(type): "sceneaxi:desktop-audio-invalidate",
    Symbol(dispatching): false,
    Symbol(immediatePropagationStopped): false,
    Symbol(propagationStopped): false,
    Symbol(target): HTMLDocument {
      Symbol(listeners): {
        "bubbling": Map {},
        "capturing": Map {},
      },
      Symbol(listenerOptions): {
        "bubbling": Map {},
        "capturing": Map {},
      },
      Symbol(isConnected): true,
      Symbol(parentNode): null,
      Symbol(rootNode): [Circular],
      Symbol(styleNode): null,
      Symbol(textAreaNode): null,
      Symbol(formNode): null,
      Symbol(selectNode): null,
      Symbol(mutationListeners): [],
      Symbol(nodeArray): [
        <html>
          <head />
          <body />
        </html>,
      ],
      Symbol(elementArray): [
        <html>
          <head />
          <body />
        </html>,
      ],
      Symbol(childNodes): null,
      Symbol(assignedToSlot): null,
      Symbol(cache): {
        "computedStyle": null,
        "elementById": Map {},
        "elementByTagName": Map {},
        "elementsByTagName": Map {},
        "elementsByTagNameNS": Map {},
        "matches": Map {},
        "querySelector": Map {},
        "querySelectorAll": Map {},
      },
      Symbol(affectsCache): [],
      Symbol(ownerDocument): null,
      Symbol(children): null,
      Symbol(activeElement): null,
      Symbol(nextActiveElement): null,
      Symbol(currentScript): null,
      Symbol(isFirstWrite): true,
      Symbol(isFirstWriteAfterOpen): false,
      Symbol(nodeType): 9,
      Symbol(adoptedStyleSheets): [],
      Symbol(implementation): DOMImplementation {},
      Symbol(readyState): "complete",
      Symbol(referrer): "",
      Symbol(defaultView): Window {
        "AbortController": [Function AbortController],
        "AbortSignal": [Function AbortSignal],
        "AnimationEvent": [Function AnimationEvent],
        "Array": [Function Array],
        "ArrayBuffer": [Function ArrayBuffer],
        "Attr": [Function Attr],
        "Audio": [Function Audio],
        "AudioProcessingEvent": [Function Event],
        "BeforeInputEvent": [Function Event],
        "BeforeUnloadEvent": [Function Event],
        "Blob": [Function Blob],
        "BlobEvent": [Function Event],
        "Boolean": [Function Boolean],
        "Buffer": [Function Buffer],
        "CSSConditionRule": [Function CSSConditionRule],
        "CSSContainerRule": [Function CSSContainerRule],
        "CSSFontFaceLoadEvent": [Function Event],
        "CSSFontFaceRule": [Function CSSFontFaceRule],
        "CSSGroupingRule": [Function CSSGroupingRule],
        "CSSKeyframeRule": [Function CSSKeyframeRule],
        "CSSKeyframesRule": [Function CSSKeyframesRule],
        "CSSKeywordValue": [Function CSSKeywordValue],
        "CSSMediaRule": [Function CSSMediaRule],
        "CSSRule": [Function CSSRule],
        "CSSScopeRule": [Function CSSScopeRule],
        "CSSStyleDeclaration": [Function CSSStyleDeclaration],
        "CSSStyleRule": [Function CSSStyleRule],
        "CSSStyleSheet": [Function CSSStyleSheet],
        "CSSStyleValue": [Function CSSStyleValue],
        "CSSSupportsRule": [Function CSSSupportsRule],
        "CSSUnitValue": [Function CSSUnitValue],
        "CanvasCaptureMediaStreamTrack": [Function CanvasCaptureMediaStreamTrack],
        "CharacterData": [Function CharacterData],
        "Clipboard": [Function Clipboard],
        "ClipboardEvent": [Function ClipboardEvent],
        "ClipboardItem": [Function ClipboardItem],
        "CloseEvent": [Function CloseEvent],
        "Comment": [Function Comment],
        "CompositionEvent": [Function Event],
        "CookieChangeEvent": [Function CookieChangeEvent],
        "CookieStore": [Function CookieStore],
        "CustomElementRegistry": [Function CustomElementRegistry],
        "CustomEvent": [Function CustomEvent],
        "DOMException": [Function DOMException],
        "DOMMatrix": [Function DOMMatrix],
        "DOMMatrixReadOnly": [Function DOMMatrixReadOnly],
        "DOMParser": [Function DOMParser],
        "DOMPoint": [Function DOMPoint],
        "DOMPointReadOnly": [Function DOMPointReadOnly],
        "DOMRect": [Function DOMRect],
        "DOMRectReadOnly": [Function DOMRectReadOnly],
        "DOMTransactionEvent": [Function Event],
        "DataTransfer": [Function DataTransfer],
        "DataTransferItem": [Function DataTransferItem],
        "DataTransferItemList": [Function DataTransferItemList],
        "DataView": [Function DataView],
        "Date": [Function Date],
        "DeviceLightEvent": [Function Event],
        "DeviceMotionEvent": [Function Event],
        "DeviceOrientationEvent": [Function Event],
        "DeviceProximityEvent": [Function Event],
        "Document": [Function Document],
        "DocumentFragment": [Function DocumentFragment],
        "DocumentType": [Function DocumentType],
        "DragEvent": [Function Event],
        "EditingBeforeInputEvent": [Function Event],
        "Element": [Function Element],
        "Error": [Function Error],
        "ErrorEvent": [Function ErrorEvent],
        "EvalError": [Function EvalError],
        "Event": [Function Event],
        "EventTarget": [Function EventTarget],
        "FetchEvent": [Function Event],
        "File": [Function File],
        "FileList": [Function FileList],
        "FileReader": [Function FileReader],
        "Float32Array": [Function Float32Array],
        "Float64Array": [Function Float64Array],
        "FocusEvent": [Function FocusEvent],
        "FormData": [Function FormData],
        "Function": [Function Function],
        "GLOBAL": undefined,
        "GamepadEvent": [Function Event],
        "HTMLAnchorElement": [Function HTMLAnchorElement],
        "HTMLAreaElement": [Function HTMLAreaElement],
        "HTMLAudioElement": [Function HTMLAudioElement],
        "HTMLBRElement": [Function HTMLBRElement],
        "HTMLBaseElement": [Function HTMLBaseElement],
        "HTMLBodyElement": [Function HTMLBodyElement],
        "HTMLButtonElement": [Function HTMLButtonElement],
        "HTMLCanvasElement": [Function HTMLCanvasElement],
        "HTMLCollection": [Function HTMLCollection],
        "HTMLDListElement": [Function HTMLDListElement],
        "HTMLDataElement": [Function HTMLDataElement],
        "HTMLDataListElement": [Function HTMLDataListElement],
        "HTMLDetailsElement": [Function HTMLDetailsElement],
        "HTMLDialogElement": [Function HTMLDialogElement],
        "HTMLDivElement": [Function HTMLDivElement],
        "HTMLDocument": [Function HTMLDocument],
        "HTMLElement": [Function HTMLElement],
        "HTMLEmbedElement": [Function HTMLEmbedElement],
        "HTMLFieldSetElement": [Function HTMLFieldSetElement],
        "HTMLFormControlCollection": [Function HTMLFormControlsCollection],
        "HTMLFormElement": [Function HTMLFormElement],
        "HTMLHRElement": [Function HTMLHRElement],
        "HTMLHeadElement": [Function HTMLHeadElement],
        "HTMLHeadingElement": [Function HTMLHeadingElement],
        "HTMLHtmlElement": [Function HTMLHtmlElement],
        "HTMLIFrameElement": [Function HTMLIFrameElement],
        "HTMLImageElement": [Function HTMLImageElement],
        "HTMLInputElement": [Function HTMLInputElement],
        "HTMLLIElement": [Function HTMLLIElement],
        "HTMLLabelElement": [Function HTMLLabelElement],
        "HTMLLegendElement": [Function HTMLLegendElement],
        "HTMLLinkElement": [Function HTMLLinkElement],
        "HTMLMapElement": [Function HTMLMapElement],
        "HTMLMediaElement": [Function HTMLMediaElement],
        "HTMLMenuElement": [Function HTMLMenuElement],
        "HTMLMetaElement": [Function HTMLMetaElement],
        "HTMLMeterElement": [Function HTMLMeterElement],
        "HTMLModElement": [Function HTMLModElement],
        "HTMLOListElement": [Function HTMLOListElement],
        "HTMLObjectElement": [Function HTMLObjectElement],
        "HTMLOptGroupElement": [Function HTMLOptGroupElement],
        "HTMLOptionElement": [Function HTMLOptionElement],
        "HTMLOptionsCollection": [Function HTMLOptionsCollection],
        "HTMLOutputElement": [Function HTMLOutputElement],
        "HTMLParagraphElement": [Function HTMLParagraphElement],
        "HTMLParamElement": [Function HTMLParamElement],
        "HTMLPictureElement": [Function HTMLPictureElement],
        "HTMLPreElement": [Function HTMLPreElement],
        "HTMLProgressElement": [Function HTMLProgressElement],
        "HTMLQuoteElement": [Function HTMLQuoteElement],
        "HTMLScriptElement": [Function HTMLScriptElement],
        "HTMLSelectElement": [Function HTMLSelectElement],
        "HTMLSlotElement": [Function HTMLSlotElement],
        "HTMLSourceElement": [Function HTMLSourceElement],
        "HTMLSpanElement": [Function HTMLSpanElement],
        "HTMLStyleElement": [Function HTMLStyleElement],
        "HTMLTableCaptionElement": [Function HTMLTableCaptionElement],
        "HTMLTableCellElement": [Function HTMLTableCellElement],
        "HTMLTableColElement": [Function HTMLTableColElement],
        "HTMLTableElement": [Function HTMLTableElement],
        "HTMLTableRowElement": [Function HTMLTableRowElement],
        "HTMLTableSectionElement": [Function HTMLTableSectionElement],
        "HTMLTemplateElement": [Function HTMLTemplateElement],
        "HTMLTextAreaElement": [Function HTMLTextAreaElement],
        "HTMLTimeElement": [Function HTMLTimeElement],
        "HTMLTitleElement": [Function HTMLTitleElement],
        "HTMLTrackElement": [Function HTMLTrackElement],
        "HTMLUListElement": [Function HTMLUListElement],
        "HTMLUnknownElement": [Function HTMLUnknownElement],
        "HTMLVideoElement": [Function HTMLVideoElement],
        "HashChangeEvent": [Function HashChangeEvent],
        "Headers": [Function Headers],
        "History": [Function History],
        "IDBVersionChangeEvent": [Function Event],
        "Image": [Function Image],
        "ImageBitmap": [Function ImageBitmap],
        "ImageData": [Function ImageData],
        "InputEvent": [Function InputEvent],
        "Int16Array": [Function Int16Array],
        "Int32Array": [Function Int32Array],
        "Int8Array": [Function Int8Array],
        "IntersectionObserver": [Function IntersectionObserver],
        "IntersectionObserverEntry": [Function IntersectionObserverEntry],
        "Intl": {},
        "JSON": {},
        "KeyboardEvent": [Function KeyboardEvent],
        "Location": [Function Location],
        "Map": [Function Map],
        "Math": {},
        "MediaList": [Function MediaList],
        "MediaQueryListEvent": [Function MediaQueryListEvent],
        "MediaStream": [Function MediaStream],
        "MediaStreamEvent": [Function Event],
        "MediaStreamTrack": [Function MediaStreamTrack],
        "MessageEvent": [Function MessageEvent],
        "MessagePort": [Function MessagePort],
        "MimeType": [Function MimeType],
        "MimeTypeArray": [Function MimeTypeArray],
        "MouseEvent": [Function MouseEvent],
        "MutationEvent": [Function Event],
        "MutationObserver": [Function MutationObserver],
        "MutationRecord": [Function MutationRecord],
        "NamedNodeMap": [Function NamedNodeMap],
        "Navigator": [Function Navigator],
        "Node": [Function Node],
        "NodeFilter": {
          "FILTER_ACCEPT": 1,
          "FILTER_REJECT": 2,
          "FILTER_SKIP": 3,
          "SHOW_ALL": -1,
          "SHOW_ATTRIBUTE": 2,
          "SHOW_CDATA_SECTION": 8,
          "SHOW_COMMENT": 128,
          "SHOW_DOCUMENT": 256,
          "SHOW_DOCUMENT_FRAGMENT": 1024,
          "SHOW_DOCUMENT_TYPE": 512,
          "SHOW_ELEMENT": 1,
          "SHOW_ENTITY": 32,
          "SHOW_ENTITY_REFERENCE": 16,
          "SHOW_NOTATION": 2048,
          "SHOW_PROCESSING_INSTRUCTION": 64,
          "SHOW_TEXT": 4,
        },
        "NodeIterator": [Function NodeIterator],
        "NodeList": [Function NodeList],
        "Number": [Function Number],
        "Object": [Function Object],
        "OfflineAudioCompletionEvent": [Function Event],
        "OffscreenCanvas": [Function OffscreenCanvas],
        "OverconstrainedError": [Function Event],
        "PageTransitionEvent": [Function Event],
        "PaymentRequestUpdateEvent": [Function Event],
        "PerformanceEntry": [Function PerformanceEntry],
        "PerformanceObserver": [Function PerformanceObserver],
        "PerformanceObserverEntryList": [Function PerformanceObserverEntryList],
        "PermissionStatus": [Function PermissionStatus],
        "Permissions": [Function Permissions],
        "Plugin": [Function Plugin],
        "PluginArray": [Function PluginArray],
        "PointerEvent": [Function PointerEvent],
        "PopStateEvent": [Function PopStateEvent],
        "ProcessingInstruction": [Function ProcessingInstruction],
        "ProgressEvent": [Function ProgressEvent],
        "Promise": [Function Promise],
        "RTCDataChannelEvent": [Function Event],
        "RTCIdentityErrorEvent": [Function Event],
        "RTCIdentityEvent": [Function Event],
        "RTCPeerConnectionIceEvent": [Function Event],
        "RadioNodeList": [Function RadioNodeList],
        "Range": [Function Range],
        "RangeError": [Function RangeError],
        "ReadableStream": [Function ReadableStream],
        "ReferenceError": [Function ReferenceError],
        "Reflect": {},
        "RegExp": [Function RegExp],
        "RelatedEvent": [Function Event],
        "RemotePlayback": [Function RemotePlayback],
        "Request": [Function Request],
        "ResizeObserver": [Function ResizeObserver],
        "Response": [Function Response],
        "SVGAngle": [Function SVGAngle],
        "SVGAnimateElement": [Function SVGAnimateElement],
        "SVGAnimateMotionElement": [Function SVGAnimateMotionElement],
        "SVGAnimateTransformElement": [Function SVGAnimateTransformElement],
        "SVGAnimatedAngle": [Function SVGAnimatedAngle],
        "SVGAnimatedBoolean": [Function SVGAnimatedBoolean],
        "SVGAnimatedEnumeration": [Function SVGAnimatedEnumeration],
        "SVGAnimatedInteger": [Function SVGAnimatedInteger],
        "SVGAnimatedLength": [Function SVGAnimatedLength],
        "SVGAnimatedLengthList": [Function SVGAnimatedLengthList],
        "SVGAnimatedNumber": [Function SVGAnimatedNumber],
        "SVGAnimatedNumberList": [Function SVGAnimatedNumberList],
        "SVGAnimatedPreserveAspectRatio": [Function SVGAnimatedPreserveAspectRatio],
        "SVGAnimatedRect": [Function SVGAnimatedRect],
        "SVGAnimatedString": [Function SVGAnimatedString],
        "SVGAnimatedTransformList": [Function SVGAnimatedTransformList],
        "SVGAnimationElement": [Function SVGAnimationElement],
        "SVGCircleElement": [Function SVGCircleElement],
        "SVGClipPathElement": [Function SVGClipPathElement],
        "SVGComponentTransferFunctionElement": [Function SVGComponentTransferFunctionElement],
        "SVGDefsElement": [Function SVGDefsElement],
        "SVGDescElement": [Function SVGDescElement],
        "SVGElement": [Function SVGElement],
        "SVGEllipseElement": [Function SVGEllipseElement],
        "SVGEvent": [Function Event],
        "SVGFEBlendElement": [Function SVGFEBlendElement],
        "SVGFEColorMatrixElement": [Function SVGFEColorMatrixElement],
        "SVGFEComponentTransferElement": [Function SVGFEComponentTransferElement],
        "SVGFECompositeElement": [Function SVGFECompositeElement],
        "SVGFEConvolveMatrixElement": [Function SVGFEConvolveMatrixElement],
        "SVGFEDiffuseLightingElement": [Function SVGFEDiffuseLightingElement],
        "SVGFEDisplacementMapElement": [Function SVGFEDisplacementMapElement],
        "SVGFEDistantLightElement": [Function SVGFEDistantLightElement],
        "SVGFEDropShadowElement": [Function SVGFEDropShadowElement],
        "SVGFEFloodElement": [Function SVGFEFloodElement],
        "SVGFEFuncAElement": [Function SVGFEFuncAElement],
        "SVGFEFuncBElement": [Function SVGFEFuncBElement],
        "SVGFEFuncGElement": [Function SVGFEFuncGElement],
        "SVGFEFuncRElement": [Function SVGFEFuncRElement],
        "SVGFEGaussianBlurElement": [Function SVGFEGaussianBlurElement],
        "SVGFEImageElement": [Function SVGFEImageElement],
        "SVGFEMergeElement": [Function SVGFEMergeElement],
        "SVGFEMergeNodeElement": [Function SVGFEMergeNodeElement],
        "SVGFEMorphologyElement": [Function SVGFEMorphologyElement],
        "SVGFEOffsetElement": [Function SVGFEOffsetElement],
        "SVGFEPointLightElement": [Function SVGFEPointLightElement],
        "SVGFESpecularLightingElement": [Function SVGFESpecularLightingElement],
        "SVGFESpotLightElement": [Function SVGFESpotLightElement],
        "SVGFETileElement": [Function SVGFETileElement],
        "SVGFETurbulenceElement": [Function SVGFETurbulenceElement],
        "SVGFilterElement": [Function SVGFilterElement],
        "SVGForeignObjectElement": [Function SVGForeignObjectElement],
        "SVGGElement": [Function SVGGElement],
        "SVGGeometryElement": [Function SVGGeometryElement],
        "SVGGradientElement": [Function SVGGradientElement],
        "SVGGraphicsElement": [Function SVGGraphicsElement],
        "SVGImageElement": [Function SVGImageElement],
        "SVGLength": [Function SVGLength],
        "SVGLengthList": [Function SVGLengthList],
        "SVGLineElement": [Function SVGLineElement],
        "SVGLinearGradientElement": [Function SVGLinearGradientElement],
        "SVGMPathElement": [Function SVGMPathElement],
        "SVGMarkerElement": [Function SVGMarkerElement],
        "SVGMaskElement": [Function SVGMaskElement],
        "SVGMatrix": [Function SVGMatrix],
        "SVGMetadataElement": [Function SVGMetadataElement],
        "SVGNumber": [Function SVGNumber],
        "SVGNumberList": [Function SVGNumberList],
        "SVGPathElement": [Function SVGPathElement],
        "SVGPatternElement": [Function SVGPatternElement],
        "SVGPoint": [Function SVGPoint],
        "SVGPointList": [Function SVGPointList],
        "SVGPolygonElement": [Function SVGPolygonElement],
        "SVGPolylineElement": [Function SVGPolylineElement],
        "SVGPreserveAspectRatio": [Function SVGPreserveAspectRatio],
        "SVGRadialGradientElement": [Function SVGRadialGradientElement],
        "SVGRect": [Function SVGRect],
        "SVGRectElement": [Function SVGRectElement],
        "SVGSVGElement": [Function SVGSVGElement],
        "SVGScriptElement": [Function SVGScriptElement],
        "SVGSetElement": [Function SVGSetElement],
        "SVGStopElement": [Function SVGStopElement],
        "SVGStringList": [Function SVGStringList],
        "SVGStyleElement": [Function SVGStyleElement],
        "SVGSwitchElement": [Function SVGSwitchElement],
        "SVGSymbolElement": [Function SVGSymbolElement],
        "SVGTSpanElement": [Function SVGTSpanElement],
        "SVGTextElement": [Function SVGTextElement],
        "SVGTextPathElement": [Function SVGTextPathElement],
        "SVGTextPositioningElement": [Function SVGTextPositioningElement],
        "SVGTitleElement": [Function SVGTitleElement],
        "SVGTransform": [Function SVGTransform],
        "SVGTransformList": [Function SVGTransformList],
        "SVGUnitTypes": [Function SVGUnitTypes],
        "SVGUseElement": [Function SVGUseElement],
        "SVGViewElement": [Function SVGViewElement],
        "SVGZoomEvent": [Function Event],
        "Screen": [Function Screen],
        "ScreenDetailed": [Function ScreenDetailed],
        "ScreenDetails": [Function ScreenDetails],
        "Selection": [Function Selection],
        "SensorEvent": [Function Event],
        "Set": [Function Set],
        "ShadowRoot": [Function ShadowRoot],
        "Storage": [Function Storage],
        "StorageEvent": [Function StorageEvent],
        "String": [Function String],
        "StylePropertyMap": [Function StylePropertyMap],
        "StylePropertyMapReadOnly": [Function StylePropertyMapReadOnly],
        "SubmitEvent": [Function SubmitEvent],
        "Symbol": [Function Symbol],
        "SyntaxError": [Function SyntaxError],
        "Text": [Function Text],
        "TextDecoder": [Function TextDecoder],
        "TextEncoder": [Function TextEncoder],
        "TextEvent": [Function Event],
        "TextTrack": [Function TextTrack],
        "TextTrackCue": [Function TextTrackCue],
        "TextTrackCueList": [Function TextTrackCueList],
        "TextTrackList": [Function TextTrackList],
        "TimeEvent": [Function Event],
        "TimeRanges": [Function TimeRanges],
        "Touch": [Function Touch],
        "TouchEvent": [Function TouchEvent],
        "TrackEvent": [Function Event],
        "TransformStream": [Function Transform],
        "TransitionEvent": [Function Event],
        "TreeWalker": [Function TreeWalker],
        "TypeError": [Function TypeError],
        "UIEvent": [Function UIEvent],
        "URIError": [Function URIError],
        "URL": [Function URL],
        "URLSearchParams": [Function URLSearchParams],
        "Uint16Array": [Function Uint16Array],
        "Uint32Array": [Function Uint32Array],
        "Uint8Array": [Function Uint8Array],
        "Uint8ClampedArray": [Function Uint8ClampedArray],
        "UserProximityEvent": [Function Event],
        "VTTCue": [Function VTTCue],
        "ValidityState": [Function ValidityState],
        "WeakMap": [Function WeakMap],
        "WeakSet": [Function WeakSet],
        "WebGLContextEvent": [Function Event],
        "WebSocket": [Function WebSocket],
        "WheelEvent": [Function WheelEvent],
        "Window": [Function Window],
        "WritableStream": [Function Writable],
        "XMLDocument": [Function XMLDocument],
        "XMLHttpRequest": [Function XMLHttpRequest],
        "XMLHttpRequestEventTarget": [Function XMLHttpRequestEventTarget],
        "XMLHttpRequestUpload": [Function XMLHttpRequestUpload],
        "XMLSerializer": [Function XMLSerializer],
        "closed": false,
        "console": VirtualConsole {},
        "crypto": Crypto {},
        "customElements": CustomElementRegistry {
          Symbol(registry): Map {},
          Symbol(classRegistry): Map {},
          Symbol(callbacks): Map {},
          Symbol(destroyed): false,
        },
        "decodeURI": [Function decodeURI],
        "decodeURIComponent": [Function decodeURIComponent],
        "document": [Circular],
        "encodeURI": [Function encodeURI],
        "encodeURIComponent": [Function encodeURIComponent],
        "escape": [Function escape],
        "eval": [Function eval],
        "global": undefined,
        "globalThis": [Circular],
        "happyDOM": DetachedWindowAPI {},
        "isFinite": [Function isFinite],
        "isNaN": [Function isNaN],
        "name": "",
        "parseFloat": [Function parseFloat],
        "parseInt": [Function parseInt],
        "performance": Performance {
          Symbol(kEvents): undefined,
          Symbol(events.maxEventTargetListeners): 10,
          Symbol(events.maxEventTargetListenersWarned): false,
          Symbol(kHandlers): undefined,
          Symbol(performance): true,
        },
        "root": undefined,
        "screenLeft": 0,
        "screenTop": 0,
        "screenX": 0,
        "screenY": 0,
        "unescape": [Function unescape],
        "window": [Circular],
        Symbol(listeners): {
          "bubbling": Map {},
          "capturing": Map {},
        },
        Symbol(listenerOptions): {
          "bubbling": Map {},
          "capturing": Map {},
        },
        Symbol(mutationObservers): [],
        Symbol(readyStateManager): DocumentReadyStateManager {},
        Symbol(location): Location {
          Symbol(Symbol.toStringTag): "Location",
        },
        Symbol(history): History {},
        Symbol(navigator): Navigator {},
        Symbol(screen): Screen {
          "availHeight": 768,
          "availWidth": 1024,
          "colorDepth": 24,
          "height": 768,
          "onchange": null,
          "pixelDepth": 24,
          "width": 1024,
          Symbol(listeners): {
            "bubbling": Map {},
            "capturing": Map {},
          },
          Symbol(listenerOptions): {
            "bubbling": Map {},
            "capturing": Map {},
          },
        },
        Symbol(sessionStorage): Storage {},
        Symbol(localStorage): Storage {},
        Symbol(cookieStore): CookieStore {
          Symbol(listeners): {
            "bubbling": Map {},
            "capturing": Map {},
          },
          Symbol(listenerOptions): {
            "bubbling": Map {},
            "capturing": Map {},
          },
        },
        Symbol(self): [Circular],
        Symbol(top): [Circular],
        Symbol(parent): [Circular],
        Symbol(window): [Circular],
        Symbol(frames): [Circular],
        Symbol(internalId): 16,
        Symbol(customElementReactionStack): CustomElementReactionStack {
          "window": [Circular],
        },
        Symbol(modules): {
          "css": Map {},
          "esm": Map {},
          "json": Map {},
        },
        Symbol(moduleImportMap): null,
        Symbol(openWebSockets): [],
        Symbol(propertyEventListeners): Map {},
        Symbol(querySelectorCache): Map {},
      },
      Symbol(forms): null,
      Symbol(affectsComputedStyleCache): [],
      Symbol(elementIdMap): Map {},
      Symbol(contentType): "text/html",
      Symbol(xmlProcessingInstruction): null,
      Symbol(preloads): Map {},
      Symbol(propertyEventListeners): Map {},
      Symbol(selection): null,
    },
    Symbol(currentTarget): null,
    Symbol(isInPassiveEventListener): false,
    Symbol(detail): {
      "profile": null,
    },
  },
  CustomEvent {
    "AT_TARGET": 2,
    "BUBBLING_PHASE": 3,
    "CAPTURING_PHASE": 1,
    "NONE": 0,
    Symbol(composed): false,
    Symbol(bubbles): false,
    Symbol(cancelable): false,
    Symbol(defaultPrevented): false,
    Symbol(eventPhase): 0,
    Symbol(timeStamp): 6868.81919,
    Symbol(type): "sceneaxi:desktop-audio-invalidate",
    Symbol(dispatching): false,
    Symbol(immediatePropagationStopped): false,
    Symbol(propagationStopped): false,
    Symbol(target): HTMLDocument {
      Symbol(listeners): {
        "bubbling": Map {},
        "capturing": Map {},
      },
      Symbol(listenerOptions): {
        "bubbling": Map {},
        "capturing": Map {},
      },
      Symbol(isConnected): true,
      Symbol(parentNode): null,
      Symbol(rootNode): [Circular],
      Symbol(styleNode): null,
      Symbol(textAreaNode): null,
      Symbol(formNode): null,
      Symbol(selectNode): null,
      Symbol(mutationListeners): [],
      Symbol(nodeArray): [
        <html>
          <head />
          <body />
        </html>,
      ],
      Symbol(elementArray): [
        <html>
          <head />
          <body />
        </html>,
      ],
      Symbol(childNodes): null,
      Symbol(assignedToSlot): null,
      Symbol(cache): {
        "computedStyle": null,
        "elementById": Map {},
        "elementByTagName": Map {},
        "elementsByTagName": Map {},
        "elementsByTagNameNS": Map {},
        "matches": Map {},
        "querySelector": Map {},
        "querySelectorAll": Map {},
      },
      Symbol(affectsCache): [],
      Symbol(ownerDocument): null,
      Symbol(children): null,
      Symbol(activeElement): null,
      Symbol(nextActiveElement): null,
      Symbol(currentScript): null,
      Symbol(isFirstWrite): true,
      Symbol(isFirstWriteAfterOpen): false,
      Symbol(nodeType): 9,
      Symbol(adoptedStyleSheets): [],
      Symbol(implementation): DOMImplementation {},
      Symbol(readyState): "complete",
      Symbol(referrer): "",
      Symbol(defaultView): Window {
        "AbortController": [Function AbortController],
        "AbortSignal": [Function AbortSignal],
        "AnimationEvent": [Function AnimationEvent],
        "Array": [Function Array],
        "ArrayBuffer": [Function ArrayBuffer],
        "Attr": [Function Attr],
        "Audio": [Function Audio],
        "AudioProcessingEvent": [Function Event],
        "BeforeInputEvent": [Function Event],
        "BeforeUnloadEvent": [Function Event],
        "Blob": [Function Blob],
        "BlobEvent": [Function Event],
        "Boolean": [Function Boolean],
        "Buffer": [Function Buffer],
        "CSSConditionRule": [Function CSSConditionRule],
        "CSSContainerRule": [Function CSSContainerRule],
        "CSSFontFaceLoadEvent": [Function Event],
        "CSSFontFaceRule": [Function CSSFontFaceRule],
        "CSSGroupingRule": [Function CSSGroupingRule],
        "CSSKeyframeRule": [Function CSSKeyframeRule],
        "CSSKeyframesRule": [Function CSSKeyframesRule],
        "CSSKeywordValue": [Function CSSKeywordValue],
        "CSSMediaRule": [Function CSSMediaRule],
        "CSSRule": [Function CSSRule],
        "CSSScopeRule": [Function CSSScopeRule],
        "CSSStyleDeclaration": [Function CSSStyleDeclaration],
        "CSSStyleRule": [Function CSSStyleRule],
        "CSSStyleSheet": [Function CSSStyleSheet],
        "CSSStyleValue": [Function CSSStyleValue],
        "CSSSupportsRule": [Function CSSSupportsRule],
        "CSSUnitValue": [Function CSSUnitValue],
        "CanvasCaptureMediaStreamTrack": [Function CanvasCaptureMediaStreamTrack],
        "CharacterData": [Function CharacterData],
        "Clipboard": [Function Clipboard],
        "ClipboardEvent": [Function ClipboardEvent],
        "ClipboardItem": [Function ClipboardItem],
        "CloseEvent": [Function CloseEvent],
        "Comment": [Function Comment],
        "CompositionEvent": [Function Event],
        "CookieChangeEvent": [Function CookieChangeEvent],
        "CookieStore": [Function CookieStore],
        "CustomElementRegistry": [Function CustomElementRegistry],
        "CustomEvent": [Function CustomEvent],
        "DOMException": [Function DOMException],
        "DOMMatrix": [Function DOMMatrix],
        "DOMMatrixReadOnly": [Function DOMMatrixReadOnly],
        "DOMParser": [Function DOMParser],
        "DOMPoint": [Function DOMPoint],
        "DOMPointReadOnly": [Function DOMPointReadOnly],
        "DOMRect": [Function DOMRect],
        "DOMRectReadOnly": [Function DOMRectReadOnly],
        "DOMTransactionEvent": [Function Event],
        "DataTransfer": [Function DataTransfer],
        "DataTransferItem": [Function DataTransferItem],
        "DataTransferItemList": [Function DataTransferItemList],
        "DataView": [Function DataView],
        "Date": [Function Date],
        "DeviceLightEvent": [Function Event],
        "DeviceMotionEvent": [Function Event],
        "DeviceOrientationEvent": [Function Event],
        "DeviceProximityEvent": [Function Event],
        "Document": [Function Document],
        "DocumentFragment": [Function DocumentFragment],
        "DocumentType": [Function DocumentType],
        "DragEvent": [Function Event],
        "EditingBeforeInputEvent": [Function Event],
        "Element": [Function Element],
        "Error": [Function Error],
        "ErrorEvent": [Function ErrorEvent],
        "EvalError": [Function EvalError],
        "Event": [Function Event],
        "EventTarget": [Function EventTarget],
        "FetchEvent": [Function Event],
        "File": [Function File],
        "FileList": [Function FileList],
        "FileReader": [Function FileReader],
        "Float32Array": [Function Float32Array],
        "Float64Array": [Function Float64Array],
        "FocusEvent": [Function FocusEvent],
        "FormData": [Function FormData],
        "Function": [Function Function],
        "GLOBAL": undefined,
        "GamepadEvent": [Function Event],
        "HTMLAnchorElement": [Function HTMLAnchorElement],
        "HTMLAreaElement": [Function HTMLAreaElement],
        "HTMLAudioElement": [Function HTMLAudioElement],
        "HTMLBRElement": [Function HTMLBRElement],
        "HTMLBaseElement": [Function HTMLBaseElement],
        "HTMLBodyElement": [Function HTMLBodyElement],
        "HTMLButtonElement": [Function HTMLButtonElement],
        "HTMLCanvasElement": [Function HTMLCanvasElement],
        "HTMLCollection": [Function HTMLCollection],
        "HTMLDListElement": [Function HTMLDListElement],
        "HTMLDataElement": [Function HTMLDataElement],
        "HTMLDataListElement": [Function HTMLDataListElement],
        "HTMLDetailsElement": [Function HTMLDetailsElement],
        "HTMLDialogElement": [Function HTMLDialogElement],
        "HTMLDivElement": [Function HTMLDivElement],
        "HTMLDocument": [Function HTMLDocument],
        "HTMLElement": [Function HTMLElement],
        "HTMLEmbedElement": [Function HTMLEmbedElement],
        "HTMLFieldSetElement": [Function HTMLFieldSetElement],
        "HTMLFormControlCollection": [Function HTMLFormControlsCollection],
        "HTMLFormElement": [Function HTMLFormElement],
        "HTMLHRElement": [Function HTMLHRElement],
        "HTMLHeadElement": [Function HTMLHeadElement],
        "HTMLHeadingElement": [Function HTMLHeadingElement],
        "HTMLHtmlElement": [Function HTMLHtmlElement],
        "HTMLIFrameElement": [Function HTMLIFrameElement],
        "HTMLImageElement": [Function HTMLImageElement],
        "HTMLInputElement": [Function HTMLInputElement],
        "HTMLLIElement": [Function HTMLLIElement],
        "HTMLLabelElement": [Function HTMLLabelElement],
        "HTMLLegendElement": [Function HTMLLegendElement],
        "HTMLLinkElement": [Function HTMLLinkElement],
        "HTMLMapElement": [Function HTMLMapElement],
        "HTMLMediaElement": [Function HTMLMediaElement],
        "HTMLMenuElement": [Function HTMLMenuElement],
        "HTMLMetaElement": [Function HTMLMetaElement],
        "HTMLMeterElement": [Function HTMLMeterElement],
        "HTMLModElement": [Function HTMLModElement],
        "HTMLOListElement": [Function HTMLOListElement],
        "HTMLObjectElement": [Function HTMLObjectElement],
        "HTMLOptGroupElement": [Function HTMLOptGroupElement],
        "HTMLOptionElement": [Function HTMLOptionElement],
        "HTMLOptionsCollection": [Function HTMLOptionsCollection],
        "HTMLOutputElement": [Function HTMLOutputElement],
        "HTMLParagraphElement": [Function HTMLParagraphElement],
        "HTMLParamElement": [Function HTMLParamElement],
        "HTMLPictureElement": [Function HTMLPictureElement],
        "HTMLPreElement": [Function HTMLPreElement],
        "HTMLProgressElement": [Function HTMLProgressElement],
        "HTMLQuoteElement": [Function HTMLQuoteElement],
        "HTMLScriptElement": [Function HTMLScriptElement],
        "HTMLSelectElement": [Function HTMLSelectElement],
        "HTMLSlotElement": [Function HTMLSlotElement],
        "HTMLSourceElement": [Function HTMLSourceElement],
        "HTMLSpanElement": [Function HTMLSpanElement],
        "HTMLStyleElement": [Function HTMLStyleElement],
        "HTMLTableCaptionElement": [Function HTMLTableCaptionElement],
        "HTMLTableCellElement": [Function HTMLTableCellElement],
        "HTMLTableColElement": [Function HTMLTableColElement],
        "HTMLTableElement": [Function HTMLTableElement],
        "HTMLTableRowElement": [Function HTMLTableRowElement],
        "HTMLTableSectionElement": [Function HTMLTableSectionElement],
        "HTMLTemplateElement": [Function HTMLTemplateElement],
        "HTMLTextAreaElement": [Function HTMLTextAreaElement],
        "HTMLTimeElement": [Function HTMLTimeElement],
        "HTMLTitleElement": [Function HTMLTitleElement],
        "HTMLTrackElement": [Function HTMLTrackElement],
        "HTMLUListElement": [Function HTMLUListElement],
        "HTMLUnknownElement": [Function HTMLUnknownElement],
        "HTMLVideoElement": [Function HTMLVideoElement],
        "HashChangeEvent": [Function HashChangeEvent],
        "Headers": [Function Headers],
        "History": [Function History],
        "IDBVersionChangeEvent": [Function Event],
        "Image": [Function Image],
        "ImageBitmap": [Function ImageBitmap],
        "ImageData": [Function ImageData],
        "InputEvent": [Function InputEvent],
        "Int16Array": [Function Int16Array],
        "Int32Array": [Function Int32Array],
        "Int8Array": [Function Int8Array],
        "IntersectionObserver": [Function IntersectionObserver],
        "IntersectionObserverEntry": [Function IntersectionObserverEntry],
        "Intl": {},
        "JSON": {},
        "KeyboardEvent": [Function KeyboardEvent],
        "Location": [Function Location],
        "Map": [Function Map],
        "Math": {},
        "MediaList": [Function MediaList],
        "MediaQueryListEvent": [Function MediaQueryListEvent],
        "MediaStream": [Function MediaStream],
        "MediaStreamEvent": [Function Event],
        "MediaStreamTrack": [Function MediaStreamTrack],
        "MessageEvent": [Function MessageEvent],
        "MessagePort": [Function MessagePort],
        "MimeType": [Function MimeType],
        "MimeTypeArray": [Function MimeTypeArray],
        "MouseEvent": [Function MouseEvent],
        "MutationEvent": [Function Event],
        "MutationObserver": [Function MutationObserver],
        "MutationRecord": [Function MutationRecord],
        "NamedNodeMap": [Function NamedNodeMap],
        "Navigator": [Function Navigator],
        "Node": [Function Node],
        "NodeFilter": {
          "FILTER_ACCEPT": 1,
          "FILTER_REJECT": 2,
          "FILTER_SKIP": 3,
          "SHOW_ALL": -1,
          "SHOW_ATTRIBUTE": 2,
          "SHOW_CDATA_SECTION": 8,
          "SHOW_COMMENT": 128,
          "SHOW_DOCUMENT": 256,
          "SHOW_DOCUMENT_FRAGMENT": 1024,
          "SHOW_DOCUMENT_TYPE": 512,
          "SHOW_ELEMENT": 1,
          "SHOW_ENTITY": 32,
          "SHOW_ENTITY_REFERENCE": 16,
          "SHOW_NOTATION": 2048,
          "SHOW_PROCESSING_INSTRUCTION": 64,
          "SHOW_TEXT": 4,
        },
        "NodeIterator": [Function NodeIterator],
        "NodeList": [Function NodeList],
        "Number": [Function Number],
        "Object": [Function Object],
        "OfflineAudioCompletionEvent": [Function Event],
        "OffscreenCanvas": [Function OffscreenCanvas],
        "OverconstrainedError": [Function Event],
        "PageTransitionEvent": [Function Event],
        "PaymentRequestUpdateEvent": [Function Event],
        "PerformanceEntry": [Function PerformanceEntry],
        "PerformanceObserver": [Function PerformanceObserver],
        "PerformanceObserverEntryList": [Function PerformanceObserverEntryList],
        "PermissionStatus": [Function PermissionStatus],
        "Permissions": [Function Permissions],
        "Plugin": [Function Plugin],
        "PluginArray": [Function PluginArray],
        "PointerEvent": [Function PointerEvent],
        "PopStateEvent": [Function PopStateEvent],
        "ProcessingInstruction": [Function ProcessingInstruction],
        "ProgressEvent": [Function ProgressEvent],
        "Promise": [Function Promise],
        "RTCDataChannelEvent": [Function Event],
        "RTCIdentityErrorEvent": [Function Event],
        "RTCIdentityEvent": [Function Event],
        "RTCPeerConnectionIceEvent": [Function Event],
        "RadioNodeList": [Function RadioNodeList],
        "Range": [Function Range],
        "RangeError": [Function RangeError],
        "ReadableStream": [Function ReadableStream],
        "ReferenceError": [Function ReferenceError],
        "Reflect": {},
        "RegExp": [Function RegExp],
        "RelatedEvent": [Function Event],
        "RemotePlayback": [Function RemotePlayback],
        "Request": [Function Request],
        "ResizeObserver": [Function ResizeObserver],
        "Response": [Function Response],
        "SVGAngle": [Function SVGAngle],
        "SVGAnimateElement": [Function SVGAnimateElement],
        "SVGAnimateMotionElement": [Function SVGAnimateMotionElement],
        "SVGAnimateTransformElement": [Function SVGAnimateTransformElement],
        "SVGAnimatedAngle": [Function SVGAnimatedAngle],
        "SVGAnimatedBoolean": [Function SVGAnimatedBoolean],
        "SVGAnimatedEnumeration": [Function SVGAnimatedEnumeration],
        "SVGAnimatedInteger": [Function SVGAnimatedInteger],
        "SVGAnimatedLength": [Function SVGAnimatedLength],
        "SVGAnimatedLengthList": [Function SVGAnimatedLengthList],
        "SVGAnimatedNumber": [Function SVGAnimatedNumber],
        "SVGAnimatedNumberList": [Function SVGAnimatedNumberList],
        "SVGAnimatedPreserveAspectRatio": [Function SVGAnimatedPreserveAspectRatio],
        "SVGAnimatedRect": [Function SVGAnimatedRect],
        "SVGAnimatedString": [Function SVGAnimatedString],
        "SVGAnimatedTransformList": [Function SVGAnimatedTransformList],
        "SVGAnimationElement": [Function SVGAnimationElement],
        "SVGCircleElement": [Function SVGCircleElement],
        "SVGClipPathElement": [Function SVGClipPathElement],
        "SVGComponentTransferFunctionElement": [Function SVGComponentTransferFunctionElement],
        "SVGDefsElement": [Function SVGDefsElement],
        "SVGDescElement": [Function SVGDescElement],
        "SVGElement": [Function SVGElement],
        "SVGEllipseElement": [Function SVGEllipseElement],
        "SVGEvent": [Function Event],
        "SVGFEBlendElement": [Function SVGFEBlendElement],
        "SVGFEColorMatrixElement": [Function SVGFEColorMatrixElement],
        "SVGFEComponentTransferElement": [Function SVGFEComponentTransferElement],
        "SVGFECompositeElement": [Function SVGFECompositeElement],
        "SVGFEConvolveMatrixElement": [Function SVGFEConvolveMatrixElement],
        "SVGFEDiffuseLightingElement": [Function SVGFEDiffuseLightingElement],
        "SVGFEDisplacementMapElement": [Function SVGFEDisplacementMapElement],
        "SVGFEDistantLightElement": [Function SVGFEDistantLightElement],
        "SVGFEDropShadowElement": [Function SVGFEDropShadowElement],
        "SVGFEFloodElement": [Function SVGFEFloodElement],
        "SVGFEFuncAElement": [Function SVGFEFuncAElement],
        "SVGFEFuncBElement": [Function SVGFEFuncBElement],
        "SVGFEFuncGElement": [Function SVGFEFuncGElement],
        "SVGFEFuncRElement": [Function SVGFEFuncRElement],
        "SVGFEGaussianBlurElement": [Function SVGFEGaussianBlurElement],
        "SVGFEImageElement": [Function SVGFEImageElement],
        "SVGFEMergeElement": [Function SVGFEMergeElement],
        "SVGFEMergeNodeElement": [Function SVGFEMergeNodeElement],
        "SVGFEMorphologyElement": [Function SVGFEMorphologyElement],
        "SVGFEOffsetElement": [Function SVGFEOffsetElement],
        "SVGFEPointLightElement": [Function SVGFEPointLightElement],
        "SVGFESpecularLightingElement": [Function SVGFESpecularLightingElement],
        "SVGFESpotLightElement": [Function SVGFESpotLightElement],
        "SVGFETileElement": [Function SVGFETileElement],
        "SVGFETurbulenceElement": [Function SVGFETurbulenceElement],
        "SVGFilterElement": [Function SVGFilterElement],
        "SVGForeignObjectElement": [Function SVGForeignObjectElement],
        "SVGGElement": [Function SVGGElement],
        "SVGGeometryElement": [Function SVGGeometryElement],
        "SVGGradientElement": [Function SVGGradientElement],
        "SVGGraphicsElement": [Function SVGGraphicsElement],
        "SVGImageElement": [Function SVGImageElement],
        "SVGLength": [Function SVGLength],
        "SVGLengthList": [Function SVGLengthList],
        "SVGLineElement": [Function SVGLineElement],
        "SVGLinearGradientElement": [Function SVGLinearGradientElement],
        "SVGMPathElement": [Function SVGMPathElement],
        "SVGMarkerElement": [Function SVGMarkerElement],
        "SVGMaskElement": [Function SVGMaskElement],
        "SVGMatrix": [Function SVGMatrix],
        "SVGMetadataElement": [Function SVGMetadataElement],
        "SVGNumber": [Function SVGNumber],
        "SVGNumberList": [Function SVGNumberList],
        "SVGPathElement": [Function SVGPathElement],
        "SVGPatternElement": [Function SVGPatternElement],
        "SVGPoint": [Function SVGPoint],
        "SVGPointList": [Function SVGPointList],
        "SVGPolygonElement": [Function SVGPolygonElement],
        "SVGPolylineElement": [Function SVGPolylineElement],
        "SVGPreserveAspectRatio": [Function SVGPreserveAspectRatio],
        "SVGRadialGradientElement": [Function SVGRadialGradientElement],
        "SVGRect": [Function SVGRect],
        "SVGRectElement": [Function SVGRectElement],
        "SVGSVGElement": [Function SVGSVGElement],
        "SVGScriptElement": [Function SVGScriptElement],
        "SVGSetElement": [Function SVGSetElement],
        "SVGStopElement": [Function SVGStopElement],
        "SVGStringList": [Function SVGStringList],
        "SVGStyleElement": [Function SVGStyleElement],
        "SVGSwitchElement": [Function SVGSwitchElement],
        "SVGSymbolElement": [Function SVGSymbolElement],
        "SVGTSpanElement": [Function SVGTSpanElement],
        "SVGTextElement": [Function SVGTextElement],
        "SVGTextPathElement": [Function SVGTextPathElement],
        "SVGTextPositioningElement": [Function SVGTextPositioningElement],
        "SVGTitleElement": [Function SVGTitleElement],
        "SVGTransform": [Function SVGTransform],
        "SVGTransformList": [Function SVGTransformList],
        "SVGUnitTypes": [Function SVGUnitTypes],
        "SVGUseElement": [Function SVGUseElement],
        "SVGViewElement": [Function SVGViewElement],
        "SVGZoomEvent": [Function Event],
        "Screen": [Function Screen],
        "ScreenDetailed": [Function ScreenDetailed],
        "ScreenDetails": [Function ScreenDetails],
        "Selection": [Function Selection],
        "SensorEvent": [Function Event],
        "Set": [Function Set],
        "ShadowRoot": [Function ShadowRoot],
        "Storage": [Function Storage],
        "StorageEvent": [Function StorageEvent],
        "String": [Function String],
        "StylePropertyMap": [Function StylePropertyMap],
        "StylePropertyMapReadOnly": [Function StylePropertyMapReadOnly],
        "SubmitEvent": [Function SubmitEvent],
        "Symbol": [Function Symbol],
        "SyntaxError": [Function SyntaxError],
        "Text": [Function Text],
        "TextDecoder": [Function TextDecoder],
        "TextEncoder": [Function TextEncoder],
        "TextEvent": [Function Event],
        "TextTrack": [Function TextTrack],
        "TextTrackCue": [Function TextTrackCue],
        "TextTrackCueList": [Function TextTrackCueList],
        "TextTrackList": [Function TextTrackList],
        "TimeEvent": [Function Event],
        "TimeRanges": [Function TimeRanges],
        "Touch": [Function Touch],
        "TouchEvent": [Function TouchEvent],
        "TrackEvent": [Function Event],
        "TransformStream": [Function Transform],
        "TransitionEvent": [Function Event],
        "TreeWalker": [Function TreeWalker],
        "TypeError": [Function TypeError],
        "UIEvent": [Function UIEvent],
        "URIError": [Function URIError],
        "URL": [Function URL],
        "URLSearchParams": [Function URLSearchParams],
        "Uint16Array": [Function Uint16Array],
        "Uint32Array": [Function Uint32Array],
        "Uint8Array": [Function Uint8Array],
        "Uint8ClampedArray": [Function Uint8ClampedArray],
        "UserProximityEvent": [Function Event],
        "VTTCue": [Function VTTCue],
        "ValidityState": [Function ValidityState],
        "WeakMap": [Function WeakMap],
        "WeakSet": [Function WeakSet],
        "WebGLContextEvent": [Function Event],
        "WebSocket": [Function WebSocket],
        "WheelEvent": [Function WheelEvent],
        "Window": [Function Window],
        "WritableStream": [Function Writable],
        "XMLDocument": [Function XMLDocument],
        "XMLHttpRequest": [Function XMLHttpRequest],
        "XMLHttpRequestEventTarget": [Function XMLHttpRequestEventTarget],
        "XMLHttpRequestUpload": [Function XMLHttpRequestUpload],
        "XMLSerializer": [Function XMLSerializer],
        "closed": false,
        "console": VirtualConsole {},
        "crypto": Crypto {},
        "customElements": CustomElementRegistry {
          Symbol(registry): Map {},
          Symbol(classRegistry): Map {},
          Symbol(callbacks): Map {},
          Symbol(destroyed): false,
        },
        "decodeURI": [Function decodeURI],
        "decodeURIComponent": [Function decodeURIComponent],
        "document": [Circular],
        "encodeURI": [Function encodeURI],
        "encodeURIComponent": [Function encodeURIComponent],
        "escape": [Function escape],
        "eval": [Function eval],
        "global": undefined,
        "globalThis": [Circular],
        "happyDOM": DetachedWindowAPI {},
        "isFinite": [Function isFinite],
        "isNaN": [Function isNaN],
        "name": "",
        "parseFloat": [Function parseFloat],
        "parseInt": [Function parseInt],
        "performance": Performance {
          Symbol(kEvents): undefined,
          Symbol(events.maxEventTargetListeners): 10,
          Symbol(events.maxEventTargetListenersWarned): false,
          Symbol(kHandlers): undefined,
          Symbol(performance): true,
        },
        "root": undefined,
        "screenLeft": 0,
        "screenTop": 0,
        "screenX": 0,
        "screenY": 0,
        "unescape": [Function unescape],
        "window": [Circular],
        Symbol(listeners): {
          "bubbling": Map {},
          "capturing": Map {},
        },
        Symbol(listenerOptions): {
          "bubbling": Map {},
          "capturing": Map {},
        },
        Symbol(mutationObservers): [],
        Symbol(readyStateManager): DocumentReadyStateManager {},
        Symbol(location): Location {
          Symbol(Symbol.toStringTag): "Location",
        },
        Symbol(history): History {},
        Symbol(navigator): Navigator {},
        Symbol(screen): Screen {
          "availHeight": 768,
          "availWidth": 1024,
          "colorDepth": 24,
          "height": 768,
          "onchange": null,
          "pixelDepth": 24,
          "width": 1024,
          Symbol(listeners): {
            "bubbling": Map {},
            "capturing": Map {},
          },
          Symbol(listenerOptions): {
            "bubbling": Map {},
            "capturing": Map {},
          },
        },
        Symbol(sessionStorage): Storage {},
        Symbol(localStorage): Storage {},
        Symbol(cookieStore): CookieStore {
          Symbol(listeners): {
            "bubbling": Map {},
            "capturing": Map {},
          },
          Symbol(listenerOptions): {
            "bubbling": Map {},
            "capturing": Map {},
          },
        },
        Symbol(self): [Circular],
        Symbol(top): [Circular],
        Symbol(parent): [Circular],
        Symbol(window): [Circular],
        Symbol(frames): [Circular],
        Symbol(internalId): 16,
        Symbol(customElementReactionStack): CustomElementReactionStack {
          "window": [Circular],
        },
        Symbol(modules): {
          "css": Map {},
          "esm": Map {},
          "json": Map {},
        },
        Symbol(moduleImportMap): null,
        Symbol(openWebSockets): [],
        Symbol(propertyEventListeners): Map {},
        Symbol(querySelectorCache): Map {},
      },
      Symbol(forms): null,
      Symbol(affectsComputedStyleCache): [],
      Symbol(elementIdMap): Map {},
      Symbol(contentType): "text/html",
      Symbol(xmlProcessingInstruction): null,
      Symbol(preloads): Map {},
      Symbol(propertyEventListeners): Map {},
      Symbol(selection): null,
    },
    Symbol(currentTarget): null,
    Symbol(isInPassiveEventListener): false,
    Symbol(detail): {
      "profile": null,
    },
  },
  CustomEvent {
    "AT_TARGET": 2,
    "BUBBLING_PHASE": 3,
    "CAPTURING_PHASE": 1,
    "NONE": 0,
    Symbol(composed): false,
    Symbol(bubbles): false,
    Symbol(cancelable): false,
    Symbol(defaultPrevented): false,
    Symbol(eventPhase): 0,
    Symbol(timeStamp): 6869.706798,
    Symbol(type): "sceneaxi:desktop-audio-invalidate",
    Symbol(dispatching): false,
    Symbol(immediatePropagationStopped): false,
    Symbol(propagationStopped): false,
    Symbol(target): HTMLDocument {
      Symbol(listeners): {
        "bubbling": Map {},
        "capturing": Map {},
      },
      Symbol(listenerOptions): {
        "bubbling": Map {},
        "capturing": Map {},
      },
      Symbol(isConnected): true,
      Symbol(parentNode): null,
      Symbol(rootNode): [Circular],
      Symbol(styleNode): null,
      Symbol(textAreaNode): null,
      Symbol(formNode): null,
      Symbol(selectNode): null,
      Symbol(mutationListeners): [],
      Symbol(nodeArray): [
        <html>
          <head />
          <body />
        </html>,
      ],
      Symbol(elementArray): [
        <html>
          <head />
          <body />
        </html>,
      ],
      Symbol(childNodes): null,
      Symbol(assignedToSlot): null,
      Symbol(cache): {
        "computedStyle": null,
        "elementById": Map {},
        "elementByTagName": Map {},
        "elementsByTagName": Map {},
        "elementsByTagNameNS": Map {},
        "matches": Map {},
        "querySelector": Map {},
        "querySelectorAll": Map {},
      },
      Symbol(affectsCache): [],
      Symbol(ownerDocument): null,
      Symbol(children): null,
      Symbol(activeElement): null,
      Symbol(nextActiveElement): null,
      Symbol(currentScript): null,
      Symbol(isFirstWrite): true,
      Symbol(isFirstWriteAfterOpen): false,
      Symbol(nodeType): 9,
      Symbol(adoptedStyleSheets): [],
      Symbol(implementation): DOMImplementation {},
      Symbol(readyState): "complete",
      Symbol(referrer): "",
      Symbol(defaultView): Window {
        "AbortController": [Function AbortController],
        "AbortSignal": [Function AbortSignal],
        "AnimationEvent": [Function AnimationEvent],
        "Array": [Function Array],
        "ArrayBuffer": [Function ArrayBuffer],
        "Attr": [Function Attr],
        "Audio": [Function Audio],
        "AudioProcessingEvent": [Function Event],
        "BeforeInputEvent": [Function Event],
        "BeforeUnloadEvent": [Function Event],
        "Blob": [Function Blob],
        "BlobEvent": [Function Event],
        "Boolean": [Function Boolean],
        "Buffer": [Function Buffer],
        "CSSConditionRule": [Function CSSConditionRule],
        "CSSContainerRule": [Function CSSContainerRule],
        "CSSFontFaceLoadEvent": [Function Event],
        "CSSFontFaceRule": [Function CSSFontFaceRule],
        "CSSGroupingRule": [Function CSSGroupingRule],
        "CSSKeyframeRule": [Function CSSKeyframeRule],
        "CSSKeyframesRule": [Function CSSKeyframesRule],
        "CSSKeywordValue": [Function CSSKeywordValue],
        "CSSMediaRule": [Function CSSMediaRule],
        "CSSRule": [Function CSSRule],
        "CSSScopeRule": [Function CSSScopeRule],
        "CSSStyleDeclaration": [Function CSSStyleDeclaration],
        "CSSStyleRule": [Function CSSStyleRule],
        "CSSStyleSheet": [Function CSSStyleSheet],
        "CSSStyleValue": [Function CSSStyleValue],
        "CSSSupportsRule": [Function CSSSupportsRule],
        "CSSUnitValue": [Function CSSUnitValue],
        "CanvasCaptureMediaStreamTrack": [Function CanvasCaptureMediaStreamTrack],
        "CharacterData": [Function CharacterData],
        "Clipboard": [Function Clipboard],
        "ClipboardEvent": [Function ClipboardEvent],
        "ClipboardItem": [Function ClipboardItem],
        "CloseEvent": [Function CloseEvent],
        "Comment": [Function Comment],
        "CompositionEvent": [Function Event],
        "CookieChangeEvent": [Function CookieChangeEvent],
        "CookieStore": [Function CookieStore],
        "CustomElementRegistry": [Function CustomElementRegistry],
        "CustomEvent": [Function CustomEvent],
        "DOMException": [Function DOMException],
        "DOMMatrix": [Function DOMMatrix],
        "DOMMatrixReadOnly": [Function DOMMatrixReadOnly],
        "DOMParser": [Function DOMParser],
        "DOMPoint": [Function DOMPoint],
        "DOMPointReadOnly": [Function DOMPointReadOnly],
        "DOMRect": [Function DOMRect],
        "DOMRectReadOnly": [Function DOMRectReadOnly],
        "DOMTransactionEvent": [Function Event],
        "DataTransfer": [Function DataTransfer],
        "DataTransferItem": [Function DataTransferItem],
        "DataTransferItemList": [Function DataTransferItemList],
        "DataView": [Function DataView],
        "Date": [Function Date],
        "DeviceLightEvent": [Function Event],
        "DeviceMotionEvent": [Function Event],
        "DeviceOrientationEvent": [Function Event],
        "DeviceProximityEvent": [Function Event],
        "Document": [Function Document],
        "DocumentFragment": [Function DocumentFragment],
        "DocumentType": [Function DocumentType],
        "DragEvent": [Function Event],
        "EditingBeforeInputEvent": [Function Event],
        "Element": [Function Element],
        "Error": [Function Error],
        "ErrorEvent": [Function ErrorEvent],
        "EvalError": [Function EvalError],
        "Event": [Function Event],
        "EventTarget": [Function EventTarget],
        "FetchEvent": [Function Event],
        "File": [Function File],
        "FileList": [Function FileList],
        "FileReader": [Function FileReader],
        "Float32Array": [Function Float32Array],
        "Float64Array": [Function Float64Array],
        "FocusEvent": [Function FocusEvent],
        "FormData": [Function FormData],
        "Function": [Function Function],
        "GLOBAL": undefined,
        "GamepadEvent": [Function Event],
        "HTMLAnchorElement": [Function HTMLAnchorElement],
        "HTMLAreaElement": [Function HTMLAreaElement],
        "HTMLAudioElement": [Function HTMLAudioElement],
        "HTMLBRElement": [Function HTMLBRElement],
        "HTMLBaseElement": [Function HTMLBaseElement],
        "HTMLBodyElement": [Function HTMLBodyElement],
        "HTMLButtonElement": [Function HTMLButtonElement],
        "HTMLCanvasElement": [Function HTMLCanvasElement],
        "HTMLCollection": [Function HTMLCollection],
        "HTMLDListElement": [Function HTMLDListElement],
        "HTMLDataElement": [Function HTMLDataElement],
        "HTMLDataListElement": [Function HTMLDataListElement],
        "HTMLDetailsElement": [Function HTMLDetailsElement],
        "HTMLDialogElement": [Function HTMLDialogElement],
        "HTMLDivElement": [Function HTMLDivElement],
        "HTMLDocument": [Function HTMLDocument],
        "HTMLElement": [Function HTMLElement],
        "HTMLEmbedElement": [Function HTMLEmbedElement],
        "HTMLFieldSetElement": [Function HTMLFieldSetElement],
        "HTMLFormControlCollection": [Function HTMLFormControlsCollection],
        "HTMLFormElement": [Function HTMLFormElement],
        "HTMLHRElement": [Function HTMLHRElement],
        "HTMLHeadElement": [Function HTMLHeadElement],
        "HTMLHeadingElement": [Function HTMLHeadingElement],
        "HTMLHtmlElement": [Function HTMLHtmlElement],
        "HTMLIFrameElement": [Function HTMLIFrameElement],
        "HTMLImageElement": [Function HTMLImageElement],
        "HTMLInputElement": [Function HTMLInputElement],
        "HTMLLIElement": [Function HTMLLIElement],
        "HTMLLabelElement": [Function HTMLLabelElement],
        "HTMLLegendElement": [Function HTMLLegendElement],
        "HTMLLinkElement": [Function HTMLLinkElement],
        "HTMLMapElement": [Function HTMLMapElement],
        "HTMLMediaElement": [Function HTMLMediaElement],
        "HTMLMenuElement": [Function HTMLMenuElement],
        "HTMLMetaElement": [Function HTMLMetaElement],
        "HTMLMeterElement": [Function HTMLMeterElement],
        "HTMLModElement": [Function HTMLModElement],
        "HTMLOListElement": [Function HTMLOListElement],
        "HTMLObjectElement": [Function HTMLObjectElement],
        "HTMLOptGroupElement": [Function HTMLOptGroupElement],
        "HTMLOptionElement": [Function HTMLOptionElement],
        "HTMLOptionsCollection": [Function HTMLOptionsCollection],
        "HTMLOutputElement": [Function HTMLOutputElement],
        "HTMLParagraphElement": [Function HTMLParagraphElement],
        "HTMLParamElement": [Function HTMLParamElement],
        "HTMLPictureElement": [Function HTMLPictureElement],
        "HTMLPreElement": [Function HTMLPreElement],
        "HTMLProgressElement": [Function HTMLProgressElement],
        "HTMLQuoteElement": [Function HTMLQuoteElement],
        "HTMLScriptElement": [Function HTMLScriptElement],
        "HTMLSelectElement": [Function HTMLSelectElement],
        "HTMLSlotElement": [Function HTMLSlotElement],
        "HTMLSourceElement": [Function HTMLSourceElement],
        "HTMLSpanElement": [Function HTMLSpanElement],
        "HTMLStyleElement": [Function HTMLStyleElement],
        "HTMLTableCaptionElement": [Function HTMLTableCaptionElement],
        "HTMLTableCellElement": [Function HTMLTableCellElement],
        "HTMLTableColElement": [Function HTMLTableColElement],
        "HTMLTableElement": [Function HTMLTableElement],
        "HTMLTableRowElement": [Function HTMLTableRowElement],
        "HTMLTableSectionElement": [Function HTMLTableSectionElement],
        "HTMLTemplateElement": [Function HTMLTemplateElement],
        "HTMLTextAreaElement": [Function HTMLTextAreaElement],
        "HTMLTimeElement": [Function HTMLTimeElement],
        "HTMLTitleElement": [Function HTMLTitleElement],
        "HTMLTrackElement": [Function HTMLTrackElement],
        "HTMLUListElement": [Function HTMLUListElement],
        "HTMLUnknownElement": [Function HTMLUnknownElement],
        "HTMLVideoElement": [Function HTMLVideoElement],
        "HashChangeEvent": [Function HashChangeEvent],
        "Headers": [Function Headers],
        "History": [Function History],
        "IDBVersionChangeEvent": [Function Event],
        "Image": [Function Image],
        "ImageBitmap": [Function ImageBitmap],
        "ImageData": [Function ImageData],
        "InputEvent": [Function InputEvent],
        "Int16Array": [Function Int16Array],
        "Int32Array": [Function Int32Array],
        "Int8Array": [Function Int8Array],
        "IntersectionObserver": [Function IntersectionObserver],
        "IntersectionObserverEntry": [Function IntersectionObserverEntry],
        "Intl": {},
        "JSON": {},
        "KeyboardEvent": [Function KeyboardEvent],
        "Location": [Function Location],
        "Map": [Function Map],
        "Math": {},
        "MediaList": [Function MediaList],
        "MediaQueryListEvent": [Function MediaQueryListEvent],
        "MediaStream": [Function MediaStream],
        "MediaStreamEvent": [Function Event],
        "MediaStreamTrack": [Function MediaStreamTrack],
        "MessageEvent": [Function MessageEvent],
        "MessagePort": [Function MessagePort],
        "MimeType": [Function MimeType],
        "MimeTypeArray": [Function MimeTypeArray],
        "MouseEvent": [Function MouseEvent],
        "MutationEvent": [Function Event],
        "MutationObserver": [Function MutationObserver],
        "MutationRecord": [Function MutationRecord],
        "NamedNodeMap": [Function NamedNodeMap],
        "Navigator": [Function Navigator],
        "Node": [Function Node],
        "NodeFilter": {
          "FILTER_ACCEPT": 1,
          "FILTER_REJECT": 2,
          "FILTER_SKIP": 3,
          "SHOW_ALL": -1,
          "SHOW_ATTRIBUTE": 2,
          "SHOW_CDATA_SECTION": 8,
          "SHOW_COMMENT": 128,
          "SHOW_DOCUMENT": 256,
          "SHOW_DOCUMENT_FRAGMENT": 1024,
          "SHOW_DOCUMENT_TYPE": 512,
          "SHOW_ELEMENT": 1,
          "SHOW_ENTITY": 32,
          "SHOW_ENTITY_REFERENCE": 16,
          "SHOW_NOTATION": 2048,
          "SHOW_PROCESSING_INSTRUCTION": 64,
          "SHOW_TEXT": 4,
        },
        "NodeIterator": [Function NodeIterator],
        "NodeList": [Function NodeList],
        "Number": [Function Number],
        "Object": [Function Object],
        "OfflineAudioCompletionEvent": [Function Event],
        "OffscreenCanvas": [Function OffscreenCanvas],
        "OverconstrainedError": [Function Event],
        "PageTransitionEvent": [Function Event],
        "PaymentRequestUpdateEvent": [Function Event],
        "PerformanceEntry": [Function PerformanceEntry],
        "PerformanceObserver": [Function PerformanceObserver],
        "PerformanceObserverEntryList": [Function PerformanceObserverEntryList],
        "PermissionStatus": [Function PermissionStatus],
        "Permissions": [Function Permissions],
        "Plugin": [Function Plugin],
        "PluginArray": [Function PluginArray],
        "PointerEvent": [Function PointerEvent],
        "PopStateEvent": [Function PopStateEvent],
        "ProcessingInstruction": [Function ProcessingInstruction],
        "ProgressEvent": [Function ProgressEvent],
        "Promise": [Function Promise],
        "RTCDataChannelEvent": [Function Event],
        "RTCIdentityErrorEvent": [Function Event],
        "RTCIdentityEvent": [Function Event],
        "RTCPeerConnectionIceEvent": [Function Event],
        "RadioNodeList": [Function RadioNodeList],
        "Range": [Function Range],
        "RangeError": [Function RangeError],
        "ReadableStream": [Function ReadableStream],
        "ReferenceError": [Function ReferenceError],
        "Reflect": {},
        "RegExp": [Function RegExp],
        "RelatedEvent": [Function Event],
        "RemotePlayback": [Function RemotePlayback],
        "Request": [Function Request],
        "ResizeObserver": [Function ResizeObserver],
        "Response": [Function Response],
        "SVGAngle": [Function SVGAngle],
        "SVGAnimateElement": [Function SVGAnimateElement],
        "SVGAnimateMotionElement": [Function SVGAnimateMotionElement],
        "SVGAnimateTransformElement": [Function SVGAnimateTransformElement],
        "SVGAnimatedAngle": [Function SVGAnimatedAngle],
        "SVGAnimatedBoolean": [Function SVGAnimatedBoolean],
        "SVGAnimatedEnumeration": [Function SVGAnimatedEnumeration],
        "SVGAnimatedInteger": [Function SVGAnimatedInteger],
        "SVGAnimatedLength": [Function SVGAnimatedLength],
        "SVGAnimatedLengthList": [Function SVGAnimatedLengthList],
        "SVGAnimatedNumber": [Function SVGAnimatedNumber],
        "SVGAnimatedNumberList": [Function SVGAnimatedNumberList],
        "SVGAnimatedPreserveAspectRatio": [Function SVGAnimatedPreserveAspectRatio],
        "SVGAnimatedRect": [Function SVGAnimatedRect],
        "SVGAnimatedString": [Function SVGAnimatedString],
        "SVGAnimatedTransformList": [Function SVGAnimatedTransformList],
        "SVGAnimationElement": [Function SVGAnimationElement],
        "SVGCircleElement": [Function SVGCircleElement],
        "SVGClipPathElement": [Function SVGClipPathElement],
        "SVGComponentTransferFunctionElement": [Function SVGComponentTransferFunctionElement],
        "SVGDefsElement": [Function SVGDefsElement],
        "SVGDescElement": [Function SVGDescElement],
        "SVGElement": [Function SVGElement],
        "SVGEllipseElement": [Function SVGEllipseElement],
        "SVGEvent": [Function Event],
        "SVGFEBlendElement": [Function SVGFEBlendElement],
        "SVGFEColorMatrixElement": [Function SVGFEColorMatrixElement],
        "SVGFEComponentTransferElement": [Function SVGFEComponentTransferElement],
        "SVGFECompositeElement": [Function SVGFECompositeElement],
        "SVGFEConvolveMatrixElement": [Function SVGFEConvolveMatrixElement],
        "SVGFEDiffuseLightingElement": [Function SVGFEDiffuseLightingElement],
        "SVGFEDisplacementMapElement": [Function SVGFEDisplacementMapElement],
        "SVGFEDistantLightElement": [Function SVGFEDistantLightElement],
        "SVGFEDropShadowElement": [Function SVGFEDropShadowElement],
        "SVGFEFloodElement": [Function SVGFEFloodElement],
        "SVGFEFuncAElement": [Function SVGFEFuncAElement],
        "SVGFEFuncBElement": [Function SVGFEFuncBElement],
        "SVGFEFuncGElement": [Function SVGFEFuncGElement],
        "SVGFEFuncRElement": [Function SVGFEFuncRElement],
        "SVGFEGaussianBlurElement": [Function SVGFEGaussianBlurElement],
        "SVGFEImageElement": [Function SVGFEImageElement],
        "SVGFEMergeElement": [Function SVGFEMergeElement],
        "SVGFEMergeNodeElement": [Function SVGFEMergeNodeElement],
        "SVGFEMorphologyElement": [Function SVGFEMorphologyElement],
        "SVGFEOffsetElement": [Function SVGFEOffsetElement],
        "SVGFEPointLightElement": [Function SVGFEPointLightElement],
        "SVGFESpecularLightingElement": [Function SVGFESpecularLightingElement],
        "SVGFESpotLightElement": [Function SVGFESpotLightElement],
        "SVGFETileElement": [Function SVGFETileElement],
        "SVGFETurbulenceElement": [Function SVGFETurbulenceElement],
        "SVGFilterElement": [Function SVGFilterElement],
        "SVGForeignObjectElement": [Function SVGForeignObjectElement],
        "SVGGElement": [Function SVGGElement],
        "SVGGeometryElement": [Function SVGGeometryElement],
        "SVGGradientElement": [Function SVGGradientElement],
        "SVGGraphicsElement": [Function SVGGraphicsElement],
        "SVGImageElement": [Function SVGImageElement],
        "SVGLength": [Function SVGLength],
        "SVGLengthList": [Function SVGLengthList],
        "SVGLineElement": [Function SVGLineElement],
        "SVGLinearGradientElement": [Function SVGLinearGradientElement],
        "SVGMPathElement": [Function SVGMPathElement],
        "SVGMarkerElement": [Function SVGMarkerElement],
        "SVGMaskElement": [Function SVGMaskElement],
        "SVGMatrix": [Function SVGMatrix],
        "SVGMetadataElement": [Function SVGMetadataElement],
        "SVGNumber": [Function SVGNumber],
        "SVGNumberList": [Function SVGNumberList],
        "SVGPathElement": [Function SVGPathElement],
        "SVGPatternElement": [Function SVGPatternElement],
        "SVGPoint": [Function SVGPoint],
        "SVGPointList": [Function SVGPointList],
        "SVGPolygonElement": [Function SVGPolygonElement],
        "SVGPolylineElement": [Function SVGPolylineElement],
        "SVGPreserveAspectRatio": [Function SVGPreserveAspectRatio],
        "SVGRadialGradientElement": [Function SVGRadialGradientElement],
        "SVGRect": [Function SVGRect],
        "SVGRectElement": [Function SVGRectElement],
        "SVGSVGElement": [Function SVGSVGElement],
        "SVGScriptElement": [Function SVGScriptElement],
        "SVGSetElement": [Function SVGSetElement],
        "SVGStopElement": [Function SVGStopElement],
        "SVGStringList": [Function SVGStringList],
        "SVGStyleElement": [Function SVGStyleElement],
        "SVGSwitchElement": [Function SVGSwitchElement],
        "SVGSymbolElement": [Function SVGSymbolElement],
        "SVGTSpanElement": [Function SVGTSpanElement],
        "SVGTextElement": [Function SVGTextElement],
        "SVGTextPathElement": [Function SVGTextPathElement],
        "SVGTextPositioningElement": [Function SVGTextPositioningElement],
        "SVGTitleElement": [Function SVGTitleElement],
        "SVGTransform": [Function SVGTransform],
        "SVGTransformList": [Function SVGTransformList],
        "SVGUnitTypes": [Function SVGUnitTypes],
        "SVGUseElement": [Function SVGUseElement],
        "SVGViewElement": [Function SVGViewElement],
        "SVGZoomEvent": [Function Event],
        "Screen": [Function Screen],
        "ScreenDetailed": [Function ScreenDetailed],
        "ScreenDetails": [Function ScreenDetails],
        "Selection": [Function Selection],
        "SensorEvent": [Function Event],
        "Set": [Function Set],
        "ShadowRoot": [Function ShadowRoot],
        "Storage": [Function Storage],
        "StorageEvent": [Function StorageEvent],
        "String": [Function String],
        "StylePropertyMap": [Function StylePropertyMap],
        "StylePropertyMapReadOnly": [Function StylePropertyMapReadOnly],
        "SubmitEvent": [Function SubmitEvent],
        "Symbol": [Function Symbol],
        "SyntaxError": [Function SyntaxError],
        "Text": [Function Text],
        "TextDecoder": [Function TextDecoder],
        "TextEncoder": [Function TextEncoder],
        "TextEvent": [Function Event],
        "TextTrack": [Function TextTrack],
        "TextTrackCue": [Function TextTrackCue],
        "TextTrackCueList": [Function TextTrackCueList],
        "TextTrackList": [Function TextTrackList],
        "TimeEvent": [Function Event],
        "TimeRanges": [Function TimeRanges],
        "Touch": [Function Touch],
        "TouchEvent": [Function TouchEvent],
        "TrackEvent": [Function Event],
        "TransformStream": [Function Transform],
        "TransitionEvent": [Function Event],
        "TreeWalker": [Function TreeWalker],
        "TypeError": [Function TypeError],
        "UIEvent": [Function UIEvent],
        "URIError": [Function URIError],
        "URL": [Function URL],
        "URLSearchParams": [Function URLSearchParams],
        "Uint16Array": [Function Uint16Array],
        "Uint32Array": [Function Uint32Array],
        "Uint8Array": [Function Uint8Array],
        "Uint8ClampedArray": [Function Uint8ClampedArray],
        "UserProximityEvent": [Function Event],
        "VTTCue": [Function VTTCue],
        "ValidityState": [Function ValidityState],
        "WeakMap": [Function WeakMap],
        "WeakSet": [Function WeakSet],
        "WebGLContextEvent": [Function Event],
        "WebSocket": [Function WebSocket],
        "WheelEvent": [Function WheelEvent],
        "Window": [Function Window],
        "WritableStream": [Function Writable],
        "XMLDocument": [Function XMLDocument],
        "XMLHttpRequest": [Function XMLHttpRequest],
        "XMLHttpRequestEventTarget": [Function XMLHttpRequestEventTarget],
        "XMLHttpRequestUpload": [Function XMLHttpRequestUpload],
        "XMLSerializer": [Function XMLSerializer],
        "closed": false,
        "console": VirtualConsole {},
        "crypto": Crypto {},
        "customElements": CustomElementRegistry {
          Symbol(registry): Map {},
          Symbol(classRegistry): Map {},
          Symbol(callbacks): Map {},
          Symbol(destroyed): false,
        },
        "decodeURI": [Function decodeURI],
        "decodeURIComponent": [Function decodeURIComponent],
        "document": [Circular],
        "encodeURI": [Function encodeURI],
        "encodeURIComponent": [Function encodeURIComponent],
        "escape": [Function escape],
        "eval": [Function eval],
        "global": undefined,
        "globalThis": [Circular],
        "happyDOM": DetachedWindowAPI {},
        "isFinite": [Function isFinite],
        "isNaN": [Function isNaN],
        "name": "",
        "parseFloat": [Function parseFloat],
        "parseInt": [Function parseInt],
        "performance": Performance {
          Symbol(kEvents): undefined,
          Symbol(events.maxEventTargetListeners): 10,
          Symbol(events.maxEventTargetListenersWarned): false,
          Symbol(kHandlers): undefined,
          Symbol(performance): true,
        },
        "root": undefined,
        "screenLeft": 0,
        "screenTop": 0,
        "screenX": 0,
        "screenY": 0,
        "unescape": [Function unescape],
        "window": [Circular],
        Symbol(listeners): {
          "bubbling": Map {},
          "capturing": Map {},
        },
        Symbol(listenerOptions): {
          "bubbling": Map {},
          "capturing": Map {},
        },
        Symbol(mutationObservers): [],
        Symbol(readyStateManager): DocumentReadyStateManager {},
        Symbol(location): Location {
          Symbol(Symbol.toStringTag): "Location",
        },
        Symbol(history): History {},
        Symbol(navigator): Navigator {},
        Symbol(screen): Screen {
          "availHeight": 768,
          "availWidth": 1024,
          "colorDepth": 24,
          "height": 768,
          "onchange": null,
          "pixelDepth": 24,
          "width": 1024,
          Symbol(listeners): {
            "bubbling": Map {},
            "capturing": Map {},
          },
          Symbol(listenerOptions): {
            "bubbling": Map {},
            "capturing": Map {},
          },
        },
        Symbol(sessionStorage): Storage {},
        Symbol(localStorage): Storage {},
        Symbol(cookieStore): CookieStore {
          Symbol(listeners): {
            "bubbling": Map {},
            "capturing": Map {},
          },
          Symbol(listenerOptions): {
            "bubbling": Map {},
            "capturing": Map {},
          },
        },
        Symbol(self): [Circular],
        Symbol(top): [Circular],
        Symbol(parent): [Circular],
        Symbol(window): [Circular],
        Symbol(frames): [Circular],
        Symbol(internalId): 16,
        Symbol(customElementReactionStack): CustomElementReactionStack {
          "window": [Circular],
        },
        Symbol(modules): {
          "css": Map {},
          "esm": Map {},
          "json": Map {},
        },
        Symbol(moduleImportMap): null,
        Symbol(openWebSockets): [],
        Symbol(propertyEventListeners): Map {},
        Symbol(querySelectorCache): Map {},
      },
      Symbol(forms): null,
      Symbol(affectsComputedStyleCache): [],
      Symbol(elementIdMap): Map {},
      Symbol(contentType): "text/html",
      Symbol(xmlProcessingInstruction): null,
      Symbol(preloads): Map {},
      Symbol(propertyEventListeners): Map {},
      Symbol(selection): null,
    },
    Symbol(currentTarget): null,
    Symbol(isInPassiveEventListener): false,
    Symbol(detail): {
      "profile": null,
    },
  },
  CustomEvent {
    "AT_TARGET": 2,
    "BUBBLING_PHASE": 3,
    "CAPTURING_PHASE": 1,
    "NONE": 0,
    Symbol(composed): false,
    Symbol(bubbles): false,
    Symbol(cancelable): false,
    Symbol(defaultPrevented): false,
    Symbol(eventPhase): 0,
    Symbol(timeStamp): 6920.491858,
    Symbol(type): "sceneaxi:desktop-viewport-play",
    Symbol(dispatching): false,
    Symbol(immediatePropagationStopped): false,
    Symbol(propagationStopped): false,
    Symbol(target): HTMLDocument {
      Symbol(listeners): {
        "bubbling": Map {},
        "capturing": Map {},
      },
      Symbol(listenerOptions): {
        "bubbling": Map {},
        "capturing": Map {},
      },
      Symbol(isConnected): true,
      Symbol(parentNode): null,
      Symbol(rootNode): [Circular],
      Symbol(styleNode): null,
      Symbol(textAreaNode): null,
      Symbol(formNode): null,
      Symbol(selectNode): null,
      Symbol(mutationListeners): [],
      Symbol(nodeArray): [
        <html>
          <head />
          <body />
        </html>,
      ],
      Symbol(elementArray): [
        <html>
          <head />
          <body />
        </html>,
      ],
      Symbol(childNodes): null,
      Symbol(assignedToSlot): null,
      Symbol(cache): {
        "computedStyle": null,
        "elementById": Map {},
        "elementByTagName": Map {},
        "elementsByTagName": Map {},
        "elementsByTagNameNS": Map {},
        "matches": Map {},
        "querySelector": Map {},
        "querySelectorAll": Map {},
      },
      Symbol(affectsCache): [],
      Symbol(ownerDocument): null,
      Symbol(children): null,
      Symbol(activeElement): null,
      Symbol(nextActiveElement): null,
      Symbol(currentScript): null,
      Symbol(isFirstWrite): true,
      Symbol(isFirstWriteAfterOpen): false,
      Symbol(nodeType): 9,
      Symbol(adoptedStyleSheets): [],
      Symbol(implementation): DOMImplementation {},
      Symbol(readyState): "complete",
      Symbol(referrer): "",
      Symbol(defaultView): Window {
        "AbortController": [Function AbortController],
        "AbortSignal": [Function AbortSignal],
        "AnimationEvent": [Function AnimationEvent],
        "Array": [Function Array],
        "ArrayBuffer": [Function ArrayBuffer],
        "Attr": [Function Attr],
        "Audio": [Function Audio],
        "AudioProcessingEvent": [Function Event],
        "BeforeInputEvent": [Function Event],
        "BeforeUnloadEvent": [Function Event],
        "Blob": [Function Blob],
        "BlobEvent": [Function Event],
        "Boolean": [Function Boolean],
        "Buffer": [Function Buffer],
        "CSSConditionRule": [Function CSSConditionRule],
        "CSSContainerRule": [Function CSSContainerRule],
        "CSSFontFaceLoadEvent": [Function Event],
        "CSSFontFaceRule": [Function CSSFontFaceRule],
        "CSSGroupingRule": [Function CSSGroupingRule],
        "CSSKeyframeRule": [Function CSSKeyframeRule],
        "CSSKeyframesRule": [Function CSSKeyframesRule],
        "CSSKeywordValue": [Function CSSKeywordValue],
        "CSSMediaRule": [Function CSSMediaRule],
        "CSSRule": [Function CSSRule],
        "CSSScopeRule": [Function CSSScopeRule],
        "CSSStyleDeclaration": [Function CSSStyleDeclaration],
        "CSSStyleRule": [Function CSSStyleRule],
        "CSSStyleSheet": [Function CSSStyleSheet],
        "CSSStyleValue": [Function CSSStyleValue],
        "CSSSupportsRule": [Function CSSSupportsRule],
        "CSSUnitValue": [Function CSSUnitValue],
        "CanvasCaptureMediaStreamTrack": [Function CanvasCaptureMediaStreamTrack],
        "CharacterData": [Function CharacterData],
        "Clipboard": [Function Clipboard],
        "ClipboardEvent": [Function ClipboardEvent],
        "ClipboardItem": [Function ClipboardItem],
        "CloseEvent": [Function CloseEvent],
        "Comment": [Function Comment],
        "CompositionEvent": [Function Event],
        "CookieChangeEvent": [Function CookieChangeEvent],
        "CookieStore": [Function CookieStore],
        "CustomElementRegistry": [Function CustomElementRegistry],
        "CustomEvent": [Function CustomEvent],
        "DOMException": [Function DOMException],
        "DOMMatrix": [Function DOMMatrix],
        "DOMMatrixReadOnly": [Function DOMMatrixReadOnly],
        "DOMParser": [Function DOMParser],
        "DOMPoint": [Function DOMPoint],
        "DOMPointReadOnly": [Function DOMPointReadOnly],
        "DOMRect": [Function DOMRect],
        "DOMRectReadOnly": [Function DOMRectReadOnly],
        "DOMTransactionEvent": [Function Event],
        "DataTransfer": [Function DataTransfer],
        "DataTransferItem": [Function DataTransferItem],
        "DataTransferItemList": [Function DataTransferItemList],
        "DataView": [Function DataView],
        "Date": [Function Date],
        "DeviceLightEvent": [Function Event],
        "DeviceMotionEvent": [Function Event],
        "DeviceOrientationEvent": [Function Event],
        "DeviceProximityEvent": [Function Event],
        "Document": [Function Document],
        "DocumentFragment": [Function DocumentFragment],
        "DocumentType": [Function DocumentType],
        "DragEvent": [Function Event],
        "EditingBeforeInputEvent": [Function Event],
        "Element": [Function Element],
        "Error": [Function Error],
        "ErrorEvent": [Function ErrorEvent],
        "EvalError": [Function EvalError],
        "Event": [Function Event],
        "EventTarget": [Function EventTarget],
        "FetchEvent": [Function Event],
        "File": [Function File],
        "FileList": [Function FileList],
        "FileReader": [Function FileReader],
        "Float32Array": [Function Float32Array],
        "Float64Array": [Function Float64Array],
        "FocusEvent": [Function FocusEvent],
        "FormData": [Function FormData],
        "Function": [Function Function],
        "GLOBAL": undefined,
        "GamepadEvent": [Function Event],
        "HTMLAnchorElement": [Function HTMLAnchorElement],
        "HTMLAreaElement": [Function HTMLAreaElement],
        "HTMLAudioElement": [Function HTMLAudioElement],
        "HTMLBRElement": [Function HTMLBRElement],
        "HTMLBaseElement": [Function HTMLBaseElement],
        "HTMLBodyElement": [Function HTMLBodyElement],
        "HTMLButtonElement": [Function HTMLButtonElement],
        "HTMLCanvasElement": [Function HTMLCanvasElement],
        "HTMLCollection": [Function HTMLCollection],
        "HTMLDListElement": [Function HTMLDListElement],
        "HTMLDataElement": [Function HTMLDataElement],
        "HTMLDataListElement": [Function HTMLDataListElement],
        "HTMLDetailsElement": [Function HTMLDetailsElement],
        "HTMLDialogElement": [Function HTMLDialogElement],
        "HTMLDivElement": [Function HTMLDivElement],
        "HTMLDocument": [Function HTMLDocument],
        "HTMLElement": [Function HTMLElement],
        "HTMLEmbedElement": [Function HTMLEmbedElement],
        "HTMLFieldSetElement": [Function HTMLFieldSetElement],
        "HTMLFormControlCollection": [Function HTMLFormControlsCollection],
        "HTMLFormElement": [Function HTMLFormElement],
        "HTMLHRElement": [Function HTMLHRElement],
        "HTMLHeadElement": [Function HTMLHeadElement],
        "HTMLHeadingElement": [Function HTMLHeadingElement],
        "HTMLHtmlElement": [Function HTMLHtmlElement],
        "HTMLIFrameElement": [Function HTMLIFrameElement],
        "HTMLImageElement": [Function HTMLImageElement],
        "HTMLInputElement": [Function HTMLInputElement],
        "HTMLLIElement": [Function HTMLLIElement],
        "HTMLLabelElement": [Function HTMLLabelElement],
        "HTMLLegendElement": [Function HTMLLegendElement],
        "HTMLLinkElement": [Function HTMLLinkElement],
        "HTMLMapElement": [Function HTMLMapElement],
        "HTMLMediaElement": [Function HTMLMediaElement],
        "HTMLMenuElement": [Function HTMLMenuElement],
        "HTMLMetaElement": [Function HTMLMetaElement],
        "HTMLMeterElement": [Function HTMLMeterElement],
        "HTMLModElement": [Function HTMLModElement],
        "HTMLOListElement": [Function HTMLOListElement],
        "HTMLObjectElement": [Function HTMLObjectElement],
        "HTMLOptGroupElement": [Function HTMLOptGroupElement],
        "HTMLOptionElement": [Function HTMLOptionElement],
        "HTMLOptionsCollection": [Function HTMLOptionsCollection],
        "HTMLOutputElement": [Function HTMLOutputElement],
        "HTMLParagraphElement": [Function HTMLParagraphElement],
        "HTMLParamElement": [Function HTMLParamElement],
        "HTMLPictureElement": [Function HTMLPictureElement],
        "HTMLPreElement": [Function HTMLPreElement],
        "HTMLProgressElement": [Function HTMLProgressElement],
        "HTMLQuoteElement": [Function HTMLQuoteElement],
        "HTMLScriptElement": [Function HTMLScriptElement],
        "HTMLSelectElement": [Function HTMLSelectElement],
        "HTMLSlotElement": [Function HTMLSlotElement],
        "HTMLSourceElement": [Function HTMLSourceElement],
        "HTMLSpanElement": [Function HTMLSpanElement],
        "HTMLStyleElement": [Function HTMLStyleElement],
        "HTMLTableCaptionElement": [Function HTMLTableCaptionElement],
        "HTMLTableCellElement": [Function HTMLTableCellElement],
        "HTMLTableColElement": [Function HTMLTableColElement],
        "HTMLTableElement": [Function HTMLTableElement],
        "HTMLTableRowElement": [Function HTMLTableRowElement],
        "HTMLTableSectionElement": [Function HTMLTableSectionElement],
        "HTMLTemplateElement": [Function HTMLTemplateElement],
        "HTMLTextAreaElement": [Function HTMLTextAreaElement],
        "HTMLTimeElement": [Function HTMLTimeElement],
        "HTMLTitleElement": [Function HTMLTitleElement],
        "HTMLTrackElement": [Function HTMLTrackElement],
        "HTMLUListElement": [Function HTMLUListElement],
        "HTMLUnknownElement": [Function HTMLUnknownElement],
        "HTMLVideoElement": [Function HTMLVideoElement],
        "HashChangeEvent": [Function HashChangeEvent],
        "Headers": [Function Headers],
        "History": [Function History],
        "IDBVersionChangeEvent": [Function Event],
        "Image": [Function Image],
        "ImageBitmap": [Function ImageBitmap],
        "ImageData": [Function ImageData],
        "InputEvent": [Function InputEvent],
        "Int16Array": [Function Int16Array],
        "Int32Array": [Function Int32Array],
        "Int8Array": [Function Int8Array],
        "IntersectionObserver": [Function IntersectionObserver],
        "IntersectionObserverEntry": [Function IntersectionObserverEntry],
        "Intl": {},
        "JSON": {},
        "KeyboardEvent": [Function KeyboardEvent],
        "Location": [Function Location],
        "Map": [Function Map],
        "Math": {},
        "MediaList": [Function MediaList],
        "MediaQueryListEvent": [Function MediaQueryListEvent],
        "MediaStream": [Function MediaStream],
        "MediaStreamEvent": [Function Event],
        "MediaStreamTrack": [Function MediaStreamTrack],
        "MessageEvent": [Function MessageEvent],
        "MessagePort": [Function MessagePort],
        "MimeType": [Function MimeType],
        "MimeTypeArray": [Function MimeTypeArray],
        "MouseEvent": [Function MouseEvent],
        "MutationEvent": [Function Event],
        "MutationObserver": [Function MutationObserver],
        "MutationRecord": [Function MutationRecord],
        "NamedNodeMap": [Function NamedNodeMap],
        "Navigator": [Function Navigator],
        "Node": [Function Node],
        "NodeFilter": {
          "FILTER_ACCEPT": 1,
          "FILTER_REJECT": 2,
          "FILTER_SKIP": 3,
          "SHOW_ALL": -1,
          "SHOW_ATTRIBUTE": 2,
          "SHOW_CDATA_SECTION": 8,
          "SHOW_COMMENT": 128,
          "SHOW_DOCUMENT": 256,
          "SHOW_DOCUMENT_FRAGMENT": 1024,
          "SHOW_DOCUMENT_TYPE": 512,
          "SHOW_ELEMENT": 1,
          "SHOW_ENTITY": 32,
          "SHOW_ENTITY_REFERENCE": 16,
          "SHOW_NOTATION": 2048,
          "SHOW_PROCESSING_INSTRUCTION": 64,
          "SHOW_TEXT": 4,
        },
        "NodeIterator": [Function NodeIterator],
        "NodeList": [Function NodeList],
        "Number": [Function Number],
        "Object": [Function Object],
        "OfflineAudioCompletionEvent": [Function Event],
        "OffscreenCanvas": [Function OffscreenCanvas],
        "OverconstrainedError": [Function Event],
        "PageTransitionEvent": [Function Event],
        "PaymentRequestUpdateEvent": [Function Event],
        "PerformanceEntry": [Function PerformanceEntry],
        "PerformanceObserver": [Function PerformanceObserver],
        "PerformanceObserverEntryList": [Function PerformanceObserverEntryList],
        "PermissionStatus": [Function PermissionStatus],
        "Permissions": [Function Permissions],
        "Plugin": [Function Plugin],
        "PluginArray": [Function PluginArray],
        "PointerEvent": [Function PointerEvent],
        "PopStateEvent": [Function PopStateEvent],
        "ProcessingInstruction": [Function ProcessingInstruction],
        "ProgressEvent": [Function ProgressEvent],
        "Promise": [Function Promise],
        "RTCDataChannelEvent": [Function Event],
        "RTCIdentityErrorEvent": [Function Event],
        "RTCIdentityEvent": [Function Event],
        "RTCPeerConnectionIceEvent": [Function Event],
        "RadioNodeList": [Function RadioNodeList],
        "Range": [Function Range],
        "RangeError": [Function RangeError],
        "ReadableStream": [Function ReadableStream],
        "ReferenceError": [Function ReferenceError],
        "Reflect": {},
        "RegExp": [Function RegExp],
        "RelatedEvent": [Function Event],
        "RemotePlayback": [Function RemotePlayback],
        "Request": [Function Request],
        "ResizeObserver": [Function ResizeObserver],
        "Response": [Function Response],
        "SVGAngle": [Function SVGAngle],
        "SVGAnimateElement": [Function SVGAnimateElement],
        "SVGAnimateMotionElement": [Function SVGAnimateMotionElement],
        "SVGAnimateTransformElement": [Function SVGAnimateTransformElement],
        "SVGAnimatedAngle": [Function SVGAnimatedAngle],
        "SVGAnimatedBoolean": [Function SVGAnimatedBoolean],
        "SVGAnimatedEnumeration": [Function SVGAnimatedEnumeration],
        "SVGAnimatedInteger": [Function SVGAnimatedInteger],
        "SVGAnimatedLength": [Function SVGAnimatedLength],
        "SVGAnimatedLengthList": [Function SVGAnimatedLengthList],
        "SVGAnimatedNumber": [Function SVGAnimatedNumber],
        "SVGAnimatedNumberList": [Function SVGAnimatedNumberList],
        "SVGAnimatedPreserveAspectRatio": [Function SVGAnimatedPreserveAspectRatio],
        "SVGAnimatedRect": [Function SVGAnimatedRect],
        "SVGAnimatedString": [Function SVGAnimatedString],
        "SVGAnimatedTransformList": [Function SVGAnimatedTransformList],
        "SVGAnimationElement": [Function SVGAnimationElement],
        "SVGCircleElement": [Function SVGCircleElement],
        "SVGClipPathElement": [Function SVGClipPathElement],
        "SVGComponentTransferFunctionElement": [Function SVGComponentTransferFunctionElement],
        "SVGDefsElement": [Function SVGDefsElement],
        "SVGDescElement": [Function SVGDescElement],
        "SVGElement": [Function SVGElement],
        "SVGEllipseElement": [Function SVGEllipseElement],
        "SVGEvent": [Function Event],
        "SVGFEBlendElement": [Function SVGFEBlendElement],
        "SVGFEColorMatrixElement": [Function SVGFEColorMatrixElement],
        "SVGFEComponentTransferElement": [Function SVGFEComponentTransferElement],
        "SVGFECompositeElement": [Function SVGFECompositeElement],
        "SVGFEConvolveMatrixElement": [Function SVGFEConvolveMatrixElement],
        "SVGFEDiffuseLightingElement": [Function SVGFEDiffuseLightingElement],
        "SVGFEDisplacementMapElement": [Function SVGFEDisplacementMapElement],
        "SVGFEDistantLightElement": [Function SVGFEDistantLightElement],
        "SVGFEDropShadowElement": [Function SVGFEDropShadowElement],
        "SVGFEFloodElement": [Function SVGFEFloodElement],
        "SVGFEFuncAElement": [Function SVGFEFuncAElement],
        "SVGFEFuncBElement": [Function SVGFEFuncBElement],
        "SVGFEFuncGElement": [Function SVGFEFuncGElement],
        "SVGFEFuncRElement": [Function SVGFEFuncRElement],
        "SVGFEGaussianBlurElement": [Function SVGFEGaussianBlurElement],
        "SVGFEImageElement": [Function SVGFEImageElement],
        "SVGFEMergeElement": [Function SVGFEMergeElement],
        "SVGFEMergeNodeElement": [Function SVGFEMergeNodeElement],
        "SVGFEMorphologyElement": [Function SVGFEMorphologyElement],
        "SVGFEOffsetElement": [Function SVGFEOffsetElement],
        "SVGFEPointLightElement": [Function SVGFEPointLightElement],
        "SVGFESpecularLightingElement": [Function SVGFESpecularLightingElement],
        "SVGFESpotLightElement": [Function SVGFESpotLightElement],
        "SVGFETileElement": [Function SVGFETileElement],
        "SVGFETurbulenceElement": [Function SVGFETurbulenceElement],
        "SVGFilterElement": [Function SVGFilterElement],
        "SVGForeignObjectElement": [Function SVGForeignObjectElement],
        "SVGGElement": [Function SVGGElement],
        "SVGGeometryElement": [Function SVGGeometryElement],
        "SVGGradientElement": [Function SVGGradientElement],
        "SVGGraphicsElement": [Function SVGGraphicsElement],
        "SVGImageElement": [Function SVGImageElement],
        "SVGLength": [Function SVGLength],
        "SVGLengthList": [Function SVGLengthList],
        "SVGLineElement": [Function SVGLineElement],
        "SVGLinearGradientElement": [Function SVGLinearGradientElement],
        "SVGMPathElement": [Function SVGMPathElement],
        "SVGMarkerElement": [Function SVGMarkerElement],
        "SVGMaskElement": [Function SVGMaskElement],
        "SVGMatrix": [Function SVGMatrix],
        "SVGMetadataElement": [Function SVGMetadataElement],
        "SVGNumber": [Function SVGNumber],
        "SVGNumberList": [Function SVGNumberList],
        "SVGPathElement": [Function SVGPathElement],
        "SVGPatternElement": [Function SVGPatternElement],
        "SVGPoint": [Function SVGPoint],
        "SVGPointList": [Function SVGPointList],
        "SVGPolygonElement": [Function SVGPolygonElement],
        "SVGPolylineElement": [Function SVGPolylineElement],
        "SVGPreserveAspectRatio": [Function SVGPreserveAspectRatio],
        "SVGRadialGradientElement": [Function SVGRadialGradientElement],
        "SVGRect": [Function SVGRect],
        "SVGRectElement": [Function SVGRectElement],
        "SVGSVGElement": [Function SVGSVGElement],
        "SVGScriptElement": [Function SVGScriptElement],
        "SVGSetElement": [Function SVGSetElement],
        "SVGStopElement": [Function SVGStopElement],
        "SVGStringList": [Function SVGStringList],
        "SVGStyleElement": [Function SVGStyleElement],
        "SVGSwitchElement": [Function SVGSwitchElement],
        "SVGSymbolElement": [Function SVGSymbolElement],
        "SVGTSpanElement": [Function SVGTSpanElement],
        "SVGTextElement": [Function SVGTextElement],
        "SVGTextPathElement": [Function SVGTextPathElement],
        "SVGTextPositioningElement": [Function SVGTextPositioningElement],
        "SVGTitleElement": [Function SVGTitleElement],
        "SVGTransform": [Function SVGTransform],
        "SVGTransformList": [Function SVGTransformList],
        "SVGUnitTypes": [Function SVGUnitTypes],
        "SVGUseElement": [Function SVGUseElement],
        "SVGViewElement": [Function SVGViewElement],
        "SVGZoomEvent": [Function Event],
        "Screen": [Function Screen],
        "ScreenDetailed": [Function ScreenDetailed],
        "ScreenDetails": [Function ScreenDetails],
        "Selection": [Function Selection],
        "SensorEvent": [Function Event],
        "Set": [Function Set],
        "ShadowRoot": [Function ShadowRoot],
        "Storage": [Function Storage],
        "StorageEvent": [Function StorageEvent],
        "String": [Function String],
        "StylePropertyMap": [Function StylePropertyMap],
        "StylePropertyMapReadOnly": [Function StylePropertyMapReadOnly],
        "SubmitEvent": [Function SubmitEvent],
        "Symbol": [Function Symbol],
        "SyntaxError": [Function SyntaxError],
        "Text": [Function Text],
        "TextDecoder": [Function TextDecoder],
        "TextEncoder": [Function TextEncoder],
        "TextEvent": [Function Event],
        "TextTrack": [Function TextTrack],
        "TextTrackCue": [Function TextTrackCue],
        "TextTrackCueList": [Function TextTrackCueList],
        "TextTrackList": [Function TextTrackList],
        "TimeEvent": [Function Event],
        "TimeRanges": [Function TimeRanges],
        "Touch": [Function Touch],
        "TouchEvent": [Function TouchEvent],
        "TrackEvent": [Function Event],
        "TransformStream": [Function Transform],
        "TransitionEvent": [Function Event],
        "TreeWalker": [Function TreeWalker],
        "TypeError": [Function TypeError],
        "UIEvent": [Function UIEvent],
        "URIError": [Function URIError],
        "URL": [Function URL],
        "URLSearchParams": [Function URLSearchParams],
        "Uint16Array": [Function Uint16Array],
        "Uint32Array": [Function Uint32Array],
        "Uint8Array": [Function Uint8Array],
        "Uint8ClampedArray": [Function Uint8ClampedArray],
        "UserProximityEvent": [Function Event],
        "VTTCue": [Function VTTCue],
        "ValidityState": [Function ValidityState],
        "WeakMap": [Function WeakMap],
        "WeakSet": [Functi...

[36m [2m❯[22m tests/e2e/desktop-linux-bridge-golden.test.ts:[2m2069:30[22m[39m
    [90m2067|[39m     expect(runEvidence.hidden).toBe(true);
    [90m2068|[39m     expect(runEvidence.textContent).toBe("");
    [90m2069|[39m     expect(dispatchedEvents).toContainEqual({
    [90m   |[39m                              [31m^[39m
    [90m2070|[39m       type: DESKTOP_RARITY_PROPOSAL_EVENT,
    [90m2071|[39m       detail: {

[31m[2m⎯⎯⎯⎯⎯⎯⎯⎯⎯⎯⎯⎯⎯⎯⎯⎯⎯⎯⎯⎯⎯⎯⎯⎯[3/7]⎯[22m[39m

[41m[1m FAIL [22m[49m tests/e2e/desktop-linux-bridge-golden.test.ts[2m > [22mdesktop chrome document — the shell's chrome, unforked, plus two injections[2m > [22msettles and invalidates a staged rarity proposal on recovery restart
[31m[1mAssertionError[22m: expected [ …(4) ] to deep equally contain { …(2) }[39m

[32m- Expected:[39m
{
  "detail": {
    "evidence": {
      "algorithmId": "sceneaxi.rarity.weighted-sha256-v1",
      "candidateDraw": 2,
      "candidateId": "wayfinder-copper",
      "candidateRollDigest": "sha256:7777777777777777777777777777777777777777777777777777777777777777",
      "candidateTotalWeight": 5,
      "eventId": "wayfinder-drop-001",
      "namespaceDigest": "sha256:5555555555555555555555555555555555555555555555555555555555555555",
      "outcomeDigest": "sha256:3333333333333333333333333333333333333333333333333333333333333333",
      "policyDigest": "sha256:1111111111111111111111111111111111111111111111111111111111111111",
      "projectSeed": 20260809,
      "provenanceDigest": "sha256:4444444444444444444444444444444444444444444444444444444444444444",
      "providerEvidence": {
        "kind": "sceneaxi.model-provider-call-evidence",
        "model": {
          "model": "wayfinder-rarity-fixture",
          "provider": "sceneaxi-fixture",
          "quantization": "deterministic-json",
          "version": "2026-08-09",
        },
        "operation": "tool-call",
        "profile": "@sceneaxi/profile-game",
        "schemaVersion": 1,
      },
      "providerEvidenceDigest": "sha256:eeeeeeeeeeeeeeeeeeeeeeeeeeeeeeeeeeeeeeeeeeeeeeeeeeeeeeeeeeeeeeee",
      "requestDigest": "sha256:2222222222222222222222222222222222222222222222222222222222222222",
      "scope": "desktop-linux-rarity",
      "tier": "uncommon",
      "tierDraw": 69,
      "tierRollDigest": "sha256:6666666666666666666666666666666666666666666666666666666666666666",
      "tierTotalWeight": 100,
    },
    "retired": "session-restarted",
  },
  "type": "sceneaxi:desktop-rarity-proposal",
}

[31m+ Received:[39m
[
  CustomEvent {
    "AT_TARGET": 2,
    "BUBBLING_PHASE": 3,
    "CAPTURING_PHASE": 1,
    "NONE": 0,
    Symbol(composed): false,
    Symbol(bubbles): false,
    Symbol(cancelable): false,
    Symbol(defaultPrevented): false,
    Symbol(eventPhase): 0,
    Symbol(timeStamp): 7415.798395,
    Symbol(type): "sceneaxi:desktop-audio-invalidate",
    Symbol(dispatching): false,
    Symbol(immediatePropagationStopped): false,
    Symbol(propagationStopped): false,
    Symbol(target): HTMLDocument {
      Symbol(listeners): {
        "bubbling": Map {},
        "capturing": Map {},
      },
      Symbol(listenerOptions): {
        "bubbling": Map {},
        "capturing": Map {},
      },
      Symbol(isConnected): true,
      Symbol(parentNode): null,
      Symbol(rootNode): [Circular],
      Symbol(styleNode): null,
      Symbol(textAreaNode): null,
      Symbol(formNode): null,
      Symbol(selectNode): null,
      Symbol(mutationListeners): [],
      Symbol(nodeArray): [
        <html>
          <head />
          <body />
        </html>,
      ],
      Symbol(elementArray): [
        <html>
          <head />
          <body />
        </html>,
      ],
      Symbol(childNodes): null,
      Symbol(assignedToSlot): null,
      Symbol(cache): {
        "computedStyle": null,
        "elementById": Map {},
        "elementByTagName": Map {},
        "elementsByTagName": Map {},
        "elementsByTagNameNS": Map {},
        "matches": Map {},
        "querySelector": Map {},
        "querySelectorAll": Map {},
      },
      Symbol(affectsCache): [],
      Symbol(ownerDocument): null,
      Symbol(children): null,
      Symbol(activeElement): null,
      Symbol(nextActiveElement): null,
      Symbol(currentScript): null,
      Symbol(isFirstWrite): true,
      Symbol(isFirstWriteAfterOpen): false,
      Symbol(nodeType): 9,
      Symbol(adoptedStyleSheets): [],
      Symbol(implementation): DOMImplementation {},
      Symbol(readyState): "complete",
      Symbol(referrer): "",
      Symbol(defaultView): Window {
        "AbortController": [Function AbortController],
        "AbortSignal": [Function AbortSignal],
        "AnimationEvent": [Function AnimationEvent],
        "Array": [Function Array],
        "ArrayBuffer": [Function ArrayBuffer],
        "Attr": [Function Attr],
        "Audio": [Function Audio],
        "AudioProcessingEvent": [Function Event],
        "BeforeInputEvent": [Function Event],
        "BeforeUnloadEvent": [Function Event],
        "Blob": [Function Blob],
        "BlobEvent": [Function Event],
        "Boolean": [Function Boolean],
        "Buffer": [Function Buffer],
        "CSSConditionRule": [Function CSSConditionRule],
        "CSSContainerRule": [Function CSSContainerRule],
        "CSSFontFaceLoadEvent": [Function Event],
        "CSSFontFaceRule": [Function CSSFontFaceRule],
        "CSSGroupingRule": [Function CSSGroupingRule],
        "CSSKeyframeRule": [Function CSSKeyframeRule],
        "CSSKeyframesRule": [Function CSSKeyframesRule],
        "CSSKeywordValue": [Function CSSKeywordValue],
        "CSSMediaRule": [Function CSSMediaRule],
        "CSSRule": [Function CSSRule],
        "CSSScopeRule": [Function CSSScopeRule],
        "CSSStyleDeclaration": [Function CSSStyleDeclaration],
        "CSSStyleRule": [Function CSSStyleRule],
        "CSSStyleSheet": [Function CSSStyleSheet],
        "CSSStyleValue": [Function CSSStyleValue],
        "CSSSupportsRule": [Function CSSSupportsRule],
        "CSSUnitValue": [Function CSSUnitValue],
        "CanvasCaptureMediaStreamTrack": [Function CanvasCaptureMediaStreamTrack],
        "CharacterData": [Function CharacterData],
        "Clipboard": [Function Clipboard],
        "ClipboardEvent": [Function ClipboardEvent],
        "ClipboardItem": [Function ClipboardItem],
        "CloseEvent": [Function CloseEvent],
        "Comment": [Function Comment],
        "CompositionEvent": [Function Event],
        "CookieChangeEvent": [Function CookieChangeEvent],
        "CookieStore": [Function CookieStore],
        "CustomElementRegistry": [Function CustomElementRegistry],
        "CustomEvent": [Function CustomEvent],
        "DOMException": [Function DOMException],
        "DOMMatrix": [Function DOMMatrix],
        "DOMMatrixReadOnly": [Function DOMMatrixReadOnly],
        "DOMParser": [Function DOMParser],
        "DOMPoint": [Function DOMPoint],
        "DOMPointReadOnly": [Function DOMPointReadOnly],
        "DOMRect": [Function DOMRect],
        "DOMRectReadOnly": [Function DOMRectReadOnly],
        "DOMTransactionEvent": [Function Event],
        "DataTransfer": [Function DataTransfer],
        "DataTransferItem": [Function DataTransferItem],
        "DataTransferItemList": [Function DataTransferItemList],
        "DataView": [Function DataView],
        "Date": [Function Date],
        "DeviceLightEvent": [Function Event],
        "DeviceMotionEvent": [Function Event],
        "DeviceOrientationEvent": [Function Event],
        "DeviceProximityEvent": [Function Event],
        "Document": [Function Document],
        "DocumentFragment": [Function DocumentFragment],
        "DocumentType": [Function DocumentType],
        "DragEvent": [Function Event],
        "EditingBeforeInputEvent": [Function Event],
        "Element": [Function Element],
        "Error": [Function Error],
        "ErrorEvent": [Function ErrorEvent],
        "EvalError": [Function EvalError],
        "Event": [Function Event],
        "EventTarget": [Function EventTarget],
        "FetchEvent": [Function Event],
        "File": [Function File],
        "FileList": [Function FileList],
        "FileReader": [Function FileReader],
        "Float32Array": [Function Float32Array],
        "Float64Array": [Function Float64Array],
        "FocusEvent": [Function FocusEvent],
        "FormData": [Function FormData],
        "Function": [Function Function],
        "GLOBAL": undefined,
        "GamepadEvent": [Function Event],
        "HTMLAnchorElement": [Function HTMLAnchorElement],
        "HTMLAreaElement": [Function HTMLAreaElement],
        "HTMLAudioElement": [Function HTMLAudioElement],
        "HTMLBRElement": [Function HTMLBRElement],
        "HTMLBaseElement": [Function HTMLBaseElement],
        "HTMLBodyElement": [Function HTMLBodyElement],
        "HTMLButtonElement": [Function HTMLButtonElement],
        "HTMLCanvasElement": [Function HTMLCanvasElement],
        "HTMLCollection": [Function HTMLCollection],
        "HTMLDListElement": [Function HTMLDListElement],
        "HTMLDataElement": [Function HTMLDataElement],
        "HTMLDataListElement": [Function HTMLDataListElement],
        "HTMLDetailsElement": [Function HTMLDetailsElement],
        "HTMLDialogElement": [Function HTMLDialogElement],
        "HTMLDivElement": [Function HTMLDivElement],
        "HTMLDocument": [Function HTMLDocument],
        "HTMLElement": [Function HTMLElement],
        "HTMLEmbedElement": [Function HTMLEmbedElement],
        "HTMLFieldSetElement": [Function HTMLFieldSetElement],
        "HTMLFormControlCollection": [Function HTMLFormControlsCollection],
        "HTMLFormElement": [Function HTMLFormElement],
        "HTMLHRElement": [Function HTMLHRElement],
        "HTMLHeadElement": [Function HTMLHeadElement],
        "HTMLHeadingElement": [Function HTMLHeadingElement],
        "HTMLHtmlElement": [Function HTMLHtmlElement],
        "HTMLIFrameElement": [Function HTMLIFrameElement],
        "HTMLImageElement": [Function HTMLImageElement],
        "HTMLInputElement": [Function HTMLInputElement],
        "HTMLLIElement": [Function HTMLLIElement],
        "HTMLLabelElement": [Function HTMLLabelElement],
        "HTMLLegendElement": [Function HTMLLegendElement],
        "HTMLLinkElement": [Function HTMLLinkElement],
        "HTMLMapElement": [Function HTMLMapElement],
        "HTMLMediaElement": [Function HTMLMediaElement],
        "HTMLMenuElement": [Function HTMLMenuElement],
        "HTMLMetaElement": [Function HTMLMetaElement],
        "HTMLMeterElement": [Function HTMLMeterElement],
        "HTMLModElement": [Function HTMLModElement],
        "HTMLOListElement": [Function HTMLOListElement],
        "HTMLObjectElement": [Function HTMLObjectElement],
        "HTMLOptGroupElement": [Function HTMLOptGroupElement],
        "HTMLOptionElement": [Function HTMLOptionElement],
        "HTMLOptionsCollection": [Function HTMLOptionsCollection],
        "HTMLOutputElement": [Function HTMLOutputElement],
        "HTMLParagraphElement": [Function HTMLParagraphElement],
        "HTMLParamElement": [Function HTMLParamElement],
        "HTMLPictureElement": [Function HTMLPictureElement],
        "HTMLPreElement": [Function HTMLPreElement],
        "HTMLProgressElement": [Function HTMLProgressElement],
        "HTMLQuoteElement": [Function HTMLQuoteElement],
        "HTMLScriptElement": [Function HTMLScriptElement],
        "HTMLSelectElement": [Function HTMLSelectElement],
        "HTMLSlotElement": [Function HTMLSlotElement],
        "HTMLSourceElement": [Function HTMLSourceElement],
        "HTMLSpanElement": [Function HTMLSpanElement],
        "HTMLStyleElement": [Function HTMLStyleElement],
        "HTMLTableCaptionElement": [Function HTMLTableCaptionElement],
        "HTMLTableCellElement": [Function HTMLTableCellElement],
        "HTMLTableColElement": [Function HTMLTableColElement],
        "HTMLTableElement": [Function HTMLTableElement],
        "HTMLTableRowElement": [Function HTMLTableRowElement],
        "HTMLTableSectionElement": [Function HTMLTableSectionElement],
        "HTMLTemplateElement": [Function HTMLTemplateElement],
        "HTMLTextAreaElement": [Function HTMLTextAreaElement],
        "HTMLTimeElement": [Function HTMLTimeElement],
        "HTMLTitleElement": [Function HTMLTitleElement],
        "HTMLTrackElement": [Function HTMLTrackElement],
        "HTMLUListElement": [Function HTMLUListElement],
        "HTMLUnknownElement": [Function HTMLUnknownElement],
        "HTMLVideoElement": [Function HTMLVideoElement],
        "HashChangeEvent": [Function HashChangeEvent],
        "Headers": [Function Headers],
        "History": [Function History],
        "IDBVersionChangeEvent": [Function Event],
        "Image": [Function Image],
        "ImageBitmap": [Function ImageBitmap],
        "ImageData": [Function ImageData],
        "InputEvent": [Function InputEvent],
        "Int16Array": [Function Int16Array],
        "Int32Array": [Function Int32Array],
        "Int8Array": [Function Int8Array],
        "IntersectionObserver": [Function IntersectionObserver],
        "IntersectionObserverEntry": [Function IntersectionObserverEntry],
        "Intl": {},
        "JSON": {},
        "KeyboardEvent": [Function KeyboardEvent],
        "Location": [Function Location],
        "Map": [Function Map],
        "Math": {},
        "MediaList": [Function MediaList],
        "MediaQueryListEvent": [Function MediaQueryListEvent],
        "MediaStream": [Function MediaStream],
        "MediaStreamEvent": [Function Event],
        "MediaStreamTrack": [Function MediaStreamTrack],
        "MessageEvent": [Function MessageEvent],
        "MessagePort": [Function MessagePort],
        "MimeType": [Function MimeType],
        "MimeTypeArray": [Function MimeTypeArray],
        "MouseEvent": [Function MouseEvent],
        "MutationEvent": [Function Event],
        "MutationObserver": [Function MutationObserver],
        "MutationRecord": [Function MutationRecord],
        "NamedNodeMap": [Function NamedNodeMap],
        "Navigator": [Function Navigator],
        "Node": [Function Node],
        "NodeFilter": {
          "FILTER_ACCEPT": 1,
          "FILTER_REJECT": 2,
          "FILTER_SKIP": 3,
          "SHOW_ALL": -1,
          "SHOW_ATTRIBUTE": 2,
          "SHOW_CDATA_SECTION": 8,
          "SHOW_COMMENT": 128,
          "SHOW_DOCUMENT": 256,
          "SHOW_DOCUMENT_FRAGMENT": 1024,
          "SHOW_DOCUMENT_TYPE": 512,
          "SHOW_ELEMENT": 1,
          "SHOW_ENTITY": 32,
          "SHOW_ENTITY_REFERENCE": 16,
          "SHOW_NOTATION": 2048,
          "SHOW_PROCESSING_INSTRUCTION": 64,
          "SHOW_TEXT": 4,
        },
        "NodeIterator": [Function NodeIterator],
        "NodeList": [Function NodeList],
        "Number": [Function Number],
        "Object": [Function Object],
        "OfflineAudioCompletionEvent": [Function Event],
        "OffscreenCanvas": [Function OffscreenCanvas],
        "OverconstrainedError": [Function Event],
        "PageTransitionEvent": [Function Event],
        "PaymentRequestUpdateEvent": [Function Event],
        "PerformanceEntry": [Function PerformanceEntry],
        "PerformanceObserver": [Function PerformanceObserver],
        "PerformanceObserverEntryList": [Function PerformanceObserverEntryList],
        "PermissionStatus": [Function PermissionStatus],
        "Permissions": [Function Permissions],
        "Plugin": [Function Plugin],
        "PluginArray": [Function PluginArray],
        "PointerEvent": [Function PointerEvent],
        "PopStateEvent": [Function PopStateEvent],
        "ProcessingInstruction": [Function ProcessingInstruction],
        "ProgressEvent": [Function ProgressEvent],
        "Promise": [Function Promise],
        "RTCDataChannelEvent": [Function Event],
        "RTCIdentityErrorEvent": [Function Event],
        "RTCIdentityEvent": [Function Event],
        "RTCPeerConnectionIceEvent": [Function Event],
        "RadioNodeList": [Function RadioNodeList],
        "Range": [Function Range],
        "RangeError": [Function RangeError],
        "ReadableStream": [Function ReadableStream],
        "ReferenceError": [Function ReferenceError],
        "Reflect": {},
        "RegExp": [Function RegExp],
        "RelatedEvent": [Function Event],
        "RemotePlayback": [Function RemotePlayback],
        "Request": [Function Request],
        "ResizeObserver": [Function ResizeObserver],
        "Response": [Function Response],
        "SVGAngle": [Function SVGAngle],
        "SVGAnimateElement": [Function SVGAnimateElement],
        "SVGAnimateMotionElement": [Function SVGAnimateMotionElement],
        "SVGAnimateTransformElement": [Function SVGAnimateTransformElement],
        "SVGAnimatedAngle": [Function SVGAnimatedAngle],
        "SVGAnimatedBoolean": [Function SVGAnimatedBoolean],
        "SVGAnimatedEnumeration": [Function SVGAnimatedEnumeration],
        "SVGAnimatedInteger": [Function SVGAnimatedInteger],
        "SVGAnimatedLength": [Function SVGAnimatedLength],
        "SVGAnimatedLengthList": [Function SVGAnimatedLengthList],
        "SVGAnimatedNumber": [Function SVGAnimatedNumber],
        "SVGAnimatedNumberList": [Function SVGAnimatedNumberList],
        "SVGAnimatedPreserveAspectRatio": [Function SVGAnimatedPreserveAspectRatio],
        "SVGAnimatedRect": [Function SVGAnimatedRect],
        "SVGAnimatedString": [Function SVGAnimatedString],
        "SVGAnimatedTransformList": [Function SVGAnimatedTransformList],
        "SVGAnimationElement": [Function SVGAnimationElement],
        "SVGCircleElement": [Function SVGCircleElement],
        "SVGClipPathElement": [Function SVGClipPathElement],
        "SVGComponentTransferFunctionElement": [Function SVGComponentTransferFunctionElement],
        "SVGDefsElement": [Function SVGDefsElement],
        "SVGDescElement": [Function SVGDescElement],
        "SVGElement": [Function SVGElement],
        "SVGEllipseElement": [Function SVGEllipseElement],
        "SVGEvent": [Function Event],
        "SVGFEBlendElement": [Function SVGFEBlendElement],
        "SVGFEColorMatrixElement": [Function SVGFEColorMatrixElement],
        "SVGFEComponentTransferElement": [Function SVGFEComponentTransferElement],
        "SVGFECompositeElement": [Function SVGFECompositeElement],
        "SVGFEConvolveMatrixElement": [Function SVGFEConvolveMatrixElement],
        "SVGFEDiffuseLightingElement": [Function SVGFEDiffuseLightingElement],
        "SVGFEDisplacementMapElement": [Function SVGFEDisplacementMapElement],
        "SVGFEDistantLightElement": [Function SVGFEDistantLightElement],
        "SVGFEDropShadowElement": [Function SVGFEDropShadowElement],
        "SVGFEFloodElement": [Function SVGFEFloodElement],
        "SVGFEFuncAElement": [Function SVGFEFuncAElement],
        "SVGFEFuncBElement": [Function SVGFEFuncBElement],
        "SVGFEFuncGElement": [Function SVGFEFuncGElement],
        "SVGFEFuncRElement": [Function SVGFEFuncRElement],
        "SVGFEGaussianBlurElement": [Function SVGFEGaussianBlurElement],
        "SVGFEImageElement": [Function SVGFEImageElement],
        "SVGFEMergeElement": [Function SVGFEMergeElement],
        "SVGFEMergeNodeElement": [Function SVGFEMergeNodeElement],
        "SVGFEMorphologyElement": [Function SVGFEMorphologyElement],
        "SVGFEOffsetElement": [Function SVGFEOffsetElement],
        "SVGFEPointLightElement": [Function SVGFEPointLightElement],
        "SVGFESpecularLightingElement": [Function SVGFESpecularLightingElement],
        "SVGFESpotLightElement": [Function SVGFESpotLightElement],
        "SVGFETileElement": [Function SVGFETileElement],
        "SVGFETurbulenceElement": [Function SVGFETurbulenceElement],
        "SVGFilterElement": [Function SVGFilterElement],
        "SVGForeignObjectElement": [Function SVGForeignObjectElement],
        "SVGGElement": [Function SVGGElement],
        "SVGGeometryElement": [Function SVGGeometryElement],
        "SVGGradientElement": [Function SVGGradientElement],
        "SVGGraphicsElement": [Function SVGGraphicsElement],
        "SVGImageElement": [Function SVGImageElement],
        "SVGLength": [Function SVGLength],
        "SVGLengthList": [Function SVGLengthList],
        "SVGLineElement": [Function SVGLineElement],
        "SVGLinearGradientElement": [Function SVGLinearGradientElement],
        "SVGMPathElement": [Function SVGMPathElement],
        "SVGMarkerElement": [Function SVGMarkerElement],
        "SVGMaskElement": [Function SVGMaskElement],
        "SVGMatrix": [Function SVGMatrix],
        "SVGMetadataElement": [Function SVGMetadataElement],
        "SVGNumber": [Function SVGNumber],
        "SVGNumberList": [Function SVGNumberList],
        "SVGPathElement": [Function SVGPathElement],
        "SVGPatternElement": [Function SVGPatternElement],
        "SVGPoint": [Function SVGPoint],
        "SVGPointList": [Function SVGPointList],
        "SVGPolygonElement": [Function SVGPolygonElement],
        "SVGPolylineElement": [Function SVGPolylineElement],
        "SVGPreserveAspectRatio": [Function SVGPreserveAspectRatio],
        "SVGRadialGradientElement": [Function SVGRadialGradientElement],
        "SVGRect": [Function SVGRect],
        "SVGRectElement": [Function SVGRectElement],
        "SVGSVGElement": [Function SVGSVGElement],
        "SVGScriptElement": [Function SVGScriptElement],
        "SVGSetElement": [Function SVGSetElement],
        "SVGStopElement": [Function SVGStopElement],
        "SVGStringList": [Function SVGStringList],
        "SVGStyleElement": [Function SVGStyleElement],
        "SVGSwitchElement": [Function SVGSwitchElement],
        "SVGSymbolElement": [Function SVGSymbolElement],
        "SVGTSpanElement": [Function SVGTSpanElement],
        "SVGTextElement": [Function SVGTextElement],
        "SVGTextPathElement": [Function SVGTextPathElement],
        "SVGTextPositioningElement": [Function SVGTextPositioningElement],
        "SVGTitleElement": [Function SVGTitleElement],
        "SVGTransform": [Function SVGTransform],
        "SVGTransformList": [Function SVGTransformList],
        "SVGUnitTypes": [Function SVGUnitTypes],
        "SVGUseElement": [Function SVGUseElement],
        "SVGViewElement": [Function SVGViewElement],
        "SVGZoomEvent": [Function Event],
        "Screen": [Function Screen],
        "ScreenDetailed": [Function ScreenDetailed],
        "ScreenDetails": [Function ScreenDetails],
        "Selection": [Function Selection],
        "SensorEvent": [Function Event],
        "Set": [Function Set],
        "ShadowRoot": [Function ShadowRoot],
        "Storage": [Function Storage],
        "StorageEvent": [Function StorageEvent],
        "String": [Function String],
        "StylePropertyMap": [Function StylePropertyMap],
        "StylePropertyMapReadOnly": [Function StylePropertyMapReadOnly],
        "SubmitEvent": [Function SubmitEvent],
        "Symbol": [Function Symbol],
        "SyntaxError": [Function SyntaxError],
        "Text": [Function Text],
        "TextDecoder": [Function TextDecoder],
        "TextEncoder": [Function TextEncoder],
        "TextEvent": [Function Event],
        "TextTrack": [Function TextTrack],
        "TextTrackCue": [Function TextTrackCue],
        "TextTrackCueList": [Function TextTrackCueList],
        "TextTrackList": [Function TextTrackList],
        "TimeEvent": [Function Event],
        "TimeRanges": [Function TimeRanges],
        "Touch": [Function Touch],
        "TouchEvent": [Function TouchEvent],
        "TrackEvent": [Function Event],
        "TransformStream": [Function Transform],
        "TransitionEvent": [Function Event],
        "TreeWalker": [Function TreeWalker],
        "TypeError": [Function TypeError],
        "UIEvent": [Function UIEvent],
        "URIError": [Function URIError],
        "URL": [Function URL],
        "URLSearchParams": [Function URLSearchParams],
        "Uint16Array": [Function Uint16Array],
        "Uint32Array": [Function Uint32Array],
        "Uint8Array": [Function Uint8Array],
        "Uint8ClampedArray": [Function Uint8ClampedArray],
        "UserProximityEvent": [Function Event],
        "VTTCue": [Function VTTCue],
        "ValidityState": [Function ValidityState],
        "WeakMap": [Function WeakMap],
        "WeakSet": [Function WeakSet],
        "WebGLContextEvent": [Function Event],
        "WebSocket": [Function WebSocket],
        "WheelEvent": [Function WheelEvent],
        "Window": [Function Window],
        "WritableStream": [Function Writable],
        "XMLDocument": [Function XMLDocument],
        "XMLHttpRequest": [Function XMLHttpRequest],
        "XMLHttpRequestEventTarget": [Function XMLHttpRequestEventTarget],
        "XMLHttpRequestUpload": [Function XMLHttpRequestUpload],
        "XMLSerializer": [Function XMLSerializer],
        "closed": false,
        "console": VirtualConsole {},
        "crypto": Crypto {},
        "customElements": CustomElementRegistry {
          Symbol(registry): Map {},
          Symbol(classRegistry): Map {},
          Symbol(callbacks): Map {},
          Symbol(destroyed): false,
        },
        "decodeURI": [Function decodeURI],
        "decodeURIComponent": [Function decodeURIComponent],
        "document": [Circular],
        "encodeURI": [Function encodeURI],
        "encodeURIComponent": [Function encodeURIComponent],
        "escape": [Function escape],
        "eval": [Function eval],
        "global": undefined,
        "globalThis": [Circular],
        "happyDOM": DetachedWindowAPI {},
        "isFinite": [Function isFinite],
        "isNaN": [Function isNaN],
        "name": "",
        "parseFloat": [Function parseFloat],
        "parseInt": [Function parseInt],
        "performance": Performance {
          Symbol(kEvents): undefined,
          Symbol(events.maxEventTargetListeners): 10,
          Symbol(events.maxEventTargetListenersWarned): false,
          Symbol(kHandlers): undefined,
          Symbol(performance): true,
        },
        "root": undefined,
        "screenLeft": 0,
        "screenTop": 0,
        "screenX": 0,
        "screenY": 0,
        "unescape": [Function unescape],
        "window": [Circular],
        Symbol(listeners): {
          "bubbling": Map {},
          "capturing": Map {},
        },
        Symbol(listenerOptions): {
          "bubbling": Map {},
          "capturing": Map {},
        },
        Symbol(mutationObservers): [],
        Symbol(readyStateManager): DocumentReadyStateManager {},
        Symbol(location): Location {
          Symbol(Symbol.toStringTag): "Location",
        },
        Symbol(history): History {},
        Symbol(navigator): Navigator {},
        Symbol(screen): Screen {
          "availHeight": 768,
          "availWidth": 1024,
          "colorDepth": 24,
          "height": 768,
          "onchange": null,
          "pixelDepth": 24,
          "width": 1024,
          Symbol(listeners): {
            "bubbling": Map {},
            "capturing": Map {},
          },
          Symbol(listenerOptions): {
            "bubbling": Map {},
            "capturing": Map {},
          },
        },
        Symbol(sessionStorage): Storage {},
        Symbol(localStorage): Storage {},
        Symbol(cookieStore): CookieStore {
          Symbol(listeners): {
            "bubbling": Map {},
            "capturing": Map {},
          },
          Symbol(listenerOptions): {
            "bubbling": Map {},
            "capturing": Map {},
          },
        },
        Symbol(self): [Circular],
        Symbol(top): [Circular],
        Symbol(parent): [Circular],
        Symbol(window): [Circular],
        Symbol(frames): [Circular],
        Symbol(internalId): 19,
        Symbol(customElementReactionStack): CustomElementReactionStack {
          "window": [Circular],
        },
        Symbol(modules): {
          "css": Map {},
          "esm": Map {},
          "json": Map {},
        },
        Symbol(moduleImportMap): null,
        Symbol(openWebSockets): [],
        Symbol(propertyEventListeners): Map {},
        Symbol(querySelectorCache): Map {},
      },
      Symbol(forms): null,
      Symbol(affectsComputedStyleCache): [],
      Symbol(elementIdMap): Map {},
      Symbol(contentType): "text/html",
      Symbol(xmlProcessingInstruction): null,
      Symbol(preloads): Map {},
      Symbol(propertyEventListeners): Map {},
      Symbol(selection): null,
    },
    Symbol(currentTarget): null,
    Symbol(isInPassiveEventListener): false,
    Symbol(detail): {
      "profile": null,
    },
  },
  CustomEvent {
    "AT_TARGET": 2,
    "BUBBLING_PHASE": 3,
    "CAPTURING_PHASE": 1,
    "NONE": 0,
    Symbol(composed): false,
    Symbol(bubbles): false,
    Symbol(cancelable): false,
    Symbol(defaultPrevented): false,
    Symbol(eventPhase): 0,
    Symbol(timeStamp): 7416.277665,
    Symbol(type): "sceneaxi:desktop-audio-invalidate",
    Symbol(dispatching): false,
    Symbol(immediatePropagationStopped): false,
    Symbol(propagationStopped): false,
    Symbol(target): HTMLDocument {
      Symbol(listeners): {
        "bubbling": Map {},
        "capturing": Map {},
      },
      Symbol(listenerOptions): {
        "bubbling": Map {},
        "capturing": Map {},
      },
      Symbol(isConnected): true,
      Symbol(parentNode): null,
      Symbol(rootNode): [Circular],
      Symbol(styleNode): null,
      Symbol(textAreaNode): null,
      Symbol(formNode): null,
      Symbol(selectNode): null,
      Symbol(mutationListeners): [],
      Symbol(nodeArray): [
        <html>
          <head />
          <body />
        </html>,
      ],
      Symbol(elementArray): [
        <html>
          <head />
          <body />
        </html>,
      ],
      Symbol(childNodes): null,
      Symbol(assignedToSlot): null,
      Symbol(cache): {
        "computedStyle": null,
        "elementById": Map {},
        "elementByTagName": Map {},
        "elementsByTagName": Map {},
        "elementsByTagNameNS": Map {},
        "matches": Map {},
        "querySelector": Map {},
        "querySelectorAll": Map {},
      },
      Symbol(affectsCache): [],
      Symbol(ownerDocument): null,
      Symbol(children): null,
      Symbol(activeElement): null,
      Symbol(nextActiveElement): null,
      Symbol(currentScript): null,
      Symbol(isFirstWrite): true,
      Symbol(isFirstWriteAfterOpen): false,
      Symbol(nodeType): 9,
      Symbol(adoptedStyleSheets): [],
      Symbol(implementation): DOMImplementation {},
      Symbol(readyState): "complete",
      Symbol(referrer): "",
      Symbol(defaultView): Window {
        "AbortController": [Function AbortController],
        "AbortSignal": [Function AbortSignal],
        "AnimationEvent": [Function AnimationEvent],
        "Array": [Function Array],
        "ArrayBuffer": [Function ArrayBuffer],
        "Attr": [Function Attr],
        "Audio": [Function Audio],
        "AudioProcessingEvent": [Function Event],
        "BeforeInputEvent": [Function Event],
        "BeforeUnloadEvent": [Function Event],
        "Blob": [Function Blob],
        "BlobEvent": [Function Event],
        "Boolean": [Function Boolean],
        "Buffer": [Function Buffer],
        "CSSConditionRule": [Function CSSConditionRule],
        "CSSContainerRule": [Function CSSContainerRule],
        "CSSFontFaceLoadEvent": [Function Event],
        "CSSFontFaceRule": [Function CSSFontFaceRule],
        "CSSGroupingRule": [Function CSSGroupingRule],
        "CSSKeyframeRule": [Function CSSKeyframeRule],
        "CSSKeyframesRule": [Function CSSKeyframesRule],
        "CSSKeywordValue": [Function CSSKeywordValue],
        "CSSMediaRule": [Function CSSMediaRule],
        "CSSRule": [Function CSSRule],
        "CSSScopeRule": [Function CSSScopeRule],
        "CSSStyleDeclaration": [Function CSSStyleDeclaration],
        "CSSStyleRule": [Function CSSStyleRule],
        "CSSStyleSheet": [Function CSSStyleSheet],
        "CSSStyleValue": [Function CSSStyleValue],
        "CSSSupportsRule": [Function CSSSupportsRule],
        "CSSUnitValue": [Function CSSUnitValue],
        "CanvasCaptureMediaStreamTrack": [Function CanvasCaptureMediaStreamTrack],
        "CharacterData": [Function CharacterData],
        "Clipboard": [Function Clipboard],
        "ClipboardEvent": [Function ClipboardEvent],
        "ClipboardItem": [Function ClipboardItem],
        "CloseEvent": [Function CloseEvent],
        "Comment": [Function Comment],
        "CompositionEvent": [Function Event],
        "CookieChangeEvent": [Function CookieChangeEvent],
        "CookieStore": [Function CookieStore],
        "CustomElementRegistry": [Function CustomElementRegistry],
        "CustomEvent": [Function CustomEvent],
        "DOMException": [Function DOMException],
        "DOMMatrix": [Function DOMMatrix],
        "DOMMatrixReadOnly": [Function DOMMatrixReadOnly],
        "DOMParser": [Function DOMParser],
        "DOMPoint": [Function DOMPoint],
        "DOMPointReadOnly": [Function DOMPointReadOnly],
        "DOMRect": [Function DOMRect],
        "DOMRectReadOnly": [Function DOMRectReadOnly],
        "DOMTransactionEvent": [Function Event],
        "DataTransfer": [Function DataTransfer],
        "DataTransferItem": [Function DataTransferItem],
        "DataTransferItemList": [Function DataTransferItemList],
        "DataView": [Function DataView],
        "Date": [Function Date],
        "DeviceLightEvent": [Function Event],
        "DeviceMotionEvent": [Function Event],
        "DeviceOrientationEvent": [Function Event],
        "DeviceProximityEvent": [Function Event],
        "Document": [Function Document],
        "DocumentFragment": [Function DocumentFragment],
        "DocumentType": [Function DocumentType],
        "DragEvent": [Function Event],
        "EditingBeforeInputEvent": [Function Event],
        "Element": [Function Element],
        "Error": [Function Error],
        "ErrorEvent": [Function ErrorEvent],
        "EvalError": [Function EvalError],
        "Event": [Function Event],
        "EventTarget": [Function EventTarget],
        "FetchEvent": [Function Event],
        "File": [Function File],
        "FileList": [Function FileList],
        "FileReader": [Function FileReader],
        "Float32Array": [Function Float32Array],
        "Float64Array": [Function Float64Array],
        "FocusEvent": [Function FocusEvent],
        "FormData": [Function FormData],
        "Function": [Function Function],
        "GLOBAL": undefined,
        "GamepadEvent": [Function Event],
        "HTMLAnchorElement": [Function HTMLAnchorElement],
        "HTMLAreaElement": [Function HTMLAreaElement],
        "HTMLAudioElement": [Function HTMLAudioElement],
        "HTMLBRElement": [Function HTMLBRElement],
        "HTMLBaseElement": [Function HTMLBaseElement],
        "HTMLBodyElement": [Function HTMLBodyElement],
        "HTMLButtonElement": [Function HTMLButtonElement],
        "HTMLCanvasElement": [Function HTMLCanvasElement],
        "HTMLCollection": [Function HTMLCollection],
        "HTMLDListElement": [Function HTMLDListElement],
        "HTMLDataElement": [Function HTMLDataElement],
        "HTMLDataListElement": [Function HTMLDataListElement],
        "HTMLDetailsElement": [Function HTMLDetailsElement],
        "HTMLDialogElement": [Function HTMLDialogElement],
        "HTMLDivElement": [Function HTMLDivElement],
        "HTMLDocument": [Function HTMLDocument],
        "HTMLElement": [Function HTMLElement],
        "HTMLEmbedElement": [Function HTMLEmbedElement],
        "HTMLFieldSetElement": [Function HTMLFieldSetElement],
        "HTMLFormControlCollection": [Function HTMLFormControlsCollection],
        "HTMLFormElement": [Function HTMLFormElement],
        "HTMLHRElement": [Function HTMLHRElement],
        "HTMLHeadElement": [Function HTMLHeadElement],
        "HTMLHeadingElement": [Function HTMLHeadingElement],
        "HTMLHtmlElement": [Function HTMLHtmlElement],
        "HTMLIFrameElement": [Function HTMLIFrameElement],
        "HTMLImageElement": [Function HTMLImageElement],
        "HTMLInputElement": [Function HTMLInputElement],
        "HTMLLIElement": [Function HTMLLIElement],
        "HTMLLabelElement": [Function HTMLLabelElement],
        "HTMLLegendElement": [Function HTMLLegendElement],
        "HTMLLinkElement": [Function HTMLLinkElement],
        "HTMLMapElement": [Function HTMLMapElement],
        "HTMLMediaElement": [Function HTMLMediaElement],
        "HTMLMenuElement": [Function HTMLMenuElement],
        "HTMLMetaElement": [Function HTMLMetaElement],
        "HTMLMeterElement": [Function HTMLMeterElement],
        "HTMLModElement": [Function HTMLModElement],
        "HTMLOListElement": [Function HTMLOListElement],
        "HTMLObjectElement": [Function HTMLObjectElement],
        "HTMLOptGroupElement": [Function HTMLOptGroupElement],
        "HTMLOptionElement": [Function HTMLOptionElement],
        "HTMLOptionsCollection": [Function HTMLOptionsCollection],
        "HTMLOutputElement": [Function HTMLOutputElement],
        "HTMLParagraphElement": [Function HTMLParagraphElement],
        "HTMLParamElement": [Function HTMLParamElement],
        "HTMLPictureElement": [Function HTMLPictureElement],
        "HTMLPreElement": [Function HTMLPreElement],
        "HTMLProgressElement": [Function HTMLProgressElement],
        "HTMLQuoteElement": [Function HTMLQuoteElement],
        "HTMLScriptElement": [Function HTMLScriptElement],
        "HTMLSelectElement": [Function HTMLSelectElement],
        "HTMLSlotElement": [Function HTMLSlotElement],
        "HTMLSourceElement": [Function HTMLSourceElement],
        "HTMLSpanElement": [Function HTMLSpanElement],
        "HTMLStyleElement": [Function HTMLStyleElement],
        "HTMLTableCaptionElement": [Function HTMLTableCaptionElement],
        "HTMLTableCellElement": [Function HTMLTableCellElement],
        "HTMLTableColElement": [Function HTMLTableColElement],
        "HTMLTableElement": [Function HTMLTableElement],
        "HTMLTableRowElement": [Function HTMLTableRowElement],
        "HTMLTableSectionElement": [Function HTMLTableSectionElement],
        "HTMLTemplateElement": [Function HTMLTemplateElement],
        "HTMLTextAreaElement": [Function HTMLTextAreaElement],
        "HTMLTimeElement": [Function HTMLTimeElement],
        "HTMLTitleElement": [Function HTMLTitleElement],
        "HTMLTrackElement": [Function HTMLTrackElement],
        "HTMLUListElement": [Function HTMLUListElement],
        "HTMLUnknownElement": [Function HTMLUnknownElement],
        "HTMLVideoElement": [Function HTMLVideoElement],
        "HashChangeEvent": [Function HashChangeEvent],
        "Headers": [Function Headers],
        "History": [Function History],
        "IDBVersionChangeEvent": [Function Event],
        "Image": [Function Image],
        "ImageBitmap": [Function ImageBitmap],
        "ImageData": [Function ImageData],
        "InputEvent": [Function InputEvent],
        "Int16Array": [Function Int16Array],
        "Int32Array": [Function Int32Array],
        "Int8Array": [Function Int8Array],
        "IntersectionObserver": [Function IntersectionObserver],
        "IntersectionObserverEntry": [Function IntersectionObserverEntry],
        "Intl": {},
        "JSON": {},
        "KeyboardEvent": [Function KeyboardEvent],
        "Location": [Function Location],
        "Map": [Function Map],
        "Math": {},
        "MediaList": [Function MediaList],
        "MediaQueryListEvent": [Function MediaQueryListEvent],
        "MediaStream": [Function MediaStream],
        "MediaStreamEvent": [Function Event],
        "MediaStreamTrack": [Function MediaStreamTrack],
        "MessageEvent": [Function MessageEvent],
        "MessagePort": [Function MessagePort],
        "MimeType": [Function MimeType],
        "MimeTypeArray": [Function MimeTypeArray],
        "MouseEvent": [Function MouseEvent],
        "MutationEvent": [Function Event],
        "MutationObserver": [Function MutationObserver],
        "MutationRecord": [Function MutationRecord],
        "NamedNodeMap": [Function NamedNodeMap],
        "Navigator": [Function Navigator],
        "Node": [Function Node],
        "NodeFilter": {
          "FILTER_ACCEPT": 1,
          "FILTER_REJECT": 2,
          "FILTER_SKIP": 3,
          "SHOW_ALL": -1,
          "SHOW_ATTRIBUTE": 2,
          "SHOW_CDATA_SECTION": 8,
          "SHOW_COMMENT": 128,
          "SHOW_DOCUMENT": 256,
          "SHOW_DOCUMENT_FRAGMENT": 1024,
          "SHOW_DOCUMENT_TYPE": 512,
          "SHOW_ELEMENT": 1,
          "SHOW_ENTITY": 32,
          "SHOW_ENTITY_REFERENCE": 16,
          "SHOW_NOTATION": 2048,
          "SHOW_PROCESSING_INSTRUCTION": 64,
          "SHOW_TEXT": 4,
        },
        "NodeIterator": [Function NodeIterator],
        "NodeList": [Function NodeList],
        "Number": [Function Number],
        "Object": [Function Object],
        "OfflineAudioCompletionEvent": [Function Event],
        "OffscreenCanvas": [Function OffscreenCanvas],
        "OverconstrainedError": [Function Event],
        "PageTransitionEvent": [Function Event],
        "PaymentRequestUpdateEvent": [Function Event],
        "PerformanceEntry": [Function PerformanceEntry],
        "PerformanceObserver": [Function PerformanceObserver],
        "PerformanceObserverEntryList": [Function PerformanceObserverEntryList],
        "PermissionStatus": [Function PermissionStatus],
        "Permissions": [Function Permissions],
        "Plugin": [Function Plugin],
        "PluginArray": [Function PluginArray],
        "PointerEvent": [Function PointerEvent],
        "PopStateEvent": [Function PopStateEvent],
        "ProcessingInstruction": [Function ProcessingInstruction],
        "ProgressEvent": [Function ProgressEvent],
        "Promise": [Function Promise],
        "RTCDataChannelEvent": [Function Event],
        "RTCIdentityErrorEvent": [Function Event],
        "RTCIdentityEvent": [Function Event],
        "RTCPeerConnectionIceEvent": [Function Event],
        "RadioNodeList": [Function RadioNodeList],
        "Range": [Function Range],
        "RangeError": [Function RangeError],
        "ReadableStream": [Function ReadableStream],
        "ReferenceError": [Function ReferenceError],
        "Reflect": {},
        "RegExp": [Function RegExp],
        "RelatedEvent": [Function Event],
        "RemotePlayback": [Function RemotePlayback],
        "Request": [Function Request],
        "ResizeObserver": [Function ResizeObserver],
        "Response": [Function Response],
        "SVGAngle": [Function SVGAngle],
        "SVGAnimateElement": [Function SVGAnimateElement],
        "SVGAnimateMotionElement": [Function SVGAnimateMotionElement],
        "SVGAnimateTransformElement": [Function SVGAnimateTransformElement],
        "SVGAnimatedAngle": [Function SVGAnimatedAngle],
        "SVGAnimatedBoolean": [Function SVGAnimatedBoolean],
        "SVGAnimatedEnumeration": [Function SVGAnimatedEnumeration],
        "SVGAnimatedInteger": [Function SVGAnimatedInteger],
        "SVGAnimatedLength": [Function SVGAnimatedLength],
        "SVGAnimatedLengthList": [Function SVGAnimatedLengthList],
        "SVGAnimatedNumber": [Function SVGAnimatedNumber],
        "SVGAnimatedNumberList": [Function SVGAnimatedNumberList],
        "SVGAnimatedPreserveAspectRatio": [Function SVGAnimatedPreserveAspectRatio],
        "SVGAnimatedRect": [Function SVGAnimatedRect],
        "SVGAnimatedString": [Function SVGAnimatedString],
        "SVGAnimatedTransformList": [Function SVGAnimatedTransformList],
        "SVGAnimationElement": [Function SVGAnimationElement],
        "SVGCircleElement": [Function SVGCircleElement],
        "SVGClipPathElement": [Function SVGClipPathElement],
        "SVGComponentTransferFunctionElement": [Function SVGComponentTransferFunctionElement],
        "SVGDefsElement": [Function SVGDefsElement],
        "SVGDescElement": [Function SVGDescElement],
        "SVGElement": [Function SVGElement],
        "SVGEllipseElement": [Function SVGEllipseElement],
        "SVGEvent": [Function Event],
        "SVGFEBlendElement": [Function SVGFEBlendElement],
        "SVGFEColorMatrixElement": [Function SVGFEColorMatrixElement],
        "SVGFEComponentTransferElement": [Function SVGFEComponentTransferElement],
        "SVGFECompositeElement": [Function SVGFECompositeElement],
        "SVGFEConvolveMatrixElement": [Function SVGFEConvolveMatrixElement],
        "SVGFEDiffuseLightingElement": [Function SVGFEDiffuseLightingElement],
        "SVGFEDisplacementMapElement": [Function SVGFEDisplacementMapElement],
        "SVGFEDistantLightElement": [Function SVGFEDistantLightElement],
        "SVGFEDropShadowElement": [Function SVGFEDropShadowElement],
        "SVGFEFloodElement": [Function SVGFEFloodElement],
        "SVGFEFuncAElement": [Function SVGFEFuncAElement],
        "SVGFEFuncBElement": [Function SVGFEFuncBElement],
        "SVGFEFuncGElement": [Function SVGFEFuncGElement],
        "SVGFEFuncRElement": [Function SVGFEFuncRElement],
        "SVGFEGaussianBlurElement": [Function SVGFEGaussianBlurElement],
        "SVGFEImageElement": [Function SVGFEImageElement],
        "SVGFEMergeElement": [Function SVGFEMergeElement],
        "SVGFEMergeNodeElement": [Function SVGFEMergeNodeElement],
        "SVGFEMorphologyElement": [Function SVGFEMorphologyElement],
        "SVGFEOffsetElement": [Function SVGFEOffsetElement],
        "SVGFEPointLightElement": [Function SVGFEPointLightElement],
        "SVGFESpecularLightingElement": [Function SVGFESpecularLightingElement],
        "SVGFESpotLightElement": [Function SVGFESpotLightElement],
        "SVGFETileElement": [Function SVGFETileElement],
        "SVGFETurbulenceElement": [Function SVGFETurbulenceElement],
        "SVGFilterElement": [Function SVGFilterElement],
        "SVGForeignObjectElement": [Function SVGForeignObjectElement],
        "SVGGElement": [Function SVGGElement],
        "SVGGeometryElement": [Function SVGGeometryElement],
        "SVGGradientElement": [Function SVGGradientElement],
        "SVGGraphicsElement": [Function SVGGraphicsElement],
        "SVGImageElement": [Function SVGImageElement],
        "SVGLength": [Function SVGLength],
        "SVGLengthList": [Function SVGLengthList],
        "SVGLineElement": [Function SVGLineElement],
        "SVGLinearGradientElement": [Function SVGLinearGradientElement],
        "SVGMPathElement": [Function SVGMPathElement],
        "SVGMarkerElement": [Function SVGMarkerElement],
        "SVGMaskElement": [Function SVGMaskElement],
        "SVGMatrix": [Function SVGMatrix],
        "SVGMetadataElement": [Function SVGMetadataElement],
        "SVGNumber": [Function SVGNumber],
        "SVGNumberList": [Function SVGNumberList],
        "SVGPathElement": [Function SVGPathElement],
        "SVGPatternElement": [Function SVGPatternElement],
        "SVGPoint": [Function SVGPoint],
        "SVGPointList": [Function SVGPointList],
        "SVGPolygonElement": [Function SVGPolygonElement],
        "SVGPolylineElement": [Function SVGPolylineElement],
        "SVGPreserveAspectRatio": [Function SVGPreserveAspectRatio],
        "SVGRadialGradientElement": [Function SVGRadialGradientElement],
        "SVGRect": [Function SVGRect],
        "SVGRectElement": [Function SVGRectElement],
        "SVGSVGElement": [Function SVGSVGElement],
        "SVGScriptElement": [Function SVGScriptElement],
        "SVGSetElement": [Function SVGSetElement],
        "SVGStopElement": [Function SVGStopElement],
        "SVGStringList": [Function SVGStringList],
        "SVGStyleElement": [Function SVGStyleElement],
        "SVGSwitchElement": [Function SVGSwitchElement],
        "SVGSymbolElement": [Function SVGSymbolElement],
        "SVGTSpanElement": [Function SVGTSpanElement],
        "SVGTextElement": [Function SVGTextElement],
        "SVGTextPathElement": [Function SVGTextPathElement],
        "SVGTextPositioningElement": [Function SVGTextPositioningElement],
        "SVGTitleElement": [Function SVGTitleElement],
        "SVGTransform": [Function SVGTransform],
        "SVGTransformList": [Function SVGTransformList],
        "SVGUnitTypes": [Function SVGUnitTypes],
        "SVGUseElement": [Function SVGUseElement],
        "SVGViewElement": [Function SVGViewElement],
        "SVGZoomEvent": [Function Event],
        "Screen": [Function Screen],
        "ScreenDetailed": [Function ScreenDetailed],
        "ScreenDetails": [Function ScreenDetails],
        "Selection": [Function Selection],
        "SensorEvent": [Function Event],
        "Set": [Function Set],
        "ShadowRoot": [Function ShadowRoot],
        "Storage": [Function Storage],
        "StorageEvent": [Function StorageEvent],
        "String": [Function String],
        "StylePropertyMap": [Function StylePropertyMap],
        "StylePropertyMapReadOnly": [Function StylePropertyMapReadOnly],
        "SubmitEvent": [Function SubmitEvent],
        "Symbol": [Function Symbol],
        "SyntaxError": [Function SyntaxError],
        "Text": [Function Text],
        "TextDecoder": [Function TextDecoder],
        "TextEncoder": [Function TextEncoder],
        "TextEvent": [Function Event],
        "TextTrack": [Function TextTrack],
        "TextTrackCue": [Function TextTrackCue],
        "TextTrackCueList": [Function TextTrackCueList],
        "TextTrackList": [Function TextTrackList],
        "TimeEvent": [Function Event],
        "TimeRanges": [Function TimeRanges],
        "Touch": [Function Touch],
        "TouchEvent": [Function TouchEvent],
        "TrackEvent": [Function Event],
        "TransformStream": [Function Transform],
        "TransitionEvent": [Function Event],
        "TreeWalker": [Function TreeWalker],
        "TypeError": [Function TypeError],
        "UIEvent": [Function UIEvent],
        "URIError": [Function URIError],
        "URL": [Function URL],
        "URLSearchParams": [Function URLSearchParams],
        "Uint16Array": [Function Uint16Array],
        "Uint32Array": [Function Uint32Array],
        "Uint8Array": [Function Uint8Array],
        "Uint8ClampedArray": [Function Uint8ClampedArray],
        "UserProximityEvent": [Function Event],
        "VTTCue": [Function VTTCue],
        "ValidityState": [Function ValidityState],
        "WeakMap": [Function WeakMap],
        "WeakSet": [Function WeakSet],
        "WebGLContextEvent": [Function Event],
        "WebSocket": [Function WebSocket],
        "WheelEvent": [Function WheelEvent],
        "Window": [Function Window],
        "WritableStream": [Function Writable],
        "XMLDocument": [Function XMLDocument],
        "XMLHttpRequest": [Function XMLHttpRequest],
        "XMLHttpRequestEventTarget": [Function XMLHttpRequestEventTarget],
        "XMLHttpRequestUpload": [Function XMLHttpRequestUpload],
        "XMLSerializer": [Function XMLSerializer],
        "closed": false,
        "console": VirtualConsole {},
        "crypto": Crypto {},
        "customElements": CustomElementRegistry {
          Symbol(registry): Map {},
          Symbol(classRegistry): Map {},
          Symbol(callbacks): Map {},
          Symbol(destroyed): false,
        },
        "decodeURI": [Function decodeURI],
        "decodeURIComponent": [Function decodeURIComponent],
        "document": [Circular],
        "encodeURI": [Function encodeURI],
        "encodeURIComponent": [Function encodeURIComponent],
        "escape": [Function escape],
        "eval": [Function eval],
        "global": undefined,
        "globalThis": [Circular],
        "happyDOM": DetachedWindowAPI {},
        "isFinite": [Function isFinite],
        "isNaN": [Function isNaN],
        "name": "",
        "parseFloat": [Function parseFloat],
        "parseInt": [Function parseInt],
        "performance": Performance {
          Symbol(kEvents): undefined,
          Symbol(events.maxEventTargetListeners): 10,
          Symbol(events.maxEventTargetListenersWarned): false,
          Symbol(kHandlers): undefined,
          Symbol(performance): true,
        },
        "root": undefined,
        "screenLeft": 0,
        "screenTop": 0,
        "screenX": 0,
        "screenY": 0,
        "unescape": [Function unescape],
        "window": [Circular],
        Symbol(listeners): {
          "bubbling": Map {},
          "capturing": Map {},
        },
        Symbol(listenerOptions): {
          "bubbling": Map {},
          "capturing": Map {},
        },
        Symbol(mutationObservers): [],
        Symbol(readyStateManager): DocumentReadyStateManager {},
        Symbol(location): Location {
          Symbol(Symbol.toStringTag): "Location",
        },
        Symbol(history): History {},
        Symbol(navigator): Navigator {},
        Symbol(screen): Screen {
          "availHeight": 768,
          "availWidth": 1024,
          "colorDepth": 24,
          "height": 768,
          "onchange": null,
          "pixelDepth": 24,
          "width": 1024,
          Symbol(listeners): {
            "bubbling": Map {},
            "capturing": Map {},
          },
          Symbol(listenerOptions): {
            "bubbling": Map {},
            "capturing": Map {},
          },
        },
        Symbol(sessionStorage): Storage {},
        Symbol(localStorage): Storage {},
        Symbol(cookieStore): CookieStore {
          Symbol(listeners): {
            "bubbling": Map {},
            "capturing": Map {},
          },
          Symbol(listenerOptions): {
            "bubbling": Map {},
            "capturing": Map {},
          },
        },
        Symbol(self): [Circular],
        Symbol(top): [Circular],
        Symbol(parent): [Circular],
        Symbol(window): [Circular],
        Symbol(frames): [Circular],
        Symbol(internalId): 19,
        Symbol(customElementReactionStack): CustomElementReactionStack {
          "window": [Circular],
        },
        Symbol(modules): {
          "css": Map {},
          "esm": Map {},
          "json": Map {},
        },
        Symbol(moduleImportMap): null,
        Symbol(openWebSockets): [],
        Symbol(propertyEventListeners): Map {},
        Symbol(querySelectorCache): Map {},
      },
      Symbol(forms): null,
      Symbol(affectsComputedStyleCache): [],
      Symbol(elementIdMap): Map {},
      Symbol(contentType): "text/html",
      Symbol(xmlProcessingInstruction): null,
      Symbol(preloads): Map {},
      Symbol(propertyEventListeners): Map {},
      Symbol(selection): null,
    },
    Symbol(currentTarget): null,
    Symbol(isInPassiveEventListener): false,
    Symbol(detail): {
      "profile": null,
    },
  },
  CustomEvent {
    "AT_TARGET": 2,
    "BUBBLING_PHASE": 3,
    "CAPTURING_PHASE": 1,
    "NONE": 0,
    Symbol(composed): false,
    Symbol(bubbles): false,
    Symbol(cancelable): false,
    Symbol(defaultPrevented): false,
    Symbol(eventPhase): 0,
    Symbol(timeStamp): 7416.393837,
    Symbol(type): "sceneaxi:desktop-rarity-proposal",
    Symbol(dispatching): false,
    Symbol(immediatePropagationStopped): false,
    Symbol(propagationStopped): false,
    Symbol(target): HTMLDocument {
      Symbol(listeners): {
        "bubbling": Map {},
        "capturing": Map {},
      },
      Symbol(listenerOptions): {
        "bubbling": Map {},
        "capturing": Map {},
      },
      Symbol(isConnected): true,
      Symbol(parentNode): null,
      Symbol(rootNode): [Circular],
      Symbol(styleNode): null,
      Symbol(textAreaNode): null,
      Symbol(formNode): null,
      Symbol(selectNode): null,
      Symbol(mutationListeners): [],
      Symbol(nodeArray): [
        <html>
          <head />
          <body />
        </html>,
      ],
      Symbol(elementArray): [
        <html>
          <head />
          <body />
        </html>,
      ],
      Symbol(childNodes): null,
      Symbol(assignedToSlot): null,
      Symbol(cache): {
        "computedStyle": null,
        "elementById": Map {},
        "elementByTagName": Map {},
        "elementsByTagName": Map {},
        "elementsByTagNameNS": Map {},
        "matches": Map {},
        "querySelector": Map {},
        "querySelectorAll": Map {},
      },
      Symbol(affectsCache): [],
      Symbol(ownerDocument): null,
      Symbol(children): null,
      Symbol(activeElement): null,
      Symbol(nextActiveElement): null,
      Symbol(currentScript): null,
      Symbol(isFirstWrite): true,
      Symbol(isFirstWriteAfterOpen): false,
      Symbol(nodeType): 9,
      Symbol(adoptedStyleSheets): [],
      Symbol(implementation): DOMImplementation {},
      Symbol(readyState): "complete",
      Symbol(referrer): "",
      Symbol(defaultView): Window {
        "AbortController": [Function AbortController],
        "AbortSignal": [Function AbortSignal],
        "AnimationEvent": [Function AnimationEvent],
        "Array": [Function Array],
        "ArrayBuffer": [Function ArrayBuffer],
        "Attr": [Function Attr],
        "Audio": [Function Audio],
        "AudioProcessingEvent": [Function Event],
        "BeforeInputEvent": [Function Event],
        "BeforeUnloadEvent": [Function Event],
        "Blob": [Function Blob],
        "BlobEvent": [Function Event],
        "Boolean": [Function Boolean],
        "Buffer": [Function Buffer],
        "CSSConditionRule": [Function CSSConditionRule],
        "CSSContainerRule": [Function CSSContainerRule],
        "CSSFontFaceLoadEvent": [Function Event],
        "CSSFontFaceRule": [Function CSSFontFaceRule],
        "CSSGroupingRule": [Function CSSGroupingRule],
        "CSSKeyframeRule": [Function CSSKeyframeRule],
        "CSSKeyframesRule": [Function CSSKeyframesRule],
        "CSSKeywordValue": [Function CSSKeywordValue],
        "CSSMediaRule": [Function CSSMediaRule],
        "CSSRule": [Function CSSRule],
        "CSSScopeRule": [Function CSSScopeRule],
        "CSSStyleDeclaration": [Function CSSStyleDeclaration],
        "CSSStyleRule": [Function CSSStyleRule],
        "CSSStyleSheet": [Function CSSStyleSheet],
        "CSSStyleValue": [Function CSSStyleValue],
        "CSSSupportsRule": [Function CSSSupportsRule],
        "CSSUnitValue": [Function CSSUnitValue],
        "CanvasCaptureMediaStreamTrack": [Function CanvasCaptureMediaStreamTrack],
        "CharacterData": [Function CharacterData],
        "Clipboard": [Function Clipboard],
        "ClipboardEvent": [Function ClipboardEvent],
        "ClipboardItem": [Function ClipboardItem],
        "CloseEvent": [Function CloseEvent],
        "Comment": [Function Comment],
        "CompositionEvent": [Function Event],
        "CookieChangeEvent": [Function CookieChangeEvent],
        "CookieStore": [Function CookieStore],
        "CustomElementRegistry": [Function CustomElementRegistry],
        "CustomEvent": [Function CustomEvent],
        "DOMException": [Function DOMException],
        "DOMMatrix": [Function DOMMatrix],
        "DOMMatrixReadOnly": [Function DOMMatrixReadOnly],
        "DOMParser": [Function DOMParser],
        "DOMPoint": [Function DOMPoint],
        "DOMPointReadOnly": [Function DOMPointReadOnly],
        "DOMRect": [Function DOMRect],
        "DOMRectReadOnly": [Function DOMRectReadOnly],
        "DOMTransactionEvent": [Function Event],
        "DataTransfer": [Function DataTransfer],
        "DataTransferItem": [Function DataTransferItem],
        "DataTransferItemList": [Function DataTransferItemList],
        "DataView": [Function DataView],
        "Date": [Function Date],
        "DeviceLightEvent": [Function Event],
        "DeviceMotionEvent": [Function Event],
        "DeviceOrientationEvent": [Function Event],
        "DeviceProximityEvent": [Function Event],
        "Document": [Function Document],
        "DocumentFragment": [Function DocumentFragment],
        "DocumentType": [Function DocumentType],
        "DragEvent": [Function Event],
        "EditingBeforeInputEvent": [Function Event],
        "Element": [Function Element],
        "Error": [Function Error],
        "ErrorEvent": [Function ErrorEvent],
        "EvalError": [Function EvalError],
        "Event": [Function Event],
        "EventTarget": [Function EventTarget],
        "FetchEvent": [Function Event],
        "File": [Function File],
        "FileList": [Function FileList],
        "FileReader": [Function FileReader],
        "Float32Array": [Function Float32Array],
        "Float64Array": [Function Float64Array],
        "FocusEvent": [Function FocusEvent],
        "FormData": [Function FormData],
        "Function": [Function Function],
        "GLOBAL": undefined,
        "GamepadEvent": [Function Event],
        "HTMLAnchorElement": [Function HTMLAnchorElement],
        "HTMLAreaElement": [Function HTMLAreaElement],
        "HTMLAudioElement": [Function HTMLAudioElement],
        "HTMLBRElement": [Function HTMLBRElement],
        "HTMLBaseElement": [Function HTMLBaseElement],
        "HTMLBodyElement": [Function HTMLBodyElement],
        "HTMLButtonElement": [Function HTMLButtonElement],
        "HTMLCanvasElement": [Function HTMLCanvasElement],
        "HTMLCollection": [Function HTMLCollection],
        "HTMLDListElement": [Function HTMLDListElement],
        "HTMLDataElement": [Function HTMLDataElement],
        "HTMLDataListElement": [Function HTMLDataListElement],
        "HTMLDetailsElement": [Function HTMLDetailsElement],
        "HTMLDialogElement": [Function HTMLDialogElement],
        "HTMLDivElement": [Function HTMLDivElement],
        "HTMLDocument": [Function HTMLDocument],
        "HTMLElement": [Function HTMLElement],
        "HTMLEmbedElement": [Function HTMLEmbedElement],
        "HTMLFieldSetElement": [Function HTMLFieldSetElement],
        "HTMLFormControlCollection": [Function HTMLFormControlsCollection],
        "HTMLFormElement": [Function HTMLFormElement],
        "HTMLHRElement": [Function HTMLHRElement],
        "HTMLHeadElement": [Function HTMLHeadElement],
        "HTMLHeadingElement": [Function HTMLHeadingElement],
        "HTMLHtmlElement": [Function HTMLHtmlElement],
        "HTMLIFrameElement": [Function HTMLIFrameElement],
        "HTMLImageElement": [Function HTMLImageElement],
        "HTMLInputElement": [Function HTMLInputElement],
        "HTMLLIElement": [Function HTMLLIElement],
        "HTMLLabelElement": [Function HTMLLabelElement],
        "HTMLLegendElement": [Function HTMLLegendElement],
        "HTMLLinkElement": [Function HTMLLinkElement],
        "HTMLMapElement": [Function HTMLMapElement],
        "HTMLMediaElement": [Function HTMLMediaElement],
        "HTMLMenuElement": [Function HTMLMenuElement],
        "HTMLMetaElement": [Function HTMLMetaElement],
        "HTMLMeterElement": [Function HTMLMeterElement],
        "HTMLModElement": [Function HTMLModElement],
        "HTMLOListElement": [Function HTMLOListElement],
        "HTMLObjectElement": [Function HTMLObjectElement],
        "HTMLOptGroupElement": [Function HTMLOptGroupElement],
        "HTMLOptionElement": [Function HTMLOptionElement],
        "HTMLOptionsCollection": [Function HTMLOptionsCollection],
        "HTMLOutputElement": [Function HTMLOutputElement],
        "HTMLParagraphElement": [Function HTMLParagraphElement],
        "HTMLParamElement": [Function HTMLParamElement],
        "HTMLPictureElement": [Function HTMLPictureElement],
        "HTMLPreElement": [Function HTMLPreElement],
        "HTMLProgressElement": [Function HTMLProgressElement],
        "HTMLQuoteElement": [Function HTMLQuoteElement],
        "HTMLScriptElement": [Function HTMLScriptElement],
        "HTMLSelectElement": [Function HTMLSelectElement],
        "HTMLSlotElement": [Function HTMLSlotElement],
        "HTMLSourceElement": [Function HTMLSourceElement],
        "HTMLSpanElement": [Function HTMLSpanElement],
        "HTMLStyleElement": [Function HTMLStyleElement],
        "HTMLTableCaptionElement": [Function HTMLTableCaptionElement],
        "HTMLTableCellElement": [Function HTMLTableCellElement],
        "HTMLTableColElement": [Function HTMLTableColElement],
        "HTMLTableElement": [Function HTMLTableElement],
        "HTMLTableRowElement": [Function HTMLTableRowElement],
        "HTMLTableSectionElement": [Function HTMLTableSectionElement],
        "HTMLTemplateElement": [Function HTMLTemplateElement],
        "HTMLTextAreaElement": [Function HTMLTextAreaElement],
        "HTMLTimeElement": [Function HTMLTimeElement],
        "HTMLTitleElement": [Function HTMLTitleElement],
        "HTMLTrackElement": [Function HTMLTrackElement],
        "HTMLUListElement": [Function HTMLUListElement],
        "HTMLUnknownElement": [Function HTMLUnknownElement],
        "HTMLVideoElement": [Function HTMLVideoElement],
        "HashChangeEvent": [Function HashChangeEvent],
        "Headers": [Function Headers],
        "History": [Function History],
        "IDBVersionChangeEvent": [Function Event],
        "Image": [Function Image],
        "ImageBitmap": [Function ImageBitmap],
        "ImageData": [Function ImageData],
        "InputEvent": [Function InputEvent],
        "Int16Array": [Function Int16Array],
        "Int32Array": [Function Int32Array],
        "Int8Array": [Function Int8Array],
        "IntersectionObserver": [Function IntersectionObserver],
        "IntersectionObserverEntry": [Function IntersectionObserverEntry],
        "Intl": {},
        "JSON": {},
        "KeyboardEvent": [Function KeyboardEvent],
        "Location": [Function Location],
        "Map": [Function Map],
        "Math": {},
        "MediaList": [Function MediaList],
        "MediaQueryListEvent": [Function MediaQueryListEvent],
        "MediaStream": [Function MediaStream],
        "MediaStreamEvent": [Function Event],
        "MediaStreamTrack": [Function MediaStreamTrack],
        "MessageEvent": [Function MessageEvent],
        "MessagePort": [Function MessagePort],
        "MimeType": [Function MimeType],
        "MimeTypeArray": [Function MimeTypeArray],
        "MouseEvent": [Function MouseEvent],
        "MutationEvent": [Function Event],
        "MutationObserver": [Function MutationObserver],
        "MutationRecord": [Function MutationRecord],
        "NamedNodeMap": [Function NamedNodeMap],
        "Navigator": [Function Navigator],
        "Node": [Function Node],
        "NodeFilter": {
          "FILTER_ACCEPT": 1,
          "FILTER_REJECT": 2,
          "FILTER_SKIP": 3,
          "SHOW_ALL": -1,
          "SHOW_ATTRIBUTE": 2,
          "SHOW_CDATA_SECTION": 8,
          "SHOW_COMMENT": 128,
          "SHOW_DOCUMENT": 256,
          "SHOW_DOCUMENT_FRAGMENT": 1024,
          "SHOW_DOCUMENT_TYPE": 512,
          "SHOW_ELEMENT": 1,
          "SHOW_ENTITY": 32,
          "SHOW_ENTITY_REFERENCE": 16,
          "SHOW_NOTATION": 2048,
          "SHOW_PROCESSING_INSTRUCTION": 64,
          "SHOW_TEXT": 4,
        },
        "NodeIterator": [Function NodeIterator],
        "NodeList": [Function NodeList],
        "Number": [Function Number],
        "Object": [Function Object],
        "OfflineAudioCompletionEvent": [Function Event],
        "OffscreenCanvas": [Function OffscreenCanvas],
        "OverconstrainedError": [Function Event],
        "PageTransitionEvent": [Function Event],
        "PaymentRequestUpdateEvent": [Function Event],
        "PerformanceEntry": [Function PerformanceEntry],
        "PerformanceObserver": [Function PerformanceObserver],
        "PerformanceObserverEntryList": [Function PerformanceObserverEntryList],
        "PermissionStatus": [Function PermissionStatus],
        "Permissions": [Function Permissions],
        "Plugin": [Function Plugin],
        "PluginArray": [Function PluginArray],
        "PointerEvent": [Function PointerEvent],
        "PopStateEvent": [Function PopStateEvent],
        "ProcessingInstruction": [Function ProcessingInstruction],
        "ProgressEvent": [Function ProgressEvent],
        "Promise": [Function Promise],
        "RTCDataChannelEvent": [Function Event],
        "RTCIdentityErrorEvent": [Function Event],
        "RTCIdentityEvent": [Function Event],
        "RTCPeerConnectionIceEvent": [Function Event],
        "RadioNodeList": [Function RadioNodeList],
        "Range": [Function Range],
        "RangeError": [Function RangeError],
        "ReadableStream": [Function ReadableStream],
        "ReferenceError": [Function ReferenceError],
        "Reflect": {},
        "RegExp": [Function RegExp],
        "RelatedEvent": [Function Event],
        "RemotePlayback": [Function RemotePlayback],
        "Request": [Function Request],
        "ResizeObserver": [Function ResizeObserver],
        "Response": [Function Response],
        "SVGAngle": [Function SVGAngle],
        "SVGAnimateElement": [Function SVGAnimateElement],
        "SVGAnimateMotionElement": [Function SVGAnimateMotionElement],
        "SVGAnimateTransformElement": [Function SVGAnimateTransformElement],
        "SVGAnimatedAngle": [Function SVGAnimatedAngle],
        "SVGAnimatedBoolean": [Function SVGAnimatedBoolean],
        "SVGAnimatedEnumeration": [Function SVGAnimatedEnumeration],
        "SVGAnimatedInteger": [Function SVGAnimatedInteger],
        "SVGAnimatedLength": [Function SVGAnimatedLength],
        "SVGAnimatedLengthList": [Function SVGAnimatedLengthList],
        "SVGAnimatedNumber": [Function SVGAnimatedNumber],
        "SVGAnimatedNumberList": [Function SVGAnimatedNumberList],
        "SVGAnimatedPreserveAspectRatio": [Function SVGAnimatedPreserveAspectRatio],
        "SVGAnimatedRect": [Function SVGAnimatedRect],
        "SVGAnimatedString": [Function SVGAnimatedString],
        "SVGAnimatedTransformList": [Function SVGAnimatedTransformList],
        "SVGAnimationElement": [Function SVGAnimationElement],
        "SVGCircleElement": [Function SVGCircleElement],
        "SVGClipPathElement": [Function SVGClipPathElement],
        "SVGComponentTransferFunctionElement": [Function SVGComponentTransferFunctionElement],
        "SVGDefsElement": [Function SVGDefsElement],
        "SVGDescElement": [Function SVGDescElement],
        "SVGElement": [Function SVGElement],
        "SVGEllipseElement": [Function SVGEllipseElement],
        "SVGEvent": [Function Event],
        "SVGFEBlendElement": [Function SVGFEBlendElement],
        "SVGFEColorMatrixElement": [Function SVGFEColorMatrixElement],
        "SVGFEComponentTransferElement": [Function SVGFEComponentTransferElement],
        "SVGFECompositeElement": [Function SVGFECompositeElement],
        "SVGFEConvolveMatrixElement": [Function SVGFEConvolveMatrixElement],
        "SVGFEDiffuseLightingElement": [Function SVGFEDiffuseLightingElement],
        "SVGFEDisplacementMapElement": [Function SVGFEDisplacementMapElement],
        "SVGFEDistantLightElement": [Function SVGFEDistantLightElement],
        "SVGFEDropShadowElement": [Function SVGFEDropShadowElement],
        "SVGFEFloodElement": [Function SVGFEFloodElement],
        "SVGFEFuncAElement": [Function SVGFEFuncAElement],
        "SVGFEFuncBElement": [Function SVGFEFuncBElement],
        "SVGFEFuncGElement": [Function SVGFEFuncGElement],
        "SVGFEFuncRElement": [Function SVGFEFuncRElement],
        "SVGFEGaussianBlurElement": [Function SVGFEGaussianBlurElement],
        "SVGFEImageElement": [Function SVGFEImageElement],
        "SVGFEMergeElement": [Function SVGFEMergeElement],
        "SVGFEMergeNodeElement": [Function SVGFEMergeNodeElement],
        "SVGFEMorphologyElement": [Function SVGFEMorphologyElement],
        "SVGFEOffsetElement": [Function SVGFEOffsetElement],
        "SVGFEPointLightElement": [Function SVGFEPointLightElement],
        "SVGFESpecularLightingElement": [Function SVGFESpecularLightingElement],
        "SVGFESpotLightElement": [Function SVGFESpotLightElement],
        "SVGFETileElement": [Function SVGFETileElement],
        "SVGFETurbulenceElement": [Function SVGFETurbulenceElement],
        "SVGFilterElement": [Function SVGFilterElement],
        "SVGForeignObjectElement": [Function SVGForeignObjectElement],
        "SVGGElement": [Function SVGGElement],
        "SVGGeometryElement": [Function SVGGeometryElement],
        "SVGGradientElement": [Function SVGGradientElement],
        "SVGGraphicsElement": [Function SVGGraphicsElement],
        "SVGImageElement": [Function SVGImageElement],
        "SVGLength": [Function SVGLength],
        "SVGLengthList": [Function SVGLengthList],
        "SVGLineElement": [Function SVGLineElement],
        "SVGLinearGradientElement": [Function SVGLinearGradientElement],
        "SVGMPathElement": [Function SVGMPathElement],
        "SVGMarkerElement": [Function SVGMarkerElement],
        "SVGMaskElement": [Function SVGMaskElement],
        "SVGMatrix": [Function SVGMatrix],
        "SVGMetadataElement": [Function SVGMetadataElement],
        "SVGNumber": [Function SVGNumber],
        "SVGNumberList": [Function SVGNumberList],
        "SVGPathElement": [Function SVGPathElement],
        "SVGPatternElement": [Function SVGPatternElement],
        "SVGPoint": [Function SVGPoint],
        "SVGPointList": [Function SVGPointList],
        "SVGPolygonElement": [Function SVGPolygonElement],
        "SVGPolylineElement": [Function SVGPolylineElement],
        "SVGPreserveAspectRatio": [Function SVGPreserveAspectRatio],
        "SVGRadialGradientElement": [Function SVGRadialGradientElement],
        "SVGRect": [Function SVGRect],
        "SVGRectElement": [Function SVGRectElement],
        "SVGSVGElement": [Function SVGSVGElement],
        "SVGScriptElement": [Function SVGScriptElement],
        "SVGSetElement": [Function SVGSetElement],
        "SVGStopElement": [Function SVGStopElement],
        "SVGStringList": [Function SVGStringList],
        "SVGStyleElement": [Function SVGStyleElement],
        "SVGSwitchElement": [Function SVGSwitchElement],
        "SVGSymbolElement": [Function SVGSymbolElement],
        "SVGTSpanElement": [Function SVGTSpanElement],
        "SVGTextElement": [Function SVGTextElement],
        "SVGTextPathElement": [Function SVGTextPathElement],
        "SVGTextPositioningElement": [Function SVGTextPositioningElement],
        "SVGTitleElement": [Function SVGTitleElement],
        "SVGTransform": [Function SVGTransform],
        "SVGTransformList": [Function SVGTransformList],
        "SVGUnitTypes": [Function SVGUnitTypes],
        "SVGUseElement": [Function SVGUseElement],
        "SVGViewElement": [Function SVGViewElement],
        "SVGZoomEvent": [Function Event],
        "Screen": [Function Screen],
        "ScreenDetailed": [Function ScreenDetailed],
        "ScreenDetails": [Function ScreenDetails],
        "Selection": [Function Selection],
        "SensorEvent": [Function Event],
        "Set": [Function Set],
        "ShadowRoot": [Function ShadowRoot],
        "Storage": [Function Storage],
        "StorageEvent": [Function StorageEvent],
        "String": [Function String],
        "StylePropertyMap": [Function StylePropertyMap],
        "StylePropertyMapReadOnly": [Function StylePropertyMapReadOnly],
        "SubmitEvent": [Function SubmitEvent],
        "Symbol": [Function Symbol],
        "SyntaxError": [Function SyntaxError],
        "Text": [Function Text],
        "TextDecoder": [Function TextDecoder],
        "TextEncoder": [Function TextEncoder],
        "TextEvent": [Function Event],
        "TextTrack": [Function TextTrack],
        "TextTrackCue": [Function TextTrackCue],
        "TextTrackCueList": [Function TextTrackCueList],
        "TextTrackList": [Function TextTrackList],
        "TimeEvent": [Function Event],
        "TimeRanges": [Function TimeRanges],
        "Touch": [Function Touch],
        "TouchEvent": [Function TouchEvent],
        "TrackEvent": [Function Event],
        "TransformStream": [Function Transform],
        "TransitionEvent": [Function Event],
        "TreeWalker": [Function TreeWalker],
        "TypeError": [Function TypeError],
        "UIEvent": [Function UIEvent],
        "URIError": [Function URIError],
        "URL": [Function URL],
        "URLSearchParams": [Function URLSearchParams],
        "Uint16Array": [Function Uint16Array],
        "Uint32Array": [Function Uint32Array],
        "Uint8Array": [Function Uint8Array],
        "Uint8ClampedArray": [Function Uint8ClampedArray],
        "UserProximityEvent": [Function Event],
        "VTTCue": [Function VTTCue],
        "ValidityState": [Function ValidityState],
        "WeakMap": [Function WeakMap],
        "WeakSet": [Function WeakSet],
        "WebGLContextEvent": [Function Event],
        "WebSocket": [Function WebSocket],
        "WheelEvent": [Function WheelEvent],
        "Window": [Function Window],
        "WritableStream": [Function Writable],
        "XMLDocument": [Function XMLDocument],
        "XMLHttpRequest": [Function XMLHttpRequest],
        "XMLHttpRequestEventTarget": [Function XMLHttpRequestEventTarget],
        "XMLHttpRequestUpload": [Function XMLHttpRequestUpload],
        "XMLSerializer": [Function XMLSerializer],
        "closed": false,
        "console": VirtualConsole {},
        "crypto": Crypto {},
        "customElements": CustomElementRegistry {
          Symbol(registry): Map {},
          Symbol(classRegistry): Map {},
          Symbol(callbacks): Map {},
          Symbol(destroyed): false,
        },
        "decodeURI": [Function decodeURI],
        "decodeURIComponent": [Function decodeURIComponent],
        "document": [Circular],
        "encodeURI": [Function encodeURI],
        "encodeURIComponent": [Function encodeURIComponent],
        "escape": [Function escape],
        "eval": [Function eval],
        "global": undefined,
        "globalThis": [Circular],
        "happyDOM": DetachedWindowAPI {},
        "isFinite": [Function isFinite],
        "isNaN": [Function isNaN],
        "name": "",
        "parseFloat": [Function parseFloat],
        "parseInt": [Function parseInt],
        "performance": Performance {
          Symbol(kEvents): undefined,
          Symbol(events.maxEventTargetListeners): 10,
          Symbol(events.maxEventTargetListenersWarned): false,
          Symbol(kHandlers): undefined,
          Symbol(performance): true,
        },
        "root": undefined,
        "screenLeft": 0,
        "screenTop": 0,
        "screenX": 0,
        "screenY": 0,
        "unescape": [Function unescape],
        "window": [Circular],
        Symbol(listeners): {
          "bubbling": Map {},
          "capturing": Map {},
        },
        Symbol(listenerOptions): {
          "bubbling": Map {},
          "capturing": Map {},
        },
        Symbol(mutationObservers): [],
        Symbol(readyStateManager): DocumentReadyStateManager {},
        Symbol(location): Location {
          Symbol(Symbol.toStringTag): "Location",
        },
        Symbol(history): History {},
        Symbol(navigator): Navigator {},
        Symbol(screen): Screen {
          "availHeight": 768,
          "availWidth": 1024,
          "colorDepth": 24,
          "height": 768,
          "onchange": null,
          "pixelDepth": 24,
          "width": 1024,
          Symbol(listeners): {
            "bubbling": Map {},
            "capturing": Map {},
          },
          Symbol(listenerOptions): {
            "bubbling": Map {},
            "capturing": Map {},
          },
        },
        Symbol(sessionStorage): Storage {},
        Symbol(localStorage): Storage {},
        Symbol(cookieStore): CookieStore {
          Symbol(listeners): {
            "bubbling": Map {},
            "capturing": Map {},
          },
          Symbol(listenerOptions): {
            "bubbling": Map {},
            "capturing": Map {},
          },
        },
        Symbol(self): [Circular],
        Symbol(top): [Circular],
        Symbol(parent): [Circular],
        Symbol(window): [Circular],
        Symbol(frames): [Circular],
        Symbol(internalId): 19,
        Symbol(customElementReactionStack): CustomElementReactionStack {
          "window": [Circular],
        },
        Symbol(modules): {
          "css": Map {},
          "esm": Map {},
          "json": Map {},
        },
        Symbol(moduleImportMap): null,
        Symbol(openWebSockets): [],
        Symbol(propertyEventListeners): Map {},
        Symbol(querySelectorCache): Map {},
      },
      Symbol(forms): null,
      Symbol(affectsComputedStyleCache): [],
      Symbol(elementIdMap): Map {},
      Symbol(contentType): "text/html",
      Symbol(xmlProcessingInstruction): null,
      Symbol(preloads): Map {},
      Symbol(propertyEventListeners): Map {},
      Symbol(selection): null,
    },
    Symbol(currentTarget): null,
    Symbol(isInPassiveEventListener): false,
    Symbol(detail): {
      "invalidated": true,
      "namespaceDigest": "sha256:5555555555555555555555555555555555555555555555555555555555555555",
    },
  },
  CustomEvent {
    "AT_TARGET": 2,
    "BUBBLING_PHASE": 3,
    "CAPTURING_PHASE": 1,
    "NONE": 0,
    Symbol(composed): false,
    Symbol(bubbles): false,
    Symbol(cancelable): false,
    Symbol(defaultPrevented): false,
    Symbol(eventPhase): 0,
    Symbol(timeStamp): 7420.602359,
    Symbol(type): "sceneaxi:desktop-rarity-proposal",
    Symbol(dispatching): false,
    Symbol(immediatePropagationStopped): false,
    Symbol(propagationStopped): false,
    Symbol(target): HTMLDocument {
      Symbol(listeners): {
        "bubbling": Map {},
        "capturing": Map {},
      },
      Symbol(listenerOptions): {
        "bubbling": Map {},
        "capturing": Map {},
      },
      Symbol(isConnected): true,
      Symbol(parentNode): null,
      Symbol(rootNode): [Circular],
      Symbol(styleNode): null,
      Symbol(textAreaNode): null,
      Symbol(formNode): null,
      Symbol(selectNode): null,
      Symbol(mutationListeners): [],
      Symbol(nodeArray): [
        <html>
          <head />
          <body />
        </html>,
      ],
      Symbol(elementArray): [
        <html>
          <head />
          <body />
        </html>,
      ],
      Symbol(childNodes): null,
      Symbol(assignedToSlot): null,
      Symbol(cache): {
        "computedStyle": null,
        "elementById": Map {},
        "elementByTagName": Map {},
        "elementsByTagName": Map {},
        "elementsByTagNameNS": Map {},
        "matches": Map {},
        "querySelector": Map {},
        "querySelectorAll": Map {},
      },
      Symbol(affectsCache): [],
      Symbol(ownerDocument): null,
      Symbol(children): null,
      Symbol(activeElement): null,
      Symbol(nextActiveElement): null,
      Symbol(currentScript): null,
      Symbol(isFirstWrite): true,
      Symbol(isFirstWriteAfterOpen): false,
      Symbol(nodeType): 9,
      Symbol(adoptedStyleSheets): [],
      Symbol(implementation): DOMImplementation {},
      Symbol(readyState): "complete",
      Symbol(referrer): "",
      Symbol(defaultView): Window {
        "AbortController": [Function AbortController],
        "AbortSignal": [Function AbortSignal],
        "AnimationEvent": [Function AnimationEvent],
        "Array": [Function Array],
        "ArrayBuffer": [Function ArrayBuffer],
        "Attr": [Function Attr],
        "Audio": [Function Audio],
        "AudioProcessingEvent": [Function Event],
        "BeforeInputEvent": [Function Event],
        "BeforeUnloadEvent": [Function Event],
        "Blob": [Function Blob],
        "BlobEvent": [Function Event],
        "Boolean": [Function Boolean],
        "Buffer": [Function Buffer],
        "CSSConditionRule": [Function CSSConditionRule],
        "CSSContainerRule": [Function CSSContainerRule],
        "CSSFontFaceLoadEvent": [Function Event],
        "CSSFontFaceRule": [Function CSSFontFaceRule],
        "CSSGroupingRule": [Function CSSGroupingRule],
        "CSSKeyframeRule": [Function CSSKeyframeRule],
        "CSSKeyframesRule": [Function CSSKeyframesRule],
        "CSSKeywordValue": [Function CSSKeywordValue],
        "CSSMediaRule": [Function CSSMediaRule],
        "CSSRule": [Function CSSRule],
        "CSSScopeRule": [Function CSSScopeRule],
        "CSSStyleDeclaration": [Function CSSStyleDeclaration],
        "CSSStyleRule": [Function CSSStyleRule],
        "CSSStyleSheet": [Function CSSStyleSheet],
        "CSSStyleValue": [Function CSSStyleValue],
        "CSSSupportsRule": [Function CSSSupportsRule],
        "CSSUnitValue": [Function CSSUnitValue],
        "CanvasCaptureMediaStreamTrack": [Function CanvasCaptureMediaStreamTrack],
        "CharacterData": [Function CharacterData],
        "Clipboard": [Function Clipboard],
        "ClipboardEvent": [Function ClipboardEvent],
        "ClipboardItem": [Function ClipboardItem],
        "CloseEvent": [Function CloseEvent],
        "Comment": [Function Comment],
        "CompositionEvent": [Function Event],
        "CookieChangeEvent": [Function CookieChangeEvent],
        "CookieStore": [Function CookieStore],
        "CustomElementRegistry": [Function CustomElementRegistry],
        "CustomEvent": [Function CustomEvent],
        "DOMException": [Function DOMException],
        "DOMMatrix": [Function DOMMatrix],
        "DOMMatrixReadOnly": [Function DOMMatrixReadOnly],
        "DOMParser": [Function DOMParser],
        "DOMPoint": [Function DOMPoint],
        "DOMPointReadOnly": [Function DOMPointReadOnly],
        "DOMRect": [Function DOMRect],
        "DOMRectReadOnly": [Function DOMRectReadOnly],
        "DOMTransactionEvent": [Function Event],
        "DataTransfer": [Function DataTransfer],
        "DataTransferItem": [Function DataTransferItem],
        "DataTransferItemList": [Function DataTransferItemList],
        "DataView": [Function DataView],
        "Date": [Function Date],
        "DeviceLightEvent": [Function Event],
        "DeviceMotionEvent": [Function Event],
        "DeviceOrientationEvent": [Function Event],
        "DeviceProximityEvent": [Function Event],
        "Document": [Function Document],
        "DocumentFragment": [Function DocumentFragment],
        "DocumentType": [Function DocumentType],
        "DragEvent": [Function Event],
        "EditingBeforeInputEvent": [Function Event],
        "Element": [Function Element],
        "Error": [Function Error],
        "ErrorEvent": [Function ErrorEvent],
        "EvalError": [Function EvalError],
        "Event": [Function Event],
        "EventTarget": [Function EventTarget],
        "FetchEvent": [Function Event],
        "File": [Function File],
        "FileList": [Function FileList],
        "FileReader": [Function FileReader],
        "Float32Array": [Function Float32Array],
        "Float64Array": [Function Float64Array],
        "FocusEvent": [Function FocusEvent],
        "FormData": [Function FormData],
        "Function": [Function Function],
        "GLOBAL": undefined,
        "GamepadEvent": [Function Event],
        "HTMLAnchorElement": [Function HTMLAnchorElement],
        "HTMLAreaElement": [Function HTMLAreaElement],
        "HTMLAudioElement": [Function HTMLAudioElement],
        "HTMLBRElement": [Function HTMLBRElement],
        "HTMLBaseElement": [Function HTMLBaseElement],
        "HTMLBodyElement": [Function HTMLBodyElement],
        "HTMLButtonElement": [Function HTMLButtonElement],
        "HTMLCanvasElement": [Function HTMLCanvasElement],
        "HTMLCollection": [Function HTMLCollection],
        "HTMLDListElement": [Function HTMLDListElement],
        "HTMLDataElement": [Function HTMLDataElement],
        "HTMLDataListElement": [Function HTMLDataListElement],
        "HTMLDetailsElement": [Function HTMLDetailsElement],
        "HTMLDialogElement": [Function HTMLDialogElement],
        "HTMLDivElement": [Function HTMLDivElement],
        "HTMLDocument": [Function HTMLDocument],
        "HTMLElement": [Function HTMLElement],
        "HTMLEmbedElement": [Function HTMLEmbedElement],
        "HTMLFieldSetElement": [Function HTMLFieldSetElement],
        "HTMLFormControlCollection": [Function HTMLFormControlsCollection],
        "HTMLFormElement": [Function HTMLFormElement],
        "HTMLHRElement": [Function HTMLHRElement],
        "HTMLHeadElement": [Function HTMLHeadElement],
        "HTMLHeadingElement": [Function HTMLHeadingElement],
        "HTMLHtmlElement": [Function HTMLHtmlElement],
        "HTMLIFrameElement": [Function HTMLIFrameElement],
        "HTMLImageElement": [Function HTMLImageElement],
        "HTMLInputElement": [Function HTMLInputElement],
        "HTMLLIElement": [Function HTMLLIElement],
        "HTMLLabelElement": [Function HTMLLabelElement],
        "HTMLLegendElement": [Function HTMLLegendElement],
        "HTMLLinkElement": [Function HTMLLinkElement],
        "HTMLMapElement": [Function HTMLMapElement],
        "HTMLMediaElement": [Function HTMLMediaElement],
        "HTMLMenuElement": [Function HTMLMenuElement],
        "HTMLMetaElement": [Function HTMLMetaElement],
        "HTMLMeterElement": [Function HTMLMeterElement],
        "HTMLModElement": [Function HTMLModElement],
        "HTMLOListElement": [Function HTMLOListElement],
        "HTMLObjectElement": [Function HTMLObjectElement],
        "HTMLOptGroupElement": [Function HTMLOptGroupElement],
        "HTMLOptionElement": [Function HTMLOptionElement],
        "HTMLOptionsCollection": [Function HTMLOptionsCollection],
        "HTMLOutputElement": [Function HTMLOutputElement],
        "HTMLParagraphElement": [Function HTMLParagraphElement],
        "HTMLParamElement": [Function HTMLParamElement],
        "HTMLPictureElement": [Function HTMLPictureElement],
        "HTMLPreElement": [Function HTMLPreElement],
        "HTMLProgressElement": [Function HTMLProgressElement],
        "HTMLQuoteElement": [Function HTMLQuoteElement],
        "HTMLScriptElement": [Function HTMLScriptElement],
        "HTMLSelectElement": [Function HTMLSelectElement],
        "HTMLSlotElement": [Function HTMLSlotElement],
        "HTMLSourceElement": [Function HTMLSourceElement],
        "HTMLSpanElement": [Function HTMLSpanElement],
        "HTMLStyleElement": [Function HTMLStyleElement],
        "HTMLTableCaptionElement": [Function HTMLTableCaptionElement],
        "HTMLTableCellElement": [Function HTMLTableCellElement],
        "HTMLTableColElement": [Function HTMLTableColElement],
        "HTMLTableElement": [Function HTMLTableElement],
        "HTMLTableRowElement": [Function HTMLTableRowElement],
        "HTMLTableSectionElement": [Function HTMLTableSectionElement],
        "HTMLTemplateElement": [Function HTMLTemplateElement],
        "HTMLTextAreaElement": [Function HTMLTextAreaElement],
        "HTMLTimeElement": [Function HTMLTimeElement],
        "HTMLTitleElement": [Function HTMLTitleElement],
        "HTMLTrackElement": [Function HTMLTrackElement],
        "HTMLUListElement": [Function HTMLUListElement],
        "HTMLUnknownElement": [Function HTMLUnknownElement],
        "HTMLVideoElement": [Function HTMLVideoElement],
        "HashChangeEvent": [Function HashChangeEvent],
        "Headers": [Function Headers],
        "History": [Function History],
        "IDBVersionChangeEvent": [Function Event],
        "Image": [Function Image],
        "ImageBitmap": [Function ImageBitmap],
        "ImageData": [Function ImageData],
        "InputEvent": [Function InputEvent],
        "Int16Array": [Function Int16Array],
        "Int32Array": [Function Int32Array],
        "Int8Array": [Function Int8Array],
        "IntersectionObserver": [Function IntersectionObserver],
        "IntersectionObserverEntry": [Function IntersectionObserverEntry],
        "Intl": {},
        "JSON": {},
        "KeyboardEvent": [Function KeyboardEvent],
        "Location": [Function Location],
        "Map": [Function Map],
        "Math": {},
        "MediaList": [Function MediaList],
        "MediaQueryListEvent": [Function MediaQueryListEvent],
        "MediaStream": [Function MediaStream],
        "MediaStreamEvent": [Function Event],
        "MediaStreamTrack": [Function MediaStreamTrack],
        "MessageEvent": [Function MessageEvent],
        "MessagePort": [Function MessagePort],
        "MimeType": [Function MimeType],
        "MimeTypeArray": [Function MimeTypeArray],
        "MouseEvent": [Function MouseEvent],
        "MutationEvent": [Function Event],
        "MutationObserver": [Function MutationObserver],
        "MutationRecord": [Function MutationRecord],
        "NamedNodeMap": [Function NamedNodeMap],
        "Navigator": [Function Navigator],
        "Node": [Function Node],
        "NodeFilter": {
          "FILTER_ACCEPT": 1,
          "FILTER_REJECT": 2,
          "FILTER_SKIP": 3,
          "SHOW_ALL": -1,
          "SHOW_ATTRIBUTE": 2,
          "SHOW_CDATA_SECTION": 8,
          "SHOW_COMMENT": 128,
          "SHOW_DOCUMENT": 256,
          "SHOW_DOCUMENT_FRAGMENT": 1024,
          "SHOW_DOCUMENT_TYPE": 512,
          "SHOW_ELEMENT": 1,
          "SHOW_ENTITY": 32,
          "SHOW_ENTITY_REFERENCE": 16,
          "SHOW_NOTATION": 2048,
          "SHOW_PROCESSING_INSTRUCTION": 64,
          "SHOW_TEXT": 4,
        },
        "NodeIterator": [Function NodeIterator],
        "NodeList": [Function NodeList],
        "Number": [Function Number],
        "Object": [Function Object],
        "OfflineAudioCompletionEvent": [Function Event],
        "OffscreenCanvas": [Function OffscreenCanvas],
        "OverconstrainedError": [Function Event],
        "PageTransitionEvent": [Function Event],
        "PaymentRequestUpdateEvent": [Function Event],
        "PerformanceEntry": [Function PerformanceEntry],
        "PerformanceObserver": [Function PerformanceObserver],
        "PerformanceObserverEntryList": [Function PerformanceObserverEntryList],
        "PermissionStatus": [Function PermissionStatus],
        "Permissions": [Function Permissions],
        "Plugin": [Function Plugin],
        "PluginArray": [Function PluginArray],
        "PointerEvent": [Function PointerEvent],
        "PopStateEvent": [Function PopStateEvent],
        "ProcessingInstruction": [Function ProcessingInstruction],
        "ProgressEvent": [Function ProgressEvent],
        "Promise": [Function Promise],
        "RTCDataChannelEvent": [Function Event],
        "RTCIdentityErrorEvent": [Function Event],
        "RTCIdentityEvent": [Function Event],
        "RTCPeerConnectionIceEvent": [Function Event],
        "RadioNodeList": [Function RadioNodeList],
        "Range": [Function Range],
        "RangeError": [Function RangeError],
        "ReadableStream": [Function ReadableStream],
        "ReferenceError": [Function ReferenceError],
        "Reflect": {},
        "RegExp": [Function RegExp],
        "RelatedEvent": [Function Event],
        "RemotePlayback": [Function RemotePlayback],
        "Request": [Function Request],
        "ResizeObserver": [Function ResizeObserver],
        "Response": [Function Response],
        "SVGAngle": [Function SVGAngle],
        "SVGAnimateElement": [Function SVGAnimateElement],
        "SVGAnimateMotionElement": [Function SVGAnimateMotionElement],
        "SVGAnimateTransformElement": [Function SVGAnimateTransformElement],
        "SVGAnimatedAngle": [Function SVGAnimatedAngle],
        "SVGAnimatedBoolean": [Function SVGAnimatedBoolean],
        "SVGAnimatedEnumeration": [Function SVGAnimatedEnumeration],
        "SVGAnimatedInteger": [Function SVGAnimatedInteger],
        "SVGAnimatedLength": [Function SVGAnimatedLength],
        "SVGAnimatedLengthList": [Function SVGAnimatedLengthList],
        "SVGAnimatedNumber": [Function SVGAnimatedNumber],
        "SVGAnimatedNumberList": [Function SVGAnimatedNumberList],
        "SVGAnimatedPreserveAspectRatio": [Function SVGAnimatedPreserveAspectRatio],
        "SVGAnimatedRect": [Function SVGAnimatedRect],
        "SVGAnimatedString": [Function SVGAnimatedString],
        "SVGAnimatedTransformList": [Function SVGAnimatedTransformList],
        "SVGAnimationElement": [Function SVGAnimationElement],
        "SVGCircleElement": [Function SVGCircleElement],
        "SVGClipPathElement": [Function SVGClipPathElement],
        "SVGComponentTransferFunctionElement": [Function SVGComponentTransferFunctionElement],
        "SVGDefsElement": [Function SVGDefsElement],
        "SVGDescElement": [Function SVGDescElement],
        "SVGElement": [Function SVGElement],
        "SVGEllipseElement": [Function SVGEllipseElement],
        "SVGEvent": [Function Event],
        "SVGFEBlendElement": [Function SVGFEBlendElement],
        "SVGFEColorMatrixElement": [Function SVGFEColorMatrixElement],
        "SVGFEComponentTransferElement": [Function SVGFEComponentTransferElement],
        "SVGFECompositeElement": [Function SVGFECompositeElement],
        "SVGFEConvolveMatrixElement": [Function SVGFEConvolveMatrixElement],
        "SVGFEDiffuseLightingElement": [Function SVGFEDiffuseLightingElement],
        "SVGFEDisplacementMapElement": [Function SVGFEDisplacementMapElement],
        "SVGFEDistantLightElement": [Function SVGFEDistantLightElement],
        "SVGFEDropShadowElement": [Function SVGFEDropShadowElement],
        "SVGFEFloodElement": [Function SVGFEFloodElement],
        "SVGFEFuncAElement": [Function SVGFEFuncAElement],
        "SVGFEFuncBElement": [Function SVGFEFuncBElement],
        "SVGFEFuncGElement": [Function SVGFEFuncGElement],
        "SVGFEFuncRElement": [Function SVGFEFuncRElement],
        "SVGFEGaussianBlurElement": [Function SVGFEGaussianBlurElement],
        "SVGFEImageElement": [Function SVGFEImageElement],
        "SVGFEMergeElement": [Function SVGFEMergeElement],
        "SVGFEMergeNodeElement": [Function SVGFEMergeNodeElement],
        "SVGFEMorphologyElement": [Function SVGFEMorphologyElement],
        "SVGFEOffsetElement": [Function SVGFEOffsetElement],
        "SVGFEPointLightElement": [Function SVGFEPointLightElement],
        "SVGFESpecularLightingElement": [Function SVGFESpecularLightingElement],
        "SVGFESpotLightElement": [Function SVGFESpotLightElement],
        "SVGFETileElement": [Function SVGFETileElement],
        "SVGFETurbulenceElement": [Function SVGFETurbulenceElement],
        "SVGFilterElement": [Function SVGFilterElement],
        "SVGForeignObjectElement": [Function SVGForeignObjectElement],
        "SVGGElement": [Function SVGGElement],
        "SVGGeometryElement": [Function SVGGeometryElement],
        "SVGGradientElement": [Function SVGGradientElement],
        "SVGGraphicsElement": [Function SVGGraphicsElement],
        "SVGImageElement": [Function SVGImageElement],
        "SVGLength": [Function SVGLength],
        "SVGLengthList": [Function SVGLengthList],
        "SVGLineElement": [Function SVGLineElement],
        "SVGLinearGradientElement": [Function SVGLinearGradientElement],
        "SVGMPathElement": [Function SVGMPathElement],
        "SVGMarkerElement": [Function SVGMarkerElement],
        "SVGMaskElement": [Function SVGMaskElement],
        "SVGMatrix": [Function SVGMatrix],
        "SVGMetadataElement": [Function SVGMetadataElement],
        "SVGNumber": [Function SVGNumber],
        "SVGNumberList": [Function SVGNumberList],
        "SVGPathElement": [Function SVGPathElement],
        "SVGPatternElement": [Function SVGPatternElement],
        "SVGPoint": [Function SVGPoint],
        "SVGPointList": [Function SVGPointList],
        "SVGPolygonElement": [Function SVGPolygonElement],
        "SVGPolylineElement": [Function SVGPolylineElement],
        "SVGPreserveAspectRatio": [Function SVGPreserveAspectRatio],
        "SVGRadialGradientElement": [Function SVGRadialGradientElement],
        "SVGRect": [Function SVGRect],
        "SVGRectElement": [Function SVGRectElement],
        "SVGSVGElement": [Function SVGSVGElement],
        "SVGScriptElement": [Function SVGScriptElement],
        "SVGSetElement": [Function SVGSetElement],
        "SVGStopElement": [Function SVGStopElement],
        "SVGStringList": [Function SVGStringList],
        "SVGStyleElement": [Function SVGStyleElement],
        "SVGSwitchElement": [Function SVGSwitchElement],
        "SVGSymbolElement": [Function SVGSymbolElement],
        "SVGTSpanElement": [Function SVGTSpanElement],
        "SVGTextElement": [Function SVGTextElement],
        "SVGTextPathElement": [Function SVGTextPathElement],
        "SVGTextPositioningElement": [Function SVGTextPositioningElement],
        "SVGTitleElement": [Function SVGTitleElement],
        "SVGTransform": [Function SVGTransform],
        "SVGTransformList": [Function SVGTransformList],
        "SVGUnitTypes": [Function SVGUnitTypes],
        "SVGUseElement": [Function SVGUseElement],
        "SVGViewElement": [Function SVGViewElement],
        "SVGZoomEvent": [Function Event],
        "Screen": [Function Screen],
        "ScreenDetailed": [Function ScreenDetailed],
        "ScreenDetails": [Function ScreenDetails],
        "Selection": [Function Selection],
        "SensorEvent": [Function Event],
        "Set": [Function Set],
        "ShadowRoot": [Function ShadowRoot],
        "Storage": [Function Storage],
        "StorageEvent": [Function StorageEvent],
        "String": [Function String],
        "StylePropertyMap": [Function StylePropertyMap],
        "StylePropertyMapReadOnly": [Function StylePropertyMapReadOnly],
        "SubmitEvent": [Function SubmitEvent],
        "Symbol": [Function Symbol],
        "SyntaxError": [Function SyntaxError],
        "Text": [Function Text],
        "TextDecoder": [Function TextDecoder],
        "TextEncoder": [Function TextEncoder],
        "TextEvent": [Function Event],
        "TextTrack": [Function TextTrack],
        "TextTrackCue": [Function TextTrackCue],
        "TextTrackCueList": [Function TextTrackCueList],
        "TextTrackList": [Function TextTrackList],
        "TimeEvent": [Function Event],
        "TimeRanges": [Function TimeRanges],
        "Touch": [Function Touch],
        "TouchEvent": [Function TouchEvent],
        "TrackEvent": [Function Event],
        "TransformStream": [Function Transform],
        "TransitionEvent": [Function Event],
        "TreeWalker": [Function TreeWalker],
        "TypeError": [Function TypeError],
        "UIEvent": [Function UIEvent],
        "URIError": [Function URIError],
        "URL": [Function URL],
        "URLSearchParams": [Function URLSearchParams],
        "Uint16Array": [Function Uint16Array],
        "Uint32Array": [Function Uint32Array],
        "Uint8Array": [Function Uint8Array],
        "Uint8ClampedArray": [Function Uint8ClampedArray],
        "UserProximityEvent": [Function Event],
        "VTTCue": [Function VTTCue],
        "V...

[36m [2m❯[22m tests/e2e/desktop-linux-bridge-golden.test.ts:[2m2224:30[22m[39m
    [90m2222|[39m     expect(evidence.hidden).toBe(true);
    [90m2223|[39m     expect(reviewEvidence.hidden).toBe(true);
    [90m2224|[39m     expect(dispatchedEvents).toContainEqual({
    [90m   |[39m                              [31m^[39m
    [90m2225|[39m       type: DESKTOP_RARITY_PROPOSAL_EVENT,
    [90m2226|[39m       detail: { retired: "session-restarted", evidence: RARITY_EVIDENC…

[31m[2m⎯⎯⎯⎯⎯⎯⎯⎯⎯⎯⎯⎯⎯⎯⎯⎯⎯⎯⎯⎯⎯⎯⎯⎯[4/7]⎯[22m[39m

[41m[1m FAIL [22m[49m tests/e2e/desktop-linux-bridge-golden.test.ts[2m > [22mdesktop chrome document — the shell's chrome, unforked, plus two injections[2m > [22mrefreshes every mounted surface after a rarity retirement event
[31m[1mAssertionError[22m: expected [ …(6) ] to deep equally contain { …(2) }[39m

[32m- Expected:[39m
{
  "detail": {
    "invalidated": true,
    "namespaceDigest": "sha256:5555555555555555555555555555555555555555555555555555555555555555",
  },
  "type": "sceneaxi:desktop-rarity-proposal",
}

[31m+ Received:[39m
[
  CustomEvent {
    "AT_TARGET": 2,
    "BUBBLING_PHASE": 3,
    "CAPTURING_PHASE": 1,
    "NONE": 0,
    Symbol(composed): false,
    Symbol(bubbles): false,
    Symbol(cancelable): false,
    Symbol(defaultPrevented): false,
    Symbol(eventPhase): 0,
    Symbol(timeStamp): 7628.47512,
    Symbol(type): "sceneaxi:desktop-audio-invalidate",
    Symbol(dispatching): false,
    Symbol(immediatePropagationStopped): false,
    Symbol(propagationStopped): false,
    Symbol(target): HTMLDocument {
      Symbol(listeners): {
        "bubbling": Map {},
        "capturing": Map {},
      },
      Symbol(listenerOptions): {
        "bubbling": Map {},
        "capturing": Map {},
      },
      Symbol(isConnected): true,
      Symbol(parentNode): null,
      Symbol(rootNode): [Circular],
      Symbol(styleNode): null,
      Symbol(textAreaNode): null,
      Symbol(formNode): null,
      Symbol(selectNode): null,
      Symbol(mutationListeners): [],
      Symbol(nodeArray): [
        <html>
          <head />
          <body />
        </html>,
      ],
      Symbol(elementArray): [
        <html>
          <head />
          <body />
        </html>,
      ],
      Symbol(childNodes): null,
      Symbol(assignedToSlot): null,
      Symbol(cache): {
        "computedStyle": null,
        "elementById": Map {},
        "elementByTagName": Map {},
        "elementsByTagName": Map {},
        "elementsByTagNameNS": Map {},
        "matches": Map {},
        "querySelector": Map {},
        "querySelectorAll": Map {},
      },
      Symbol(affectsCache): [],
      Symbol(ownerDocument): null,
      Symbol(children): null,
      Symbol(activeElement): null,
      Symbol(nextActiveElement): null,
      Symbol(currentScript): null,
      Symbol(isFirstWrite): true,
      Symbol(isFirstWriteAfterOpen): false,
      Symbol(nodeType): 9,
      Symbol(adoptedStyleSheets): [],
      Symbol(implementation): DOMImplementation {},
      Symbol(readyState): "complete",
      Symbol(referrer): "",
      Symbol(defaultView): Window {
        "AbortController": [Function AbortController],
        "AbortSignal": [Function AbortSignal],
        "AnimationEvent": [Function AnimationEvent],
        "Array": [Function Array],
        "ArrayBuffer": [Function ArrayBuffer],
        "Attr": [Function Attr],
        "Audio": [Function Audio],
        "AudioProcessingEvent": [Function Event],
        "BeforeInputEvent": [Function Event],
        "BeforeUnloadEvent": [Function Event],
        "Blob": [Function Blob],
        "BlobEvent": [Function Event],
        "Boolean": [Function Boolean],
        "Buffer": [Function Buffer],
        "CSSConditionRule": [Function CSSConditionRule],
        "CSSContainerRule": [Function CSSContainerRule],
        "CSSFontFaceLoadEvent": [Function Event],
        "CSSFontFaceRule": [Function CSSFontFaceRule],
        "CSSGroupingRule": [Function CSSGroupingRule],
        "CSSKeyframeRule": [Function CSSKeyframeRule],
        "CSSKeyframesRule": [Function CSSKeyframesRule],
        "CSSKeywordValue": [Function CSSKeywordValue],
        "CSSMediaRule": [Function CSSMediaRule],
        "CSSRule": [Function CSSRule],
        "CSSScopeRule": [Function CSSScopeRule],
        "CSSStyleDeclaration": [Function CSSStyleDeclaration],
        "CSSStyleRule": [Function CSSStyleRule],
        "CSSStyleSheet": [Function CSSStyleSheet],
        "CSSStyleValue": [Function CSSStyleValue],
        "CSSSupportsRule": [Function CSSSupportsRule],
        "CSSUnitValue": [Function CSSUnitValue],
        "CanvasCaptureMediaStreamTrack": [Function CanvasCaptureMediaStreamTrack],
        "CharacterData": [Function CharacterData],
        "Clipboard": [Function Clipboard],
        "ClipboardEvent": [Function ClipboardEvent],
        "ClipboardItem": [Function ClipboardItem],
        "CloseEvent": [Function CloseEvent],
        "Comment": [Function Comment],
        "CompositionEvent": [Function Event],
        "CookieChangeEvent": [Function CookieChangeEvent],
        "CookieStore": [Function CookieStore],
        "CustomElementRegistry": [Function CustomElementRegistry],
        "CustomEvent": [Function CustomEvent],
        "DOMException": [Function DOMException],
        "DOMMatrix": [Function DOMMatrix],
        "DOMMatrixReadOnly": [Function DOMMatrixReadOnly],
        "DOMParser": [Function DOMParser],
        "DOMPoint": [Function DOMPoint],
        "DOMPointReadOnly": [Function DOMPointReadOnly],
        "DOMRect": [Function DOMRect],
        "DOMRectReadOnly": [Function DOMRectReadOnly],
        "DOMTransactionEvent": [Function Event],
        "DataTransfer": [Function DataTransfer],
        "DataTransferItem": [Function DataTransferItem],
        "DataTransferItemList": [Function DataTransferItemList],
        "DataView": [Function DataView],
        "Date": [Function Date],
        "DeviceLightEvent": [Function Event],
        "DeviceMotionEvent": [Function Event],
        "DeviceOrientationEvent": [Function Event],
        "DeviceProximityEvent": [Function Event],
        "Document": [Function Document],
        "DocumentFragment": [Function DocumentFragment],
        "DocumentType": [Function DocumentType],
        "DragEvent": [Function Event],
        "EditingBeforeInputEvent": [Function Event],
        "Element": [Function Element],
        "Error": [Function Error],
        "ErrorEvent": [Function ErrorEvent],
        "EvalError": [Function EvalError],
        "Event": [Function Event],
        "EventTarget": [Function EventTarget],
        "FetchEvent": [Function Event],
        "File": [Function File],
        "FileList": [Function FileList],
        "FileReader": [Function FileReader],
        "Float32Array": [Function Float32Array],
        "Float64Array": [Function Float64Array],
        "FocusEvent": [Function FocusEvent],
        "FormData": [Function FormData],
        "Function": [Function Function],
        "GLOBAL": undefined,
        "GamepadEvent": [Function Event],
        "HTMLAnchorElement": [Function HTMLAnchorElement],
        "HTMLAreaElement": [Function HTMLAreaElement],
        "HTMLAudioElement": [Function HTMLAudioElement],
        "HTMLBRElement": [Function HTMLBRElement],
        "HTMLBaseElement": [Function HTMLBaseElement],
        "HTMLBodyElement": [Function HTMLBodyElement],
        "HTMLButtonElement": [Function HTMLButtonElement],
        "HTMLCanvasElement": [Function HTMLCanvasElement],
        "HTMLCollection": [Function HTMLCollection],
        "HTMLDListElement": [Function HTMLDListElement],
        "HTMLDataElement": [Function HTMLDataElement],
        "HTMLDataListElement": [Function HTMLDataListElement],
        "HTMLDetailsElement": [Function HTMLDetailsElement],
        "HTMLDialogElement": [Function HTMLDialogElement],
        "HTMLDivElement": [Function HTMLDivElement],
        "HTMLDocument": [Function HTMLDocument],
        "HTMLElement": [Function HTMLElement],
        "HTMLEmbedElement": [Function HTMLEmbedElement],
        "HTMLFieldSetElement": [Function HTMLFieldSetElement],
        "HTMLFormControlCollection": [Function HTMLFormControlsCollection],
        "HTMLFormElement": [Function HTMLFormElement],
        "HTMLHRElement": [Function HTMLHRElement],
        "HTMLHeadElement": [Function HTMLHeadElement],
        "HTMLHeadingElement": [Function HTMLHeadingElement],
        "HTMLHtmlElement": [Function HTMLHtmlElement],
        "HTMLIFrameElement": [Function HTMLIFrameElement],
        "HTMLImageElement": [Function HTMLImageElement],
        "HTMLInputElement": [Function HTMLInputElement],
        "HTMLLIElement": [Function HTMLLIElement],
        "HTMLLabelElement": [Function HTMLLabelElement],
        "HTMLLegendElement": [Function HTMLLegendElement],
        "HTMLLinkElement": [Function HTMLLinkElement],
        "HTMLMapElement": [Function HTMLMapElement],
        "HTMLMediaElement": [Function HTMLMediaElement],
        "HTMLMenuElement": [Function HTMLMenuElement],
        "HTMLMetaElement": [Function HTMLMetaElement],
        "HTMLMeterElement": [Function HTMLMeterElement],
        "HTMLModElement": [Function HTMLModElement],
        "HTMLOListElement": [Function HTMLOListElement],
        "HTMLObjectElement": [Function HTMLObjectElement],
        "HTMLOptGroupElement": [Function HTMLOptGroupElement],
        "HTMLOptionElement": [Function HTMLOptionElement],
        "HTMLOptionsCollection": [Function HTMLOptionsCollection],
        "HTMLOutputElement": [Function HTMLOutputElement],
        "HTMLParagraphElement": [Function HTMLParagraphElement],
        "HTMLParamElement": [Function HTMLParamElement],
        "HTMLPictureElement": [Function HTMLPictureElement],
        "HTMLPreElement": [Function HTMLPreElement],
        "HTMLProgressElement": [Function HTMLProgressElement],
        "HTMLQuoteElement": [Function HTMLQuoteElement],
        "HTMLScriptElement": [Function HTMLScriptElement],
        "HTMLSelectElement": [Function HTMLSelectElement],
        "HTMLSlotElement": [Function HTMLSlotElement],
        "HTMLSourceElement": [Function HTMLSourceElement],
        "HTMLSpanElement": [Function HTMLSpanElement],
        "HTMLStyleElement": [Function HTMLStyleElement],
        "HTMLTableCaptionElement": [Function HTMLTableCaptionElement],
        "HTMLTableCellElement": [Function HTMLTableCellElement],
        "HTMLTableColElement": [Function HTMLTableColElement],
        "HTMLTableElement": [Function HTMLTableElement],
        "HTMLTableRowElement": [Function HTMLTableRowElement],
        "HTMLTableSectionElement": [Function HTMLTableSectionElement],
        "HTMLTemplateElement": [Function HTMLTemplateElement],
        "HTMLTextAreaElement": [Function HTMLTextAreaElement],
        "HTMLTimeElement": [Function HTMLTimeElement],
        "HTMLTitleElement": [Function HTMLTitleElement],
        "HTMLTrackElement": [Function HTMLTrackElement],
        "HTMLUListElement": [Function HTMLUListElement],
        "HTMLUnknownElement": [Function HTMLUnknownElement],
        "HTMLVideoElement": [Function HTMLVideoElement],
        "HashChangeEvent": [Function HashChangeEvent],
        "Headers": [Function Headers],
        "History": [Function History],
        "IDBVersionChangeEvent": [Function Event],
        "Image": [Function Image],
        "ImageBitmap": [Function ImageBitmap],
        "ImageData": [Function ImageData],
        "InputEvent": [Function InputEvent],
        "Int16Array": [Function Int16Array],
        "Int32Array": [Function Int32Array],
        "Int8Array": [Function Int8Array],
        "IntersectionObserver": [Function IntersectionObserver],
        "IntersectionObserverEntry": [Function IntersectionObserverEntry],
        "Intl": {},
        "JSON": {},
        "KeyboardEvent": [Function KeyboardEvent],
        "Location": [Function Location],
        "Map": [Function Map],
        "Math": {},
        "MediaList": [Function MediaList],
        "MediaQueryListEvent": [Function MediaQueryListEvent],
        "MediaStream": [Function MediaStream],
        "MediaStreamEvent": [Function Event],
        "MediaStreamTrack": [Function MediaStreamTrack],
        "MessageEvent": [Function MessageEvent],
        "MessagePort": [Function MessagePort],
        "MimeType": [Function MimeType],
        "MimeTypeArray": [Function MimeTypeArray],
        "MouseEvent": [Function MouseEvent],
        "MutationEvent": [Function Event],
        "MutationObserver": [Function MutationObserver],
        "MutationRecord": [Function MutationRecord],
        "NamedNodeMap": [Function NamedNodeMap],
        "Navigator": [Function Navigator],
        "Node": [Function Node],
        "NodeFilter": {
          "FILTER_ACCEPT": 1,
          "FILTER_REJECT": 2,
          "FILTER_SKIP": 3,
          "SHOW_ALL": -1,
          "SHOW_ATTRIBUTE": 2,
          "SHOW_CDATA_SECTION": 8,
          "SHOW_COMMENT": 128,
          "SHOW_DOCUMENT": 256,
          "SHOW_DOCUMENT_FRAGMENT": 1024,
          "SHOW_DOCUMENT_TYPE": 512,
          "SHOW_ELEMENT": 1,
          "SHOW_ENTITY": 32,
          "SHOW_ENTITY_REFERENCE": 16,
          "SHOW_NOTATION": 2048,
          "SHOW_PROCESSING_INSTRUCTION": 64,
          "SHOW_TEXT": 4,
        },
        "NodeIterator": [Function NodeIterator],
        "NodeList": [Function NodeList],
        "Number": [Function Number],
        "Object": [Function Object],
        "OfflineAudioCompletionEvent": [Function Event],
        "OffscreenCanvas": [Function OffscreenCanvas],
        "OverconstrainedError": [Function Event],
        "PageTransitionEvent": [Function Event],
        "PaymentRequestUpdateEvent": [Function Event],
        "PerformanceEntry": [Function PerformanceEntry],
        "PerformanceObserver": [Function PerformanceObserver],
        "PerformanceObserverEntryList": [Function PerformanceObserverEntryList],
        "PermissionStatus": [Function PermissionStatus],
        "Permissions": [Function Permissions],
        "Plugin": [Function Plugin],
        "PluginArray": [Function PluginArray],
        "PointerEvent": [Function PointerEvent],
        "PopStateEvent": [Function PopStateEvent],
        "ProcessingInstruction": [Function ProcessingInstruction],
        "ProgressEvent": [Function ProgressEvent],
        "Promise": [Function Promise],
        "RTCDataChannelEvent": [Function Event],
        "RTCIdentityErrorEvent": [Function Event],
        "RTCIdentityEvent": [Function Event],
        "RTCPeerConnectionIceEvent": [Function Event],
        "RadioNodeList": [Function RadioNodeList],
        "Range": [Function Range],
        "RangeError": [Function RangeError],
        "ReadableStream": [Function ReadableStream],
        "ReferenceError": [Function ReferenceError],
        "Reflect": {},
        "RegExp": [Function RegExp],
        "RelatedEvent": [Function Event],
        "RemotePlayback": [Function RemotePlayback],
        "Request": [Function Request],
        "ResizeObserver": [Function ResizeObserver],
        "Response": [Function Response],
        "SVGAngle": [Function SVGAngle],
        "SVGAnimateElement": [Function SVGAnimateElement],
        "SVGAnimateMotionElement": [Function SVGAnimateMotionElement],
        "SVGAnimateTransformElement": [Function SVGAnimateTransformElement],
        "SVGAnimatedAngle": [Function SVGAnimatedAngle],
        "SVGAnimatedBoolean": [Function SVGAnimatedBoolean],
        "SVGAnimatedEnumeration": [Function SVGAnimatedEnumeration],
        "SVGAnimatedInteger": [Function SVGAnimatedInteger],
        "SVGAnimatedLength": [Function SVGAnimatedLength],
        "SVGAnimatedLengthList": [Function SVGAnimatedLengthList],
        "SVGAnimatedNumber": [Function SVGAnimatedNumber],
        "SVGAnimatedNumberList": [Function SVGAnimatedNumberList],
        "SVGAnimatedPreserveAspectRatio": [Function SVGAnimatedPreserveAspectRatio],
        "SVGAnimatedRect": [Function SVGAnimatedRect],
        "SVGAnimatedString": [Function SVGAnimatedString],
        "SVGAnimatedTransformList": [Function SVGAnimatedTransformList],
        "SVGAnimationElement": [Function SVGAnimationElement],
        "SVGCircleElement": [Function SVGCircleElement],
        "SVGClipPathElement": [Function SVGClipPathElement],
        "SVGComponentTransferFunctionElement": [Function SVGComponentTransferFunctionElement],
        "SVGDefsElement": [Function SVGDefsElement],
        "SVGDescElement": [Function SVGDescElement],
        "SVGElement": [Function SVGElement],
        "SVGEllipseElement": [Function SVGEllipseElement],
        "SVGEvent": [Function Event],
        "SVGFEBlendElement": [Function SVGFEBlendElement],
        "SVGFEColorMatrixElement": [Function SVGFEColorMatrixElement],
        "SVGFEComponentTransferElement": [Function SVGFEComponentTransferElement],
        "SVGFECompositeElement": [Function SVGFECompositeElement],
        "SVGFEConvolveMatrixElement": [Function SVGFEConvolveMatrixElement],
        "SVGFEDiffuseLightingElement": [Function SVGFEDiffuseLightingElement],
        "SVGFEDisplacementMapElement": [Function SVGFEDisplacementMapElement],
        "SVGFEDistantLightElement": [Function SVGFEDistantLightElement],
        "SVGFEDropShadowElement": [Function SVGFEDropShadowElement],
        "SVGFEFloodElement": [Function SVGFEFloodElement],
        "SVGFEFuncAElement": [Function SVGFEFuncAElement],
        "SVGFEFuncBElement": [Function SVGFEFuncBElement],
        "SVGFEFuncGElement": [Function SVGFEFuncGElement],
        "SVGFEFuncRElement": [Function SVGFEFuncRElement],
        "SVGFEGaussianBlurElement": [Function SVGFEGaussianBlurElement],
        "SVGFEImageElement": [Function SVGFEImageElement],
        "SVGFEMergeElement": [Function SVGFEMergeElement],
        "SVGFEMergeNodeElement": [Function SVGFEMergeNodeElement],
        "SVGFEMorphologyElement": [Function SVGFEMorphologyElement],
        "SVGFEOffsetElement": [Function SVGFEOffsetElement],
        "SVGFEPointLightElement": [Function SVGFEPointLightElement],
        "SVGFESpecularLightingElement": [Function SVGFESpecularLightingElement],
        "SVGFESpotLightElement": [Function SVGFESpotLightElement],
        "SVGFETileElement": [Function SVGFETileElement],
        "SVGFETurbulenceElement": [Function SVGFETurbulenceElement],
        "SVGFilterElement": [Function SVGFilterElement],
        "SVGForeignObjectElement": [Function SVGForeignObjectElement],
        "SVGGElement": [Function SVGGElement],
        "SVGGeometryElement": [Function SVGGeometryElement],
        "SVGGradientElement": [Function SVGGradientElement],
        "SVGGraphicsElement": [Function SVGGraphicsElement],
        "SVGImageElement": [Function SVGImageElement],
        "SVGLength": [Function SVGLength],
        "SVGLengthList": [Function SVGLengthList],
        "SVGLineElement": [Function SVGLineElement],
        "SVGLinearGradientElement": [Function SVGLinearGradientElement],
        "SVGMPathElement": [Function SVGMPathElement],
        "SVGMarkerElement": [Function SVGMarkerElement],
        "SVGMaskElement": [Function SVGMaskElement],
        "SVGMatrix": [Function SVGMatrix],
        "SVGMetadataElement": [Function SVGMetadataElement],
        "SVGNumber": [Function SVGNumber],
        "SVGNumberList": [Function SVGNumberList],
        "SVGPathElement": [Function SVGPathElement],
        "SVGPatternElement": [Function SVGPatternElement],
        "SVGPoint": [Function SVGPoint],
        "SVGPointList": [Function SVGPointList],
        "SVGPolygonElement": [Function SVGPolygonElement],
        "SVGPolylineElement": [Function SVGPolylineElement],
        "SVGPreserveAspectRatio": [Function SVGPreserveAspectRatio],
        "SVGRadialGradientElement": [Function SVGRadialGradientElement],
        "SVGRect": [Function SVGRect],
        "SVGRectElement": [Function SVGRectElement],
        "SVGSVGElement": [Function SVGSVGElement],
        "SVGScriptElement": [Function SVGScriptElement],
        "SVGSetElement": [Function SVGSetElement],
        "SVGStopElement": [Function SVGStopElement],
        "SVGStringList": [Function SVGStringList],
        "SVGStyleElement": [Function SVGStyleElement],
        "SVGSwitchElement": [Function SVGSwitchElement],
        "SVGSymbolElement": [Function SVGSymbolElement],
        "SVGTSpanElement": [Function SVGTSpanElement],
        "SVGTextElement": [Function SVGTextElement],
        "SVGTextPathElement": [Function SVGTextPathElement],
        "SVGTextPositioningElement": [Function SVGTextPositioningElement],
        "SVGTitleElement": [Function SVGTitleElement],
        "SVGTransform": [Function SVGTransform],
        "SVGTransformList": [Function SVGTransformList],
        "SVGUnitTypes": [Function SVGUnitTypes],
        "SVGUseElement": [Function SVGUseElement],
        "SVGViewElement": [Function SVGViewElement],
        "SVGZoomEvent": [Function Event],
        "Screen": [Function Screen],
        "ScreenDetailed": [Function ScreenDetailed],
        "ScreenDetails": [Function ScreenDetails],
        "Selection": [Function Selection],
        "SensorEvent": [Function Event],
        "Set": [Function Set],
        "ShadowRoot": [Function ShadowRoot],
        "Storage": [Function Storage],
        "StorageEvent": [Function StorageEvent],
        "String": [Function String],
        "StylePropertyMap": [Function StylePropertyMap],
        "StylePropertyMapReadOnly": [Function StylePropertyMapReadOnly],
        "SubmitEvent": [Function SubmitEvent],
        "Symbol": [Function Symbol],
        "SyntaxError": [Function SyntaxError],
        "Text": [Function Text],
        "TextDecoder": [Function TextDecoder],
        "TextEncoder": [Function TextEncoder],
        "TextEvent": [Function Event],
        "TextTrack": [Function TextTrack],
        "TextTrackCue": [Function TextTrackCue],
        "TextTrackCueList": [Function TextTrackCueList],
        "TextTrackList": [Function TextTrackList],
        "TimeEvent": [Function Event],
        "TimeRanges": [Function TimeRanges],
        "Touch": [Function Touch],
        "TouchEvent": [Function TouchEvent],
        "TrackEvent": [Function Event],
        "TransformStream": [Function Transform],
        "TransitionEvent": [Function Event],
        "TreeWalker": [Function TreeWalker],
        "TypeError": [Function TypeError],
        "UIEvent": [Function UIEvent],
        "URIError": [Function URIError],
        "URL": [Function URL],
        "URLSearchParams": [Function URLSearchParams],
        "Uint16Array": [Function Uint16Array],
        "Uint32Array": [Function Uint32Array],
        "Uint8Array": [Function Uint8Array],
        "Uint8ClampedArray": [Function Uint8ClampedArray],
        "UserProximityEvent": [Function Event],
        "VTTCue": [Function VTTCue],
        "ValidityState": [Function ValidityState],
        "WeakMap": [Function WeakMap],
        "WeakSet": [Function WeakSet],
        "WebGLContextEvent": [Function Event],
        "WebSocket": [Function WebSocket],
        "WheelEvent": [Function WheelEvent],
        "Window": [Function Window],
        "WritableStream": [Function Writable],
        "XMLDocument": [Function XMLDocument],
        "XMLHttpRequest": [Function XMLHttpRequest],
        "XMLHttpRequestEventTarget": [Function XMLHttpRequestEventTarget],
        "XMLHttpRequestUpload": [Function XMLHttpRequestUpload],
        "XMLSerializer": [Function XMLSerializer],
        "closed": false,
        "console": VirtualConsole {},
        "crypto": Crypto {},
        "customElements": CustomElementRegistry {
          Symbol(registry): Map {},
          Symbol(classRegistry): Map {},
          Symbol(callbacks): Map {},
          Symbol(destroyed): false,
        },
        "decodeURI": [Function decodeURI],
        "decodeURIComponent": [Function decodeURIComponent],
        "document": [Circular],
        "encodeURI": [Function encodeURI],
        "encodeURIComponent": [Function encodeURIComponent],
        "escape": [Function escape],
        "eval": [Function eval],
        "global": undefined,
        "globalThis": [Circular],
        "happyDOM": DetachedWindowAPI {},
        "isFinite": [Function isFinite],
        "isNaN": [Function isNaN],
        "name": "",
        "parseFloat": [Function parseFloat],
        "parseInt": [Function parseInt],
        "performance": Performance {
          Symbol(kEvents): undefined,
          Symbol(events.maxEventTargetListeners): 10,
          Symbol(events.maxEventTargetListenersWarned): false,
          Symbol(kHandlers): undefined,
          Symbol(performance): true,
        },
        "root": undefined,
        "screenLeft": 0,
        "screenTop": 0,
        "screenX": 0,
        "screenY": 0,
        "unescape": [Function unescape],
        "window": [Circular],
        Symbol(listeners): {
          "bubbling": Map {},
          "capturing": Map {},
        },
        Symbol(listenerOptions): {
          "bubbling": Map {},
          "capturing": Map {},
        },
        Symbol(mutationObservers): [],
        Symbol(readyStateManager): DocumentReadyStateManager {},
        Symbol(location): Location {
          Symbol(Symbol.toStringTag): "Location",
        },
        Symbol(history): History {},
        Symbol(navigator): Navigator {},
        Symbol(screen): Screen {
          "availHeight": 768,
          "availWidth": 1024,
          "colorDepth": 24,
          "height": 768,
          "onchange": null,
          "pixelDepth": 24,
          "width": 1024,
          Symbol(listeners): {
            "bubbling": Map {},
            "capturing": Map {},
          },
          Symbol(listenerOptions): {
            "bubbling": Map {},
            "capturing": Map {},
          },
        },
        Symbol(sessionStorage): Storage {},
        Symbol(localStorage): Storage {},
        Symbol(cookieStore): CookieStore {
          Symbol(listeners): {
            "bubbling": Map {},
            "capturing": Map {},
          },
          Symbol(listenerOptions): {
            "bubbling": Map {},
            "capturing": Map {},
          },
        },
        Symbol(self): [Circular],
        Symbol(top): [Circular],
        Symbol(parent): [Circular],
        Symbol(window): [Circular],
        Symbol(frames): [Circular],
        Symbol(internalId): 21,
        Symbol(customElementReactionStack): CustomElementReactionStack {
          "window": [Circular],
        },
        Symbol(modules): {
          "css": Map {},
          "esm": Map {},
          "json": Map {},
        },
        Symbol(moduleImportMap): null,
        Symbol(openWebSockets): [],
        Symbol(propertyEventListeners): Map {},
        Symbol(querySelectorCache): Map {},
      },
      Symbol(forms): null,
      Symbol(affectsComputedStyleCache): [],
      Symbol(elementIdMap): Map {},
      Symbol(contentType): "text/html",
      Symbol(xmlProcessingInstruction): null,
      Symbol(preloads): Map {},
      Symbol(propertyEventListeners): Map {},
      Symbol(selection): null,
    },
    Symbol(currentTarget): null,
    Symbol(isInPassiveEventListener): false,
    Symbol(detail): {
      "profile": null,
    },
  },
  CustomEvent {
    "AT_TARGET": 2,
    "BUBBLING_PHASE": 3,
    "CAPTURING_PHASE": 1,
    "NONE": 0,
    Symbol(composed): false,
    Symbol(bubbles): false,
    Symbol(cancelable): false,
    Symbol(defaultPrevented): false,
    Symbol(eventPhase): 0,
    Symbol(timeStamp): 7629.152649,
    Symbol(type): "sceneaxi:desktop-audio-invalidate",
    Symbol(dispatching): false,
    Symbol(immediatePropagationStopped): false,
    Symbol(propagationStopped): false,
    Symbol(target): HTMLDocument {
      Symbol(listeners): {
        "bubbling": Map {},
        "capturing": Map {},
      },
      Symbol(listenerOptions): {
        "bubbling": Map {},
        "capturing": Map {},
      },
      Symbol(isConnected): true,
      Symbol(parentNode): null,
      Symbol(rootNode): [Circular],
      Symbol(styleNode): null,
      Symbol(textAreaNode): null,
      Symbol(formNode): null,
      Symbol(selectNode): null,
      Symbol(mutationListeners): [],
      Symbol(nodeArray): [
        <html>
          <head />
          <body />
        </html>,
      ],
      Symbol(elementArray): [
        <html>
          <head />
          <body />
        </html>,
      ],
      Symbol(childNodes): null,
      Symbol(assignedToSlot): null,
      Symbol(cache): {
        "computedStyle": null,
        "elementById": Map {},
        "elementByTagName": Map {},
        "elementsByTagName": Map {},
        "elementsByTagNameNS": Map {},
        "matches": Map {},
        "querySelector": Map {},
        "querySelectorAll": Map {},
      },
      Symbol(affectsCache): [],
      Symbol(ownerDocument): null,
      Symbol(children): null,
      Symbol(activeElement): null,
      Symbol(nextActiveElement): null,
      Symbol(currentScript): null,
      Symbol(isFirstWrite): true,
      Symbol(isFirstWriteAfterOpen): false,
      Symbol(nodeType): 9,
      Symbol(adoptedStyleSheets): [],
      Symbol(implementation): DOMImplementation {},
      Symbol(readyState): "complete",
      Symbol(referrer): "",
      Symbol(defaultView): Window {
        "AbortController": [Function AbortController],
        "AbortSignal": [Function AbortSignal],
        "AnimationEvent": [Function AnimationEvent],
        "Array": [Function Array],
        "ArrayBuffer": [Function ArrayBuffer],
        "Attr": [Function Attr],
        "Audio": [Function Audio],
        "AudioProcessingEvent": [Function Event],
        "BeforeInputEvent": [Function Event],
        "BeforeUnloadEvent": [Function Event],
        "Blob": [Function Blob],
        "BlobEvent": [Function Event],
        "Boolean": [Function Boolean],
        "Buffer": [Function Buffer],
        "CSSConditionRule": [Function CSSConditionRule],
        "CSSContainerRule": [Function CSSContainerRule],
        "CSSFontFaceLoadEvent": [Function Event],
        "CSSFontFaceRule": [Function CSSFontFaceRule],
        "CSSGroupingRule": [Function CSSGroupingRule],
        "CSSKeyframeRule": [Function CSSKeyframeRule],
        "CSSKeyframesRule": [Function CSSKeyframesRule],
        "CSSKeywordValue": [Function CSSKeywordValue],
        "CSSMediaRule": [Function CSSMediaRule],
        "CSSRule": [Function CSSRule],
        "CSSScopeRule": [Function CSSScopeRule],
        "CSSStyleDeclaration": [Function CSSStyleDeclaration],
        "CSSStyleRule": [Function CSSStyleRule],
        "CSSStyleSheet": [Function CSSStyleSheet],
        "CSSStyleValue": [Function CSSStyleValue],
        "CSSSupportsRule": [Function CSSSupportsRule],
        "CSSUnitValue": [Function CSSUnitValue],
        "CanvasCaptureMediaStreamTrack": [Function CanvasCaptureMediaStreamTrack],
        "CharacterData": [Function CharacterData],
        "Clipboard": [Function Clipboard],
        "ClipboardEvent": [Function ClipboardEvent],
        "ClipboardItem": [Function ClipboardItem],
        "CloseEvent": [Function CloseEvent],
        "Comment": [Function Comment],
        "CompositionEvent": [Function Event],
        "CookieChangeEvent": [Function CookieChangeEvent],
        "CookieStore": [Function CookieStore],
        "CustomElementRegistry": [Function CustomElementRegistry],
        "CustomEvent": [Function CustomEvent],
        "DOMException": [Function DOMException],
        "DOMMatrix": [Function DOMMatrix],
        "DOMMatrixReadOnly": [Function DOMMatrixReadOnly],
        "DOMParser": [Function DOMParser],
        "DOMPoint": [Function DOMPoint],
        "DOMPointReadOnly": [Function DOMPointReadOnly],
        "DOMRect": [Function DOMRect],
        "DOMRectReadOnly": [Function DOMRectReadOnly],
        "DOMTransactionEvent": [Function Event],
        "DataTransfer": [Function DataTransfer],
        "DataTransferItem": [Function DataTransferItem],
        "DataTransferItemList": [Function DataTransferItemList],
        "DataView": [Function DataView],
        "Date": [Function Date],
        "DeviceLightEvent": [Function Event],
        "DeviceMotionEvent": [Function Event],
        "DeviceOrientationEvent": [Function Event],
        "DeviceProximityEvent": [Function Event],
        "Document": [Function Document],
        "DocumentFragment": [Function DocumentFragment],
        "DocumentType": [Function DocumentType],
        "DragEvent": [Function Event],
        "EditingBeforeInputEvent": [Function Event],
        "Element": [Function Element],
        "Error": [Function Error],
        "ErrorEvent": [Function ErrorEvent],
        "EvalError": [Function EvalError],
        "Event": [Function Event],
        "EventTarget": [Function EventTarget],
        "FetchEvent": [Function Event],
        "File": [Function File],
        "FileList": [Function FileList],
        "FileReader": [Function FileReader],
        "Float32Array": [Function Float32Array],
        "Float64Array": [Function Float64Array],
        "FocusEvent": [Function FocusEvent],
        "FormData": [Function FormData],
        "Function": [Function Function],
        "GLOBAL": undefined,
        "GamepadEvent": [Function Event],
        "HTMLAnchorElement": [Function HTMLAnchorElement],
        "HTMLAreaElement": [Function HTMLAreaElement],
        "HTMLAudioElement": [Function HTMLAudioElement],
        "HTMLBRElement": [Function HTMLBRElement],
        "HTMLBaseElement": [Function HTMLBaseElement],
        "HTMLBodyElement": [Function HTMLBodyElement],
        "HTMLButtonElement": [Function HTMLButtonElement],
        "HTMLCanvasElement": [Function HTMLCanvasElement],
        "HTMLCollection": [Function HTMLCollection],
        "HTMLDListElement": [Function HTMLDListElement],
        "HTMLDataElement": [Function HTMLDataElement],
        "HTMLDataListElement": [Function HTMLDataListElement],
        "HTMLDetailsElement": [Function HTMLDetailsElement],
        "HTMLDialogElement": [Function HTMLDialogElement],
        "HTMLDivElement": [Function HTMLDivElement],
        "HTMLDocument": [Function HTMLDocument],
        "HTMLElement": [Function HTMLElement],
        "HTMLEmbedElement": [Function HTMLEmbedElement],
        "HTMLFieldSetElement": [Function HTMLFieldSetElement],
        "HTMLFormControlCollection": [Function HTMLFormControlsCollection],
        "HTMLFormElement": [Function HTMLFormElement],
        "HTMLHRElement": [Function HTMLHRElement],
        "HTMLHeadElement": [Function HTMLHeadElement],
        "HTMLHeadingElement": [Function HTMLHeadingElement],
        "HTMLHtmlElement": [Function HTMLHtmlElement],
        "HTMLIFrameElement": [Function HTMLIFrameElement],
        "HTMLImageElement": [Function HTMLImageElement],
        "HTMLInputElement": [Function HTMLInputElement],
        "HTMLLIElement": [Function HTMLLIElement],
        "HTMLLabelElement": [Function HTMLLabelElement],
        "HTMLLegendElement": [Function HTMLLegendElement],
        "HTMLLinkElement": [Function HTMLLinkElement],
        "HTMLMapElement": [Function HTMLMapElement],
        "HTMLMediaElement": [Function HTMLMediaElement],
        "HTMLMenuElement": [Function HTMLMenuElement],
        "HTMLMetaElement": [Function HTMLMetaElement],
        "HTMLMeterElement": [Function HTMLMeterElement],
        "HTMLModElement": [Function HTMLModElement],
        "HTMLOListElement": [Function HTMLOListElement],
        "HTMLObjectElement": [Function HTMLObjectElement],
        "HTMLOptGroupElement": [Function HTMLOptGroupElement],
        "HTMLOptionElement": [Function HTMLOptionElement],
        "HTMLOptionsCollection": [Function HTMLOptionsCollection],
        "HTMLOutputElement": [Function HTMLOutputElement],
        "HTMLParagraphElement": [Function HTMLParagraphElement],
        "HTMLParamElement": [Function HTMLParamElement],
        "HTMLPictureElement": [Function HTMLPictureElement],
        "HTMLPreElement": [Function HTMLPreElement],
        "HTMLProgressElement": [Function HTMLProgressElement],
        "HTMLQuoteElement": [Function HTMLQuoteElement],
        "HTMLScriptElement": [Function HTMLScriptElement],
        "HTMLSelectElement": [Function HTMLSelectElement],
        "HTMLSlotElement": [Function HTMLSlotElement],
        "HTMLSourceElement": [Function HTMLSourceElement],
        "HTMLSpanElement": [Function HTMLSpanElement],
        "HTMLStyleElement": [Function HTMLStyleElement],
        "HTMLTableCaptionElement": [Function HTMLTableCaptionElement],
        "HTMLTableCellElement": [Function HTMLTableCellElement],
        "HTMLTableColElement": [Function HTMLTableColElement],
        "HTMLTableElement": [Function HTMLTableElement],
        "HTMLTableRowElement": [Function HTMLTableRowElement],
        "HTMLTableSectionElement": [Function HTMLTableSectionElement],
        "HTMLTemplateElement": [Function HTMLTemplateElement],
        "HTMLTextAreaElement": [Function HTMLTextAreaElement],
        "HTMLTimeElement": [Function HTMLTimeElement],
        "HTMLTitleElement": [Function HTMLTitleElement],
        "HTMLTrackElement": [Function HTMLTrackElement],
        "HTMLUListElement": [Function HTMLUListElement],
        "HTMLUnknownElement": [Function HTMLUnknownElement],
        "HTMLVideoElement": [Function HTMLVideoElement],
        "HashChangeEvent": [Function HashChangeEvent],
        "Headers": [Function Headers],
        "History": [Function History],
        "IDBVersionChangeEvent": [Function Event],
        "Image": [Function Image],
        "ImageBitmap": [Function ImageBitmap],
        "ImageData": [Function ImageData],
        "InputEvent": [Function InputEvent],
        "Int16Array": [Function Int16Array],
        "Int32Array": [Function Int32Array],
        "Int8Array": [Function Int8Array],
        "IntersectionObserver": [Function IntersectionObserver],
        "IntersectionObserverEntry": [Function IntersectionObserverEntry],
        "Intl": {},
        "JSON": {},
        "KeyboardEvent": [Function KeyboardEvent],
        "Location": [Function Location],
        "Map": [Function Map],
        "Math": {},
        "MediaList": [Function MediaList],
        "MediaQueryListEvent": [Function MediaQueryListEvent],
        "MediaStream": [Function MediaStream],
        "MediaStreamEvent": [Function Event],
        "MediaStreamTrack": [Function MediaStreamTrack],
        "MessageEvent": [Function MessageEvent],
        "MessagePort": [Function MessagePort],
        "MimeType": [Function MimeType],
        "MimeTypeArray": [Function MimeTypeArray],
        "MouseEvent": [Function MouseEvent],
        "MutationEvent": [Function Event],
        "MutationObserver": [Function MutationObserver],
        "MutationRecord": [Function MutationRecord],
        "NamedNodeMap": [Function NamedNodeMap],
        "Navigator": [Function Navigator],
        "Node": [Function Node],
        "NodeFilter": {
          "FILTER_ACCEPT": 1,
          "FILTER_REJECT": 2,
          "FILTER_SKIP": 3,
          "SHOW_ALL": -1,
          "SHOW_ATTRIBUTE": 2,
          "SHOW_CDATA_SECTION": 8,
          "SHOW_COMMENT": 128,
          "SHOW_DOCUMENT": 256,
          "SHOW_DOCUMENT_FRAGMENT": 1024,
          "SHOW_DOCUMENT_TYPE": 512,
          "SHOW_ELEMENT": 1,
          "SHOW_ENTITY": 32,
          "SHOW_ENTITY_REFERENCE": 16,
          "SHOW_NOTATION": 2048,
          "SHOW_PROCESSING_INSTRUCTION": 64,
          "SHOW_TEXT": 4,
        },
        "NodeIterator": [Function NodeIterator],
        "NodeList": [Function NodeList],
        "Number": [Function Number],
        "Object": [Function Object],
        "OfflineAudioCompletionEvent": [Function Event],
        "OffscreenCanvas": [Function OffscreenCanvas],
        "OverconstrainedError": [Function Event],
        "PageTransitionEvent": [Function Event],
        "PaymentRequestUpdateEvent": [Function Event],
        "PerformanceEntry": [Function PerformanceEntry],
        "PerformanceObserver": [Function PerformanceObserver],
        "PerformanceObserverEntryList": [Function PerformanceObserverEntryList],
        "PermissionStatus": [Function PermissionStatus],
        "Permissions": [Function Permissions],
        "Plugin": [Function Plugin],
        "PluginArray": [Function PluginArray],
        "PointerEvent": [Function PointerEvent],
        "PopStateEvent": [Function PopStateEvent],
        "ProcessingInstruction": [Function ProcessingInstruction],
        "ProgressEvent": [Function ProgressEvent],
        "Promise": [Function Promise],
        "RTCDataChannelEvent": [Function Event],
        "RTCIdentityErrorEvent": [Function Event],
        "RTCIdentityEvent": [Function Event],
        "RTCPeerConnectionIceEvent": [Function Event],
        "RadioNodeList": [Function RadioNodeList],
        "Range": [Function Range],
        "RangeError": [Function RangeError],
        "ReadableStream": [Function ReadableStream],
        "ReferenceError": [Function ReferenceError],
        "Reflect": {},
        "RegExp": [Function RegExp],
        "RelatedEvent": [Function Event],
        "RemotePlayback": [Function RemotePlayback],
        "Request": [Function Request],
        "ResizeObserver": [Function ResizeObserver],
        "Response": [Function Response],
        "SVGAngle": [Function SVGAngle],
        "SVGAnimateElement": [Function SVGAnimateElement],
        "SVGAnimateMotionElement": [Function SVGAnimateMotionElement],
        "SVGAnimateTransformElement": [Function SVGAnimateTransformElement],
        "SVGAnimatedAngle": [Function SVGAnimatedAngle],
        "SVGAnimatedBoolean": [Function SVGAnimatedBoolean],
        "SVGAnimatedEnumeration": [Function SVGAnimatedEnumeration],
        "SVGAnimatedInteger": [Function SVGAnimatedInteger],
        "SVGAnimatedLength": [Function SVGAnimatedLength],
        "SVGAnimatedLengthList": [Function SVGAnimatedLengthList],
        "SVGAnimatedNumber": [Function SVGAnimatedNumber],
        "SVGAnimatedNumberList": [Function SVGAnimatedNumberList],
        "SVGAnimatedPreserveAspectRatio": [Function SVGAnimatedPreserveAspectRatio],
        "SVGAnimatedRect": [Function SVGAnimatedRect],
        "SVGAnimatedString": [Function SVGAnimatedString],
        "SVGAnimatedTransformList": [Function SVGAnimatedTransformList],
        "SVGAnimationElement": [Function SVGAnimationElement],
        "SVGCircleElement": [Function SVGCircleElement],
        "SVGClipPathElement": [Function SVGClipPathElement],
        "SVGComponentTransferFunctionElement": [Function SVGComponentTransferFunctionElement],
        "SVGDefsElement": [Function SVGDefsElement],
        "SVGDescElement": [Function SVGDescElement],
        "SVGElement": [Function SVGElement],
        "SVGEllipseElement": [Function SVGEllipseElement],
        "SVGEvent": [Function Event],
        "SVGFEBlendElement": [Function SVGFEBlendElement],
        "SVGFEColorMatrixElement": [Function SVGFEColorMatrixElement],
        "SVGFEComponentTransferElement": [Function SVGFEComponentTransferElement],
        "SVGFECompositeElement": [Function SVGFECompositeElement],
        "SVGFEConvolveMatrixElement": [Function SVGFEConvolveMatrixElement],
        "SVGFEDiffuseLightingElement": [Function SVGFEDiffuseLightingElement],
        "SVGFEDisplacementMapElement": [Function SVGFEDisplacementMapElement],
        "SVGFEDistantLightElement": [Function SVGFEDistantLightElement],
        "SVGFEDropShadowElement": [Function SVGFEDropShadowElement],
        "SVGFEFloodElement": [Function SVGFEFloodElement],
        "SVGFEFuncAElement": [Function SVGFEFuncAElement],
        "SVGFEFuncBElement": [Function SVGFEFuncBElement],
        "SVGFEFuncGElement": [Function SVGFEFuncGElement],
        "SVGFEFuncRElement": [Function SVGFEFuncRElement],
        "SVGFEGaussianBlurElement": [Function SVGFEGaussianBlurElement],
        "SVGFEImageElement": [Function SVGFEImageElement],
        "SVGFEMergeElement": [Function SVGFEMergeElement],
        "SVGFEMergeNodeElement": [Function SVGFEMergeNodeElement],
        "SVGFEMorphologyElement": [Function SVGFEMorphologyElement],
        "SVGFEOffsetElement": [Function SVGFEOffsetElement],
        "SVGFEPointLightElement": [Function SVGFEPointLightElement],
        "SVGFESpecularLightingElement": [Function SVGFESpecularLightingElement],
        "SVGFESpotLightElement": [Function SVGFESpotLightElement],
        "SVGFETileElement": [Function SVGFETileElement],
        "SVGFETurbulenceElement": [Function SVGFETurbulenceElement],
        "SVGFilterElement": [Function SVGFilterElement],
        "SVGForeignObjectElement": [Function SVGForeignObjectElement],
        "SVGGElement": [Function SVGGElement],
        "SVGGeometryElement": [Function SVGGeometryElement],
        "SVGGradientElement": [Function SVGGradientElement],
        "SVGGraphicsElement": [Function SVGGraphicsElement],
        "SVGImageElement": [Function SVGImageElement],
        "SVGLength": [Function SVGLength],
        "SVGLengthList": [Function SVGLengthList],
        "SVGLineElement": [Function SVGLineElement],
        "SVGLinearGradientElement": [Function SVGLinearGradientElement],
        "SVGMPathElement": [Function SVGMPathElement],
        "SVGMarkerElement": [Function SVGMarkerElement],
        "SVGMaskElement": [Function SVGMaskElement],
        "SVGMatrix": [Function SVGMatrix],
        "SVGMetadataElement": [Function SVGMetadataElement],
        "SVGNumber": [Function SVGNumber],
        "SVGNumberList": [Function SVGNumberList],
        "SVGPathElement": [Function SVGPathElement],
        "SVGPatternElement": [Function SVGPatternElement],
        "SVGPoint": [Function SVGPoint],
        "SVGPointList": [Function SVGPointList],
        "SVGPolygonElement": [Function SVGPolygonElement],
        "SVGPolylineElement": [Function SVGPolylineElement],
        "SVGPreserveAspectRatio": [Function SVGPreserveAspectRatio],
        "SVGRadialGradientElement": [Function SVGRadialGradientElement],
        "SVGRect": [Function SVGRect],
        "SVGRectElement": [Function SVGRectElement],
        "SVGSVGElement": [Function SVGSVGElement],
        "SVGScriptElement": [Function SVGScriptElement],
        "SVGSetElement": [Function SVGSetElement],
        "SVGStopElement": [Function SVGStopElement],
        "SVGStringList": [Function SVGStringList],
        "SVGStyleElement": [Function SVGStyleElement],
        "SVGSwitchElement": [Function SVGSwitchElement],
        "SVGSymbolElement": [Function SVGSymbolElement],
        "SVGTSpanElement": [Function SVGTSpanElement],
        "SVGTextElement": [Function SVGTextElement],
        "SVGTextPathElement": [Function SVGTextPathElement],
        "SVGTextPositioningElement": [Function SVGTextPositioningElement],
        "SVGTitleElement": [Function SVGTitleElement],
        "SVGTransform": [Function SVGTransform],
        "SVGTransformList": [Function SVGTransformList],
        "SVGUnitTypes": [Function SVGUnitTypes],
        "SVGUseElement": [Function SVGUseElement],
        "SVGViewElement": [Function SVGViewElement],
        "SVGZoomEvent": [Function Event],
        "Screen": [Function Screen],
        "ScreenDetailed": [Function ScreenDetailed],
        "ScreenDetails": [Function ScreenDetails],
        "Selection": [Function Selection],
        "SensorEvent": [Function Event],
        "Set": [Function Set],
        "ShadowRoot": [Function ShadowRoot],
        "Storage": [Function Storage],
        "StorageEvent": [Function StorageEvent],
        "String": [Function String],
        "StylePropertyMap": [Function StylePropertyMap],
        "StylePropertyMapReadOnly": [Function StylePropertyMapReadOnly],
        "SubmitEvent": [Function SubmitEvent],
        "Symbol": [Function Symbol],
        "SyntaxError": [Function SyntaxError],
        "Text": [Function Text],
        "TextDecoder": [Function TextDecoder],
        "TextEncoder": [Function TextEncoder],
        "TextEvent": [Function Event],
        "TextTrack": [Function TextTrack],
        "TextTrackCue": [Function TextTrackCue],
        "TextTrackCueList": [Function TextTrackCueList],
        "TextTrackList": [Function TextTrackList],
        "TimeEvent": [Function Event],
        "TimeRanges": [Function TimeRanges],
        "Touch": [Function Touch],
        "TouchEvent": [Function TouchEvent],
        "TrackEvent": [Function Event],
        "TransformStream": [Function Transform],
        "TransitionEvent": [Function Event],
        "TreeWalker": [Function TreeWalker],
        "TypeError": [Function TypeError],
        "UIEvent": [Function UIEvent],
        "URIError": [Function URIError],
        "URL": [Function URL],
        "URLSearchParams": [Function URLSearchParams],
        "Uint16Array": [Function Uint16Array],
        "Uint32Array": [Function Uint32Array],
        "Uint8Array": [Function Uint8Array],
        "Uint8ClampedArray": [Function Uint8ClampedArray],
        "UserProximityEvent": [Function Event],
        "VTTCue": [Function VTTCue],
        "ValidityState": [Function ValidityState],
        "WeakMap": [Function WeakMap],
        "WeakSet": [Function WeakSet],
        "WebGLContextEvent": [Function Event],
        "WebSocket": [Function WebSocket],
        "WheelEvent": [Function WheelEvent],
        "Window": [Function Window],
        "WritableStream": [Function Writable],
        "XMLDocument": [Function XMLDocument],
        "XMLHttpRequest": [Function XMLHttpRequest],
        "XMLHttpRequestEventTarget": [Function XMLHttpRequestEventTarget],
        "XMLHttpRequestUpload": [Function XMLHttpRequestUpload],
        "XMLSerializer": [Function XMLSerializer],
        "closed": false,
        "console": VirtualConsole {},
        "crypto": Crypto {},
        "customElements": CustomElementRegistry {
          Symbol(registry): Map {},
          Symbol(classRegistry): Map {},
          Symbol(callbacks): Map {},
          Symbol(destroyed): false,
        },
        "decodeURI": [Function decodeURI],
        "decodeURIComponent": [Function decodeURIComponent],
        "document": [Circular],
        "encodeURI": [Function encodeURI],
        "encodeURIComponent": [Function encodeURIComponent],
        "escape": [Function escape],
        "eval": [Function eval],
        "global": undefined,
        "globalThis": [Circular],
        "happyDOM": DetachedWindowAPI {},
        "isFinite": [Function isFinite],
        "isNaN": [Function isNaN],
        "name": "",
        "parseFloat": [Function parseFloat],
        "parseInt": [Function parseInt],
        "performance": Performance {
          Symbol(kEvents): undefined,
          Symbol(events.maxEventTargetListeners): 10,
          Symbol(events.maxEventTargetListenersWarned): false,
          Symbol(kHandlers): undefined,
          Symbol(performance): true,
        },
        "root": undefined,
        "screenLeft": 0,
        "screenTop": 0,
        "screenX": 0,
        "screenY": 0,
        "unescape": [Function unescape],
        "window": [Circular],
        Symbol(listeners): {
          "bubbling": Map {},
          "capturing": Map {},
        },
        Symbol(listenerOptions): {
          "bubbling": Map {},
          "capturing": Map {},
        },
        Symbol(mutationObservers): [],
        Symbol(readyStateManager): DocumentReadyStateManager {},
        Symbol(location): Location {
          Symbol(Symbol.toStringTag): "Location",
        },
        Symbol(history): History {},
        Symbol(navigator): Navigator {},
        Symbol(screen): Screen {
          "availHeight": 768,
          "availWidth": 1024,
          "colorDepth": 24,
          "height": 768,
          "onchange": null,
          "pixelDepth": 24,
          "width": 1024,
          Symbol(listeners): {
            "bubbling": Map {},
            "capturing": Map {},
          },
          Symbol(listenerOptions): {
            "bubbling": Map {},
            "capturing": Map {},
          },
        },
        Symbol(sessionStorage): Storage {},
        Symbol(localStorage): Storage {},
        Symbol(cookieStore): CookieStore {
          Symbol(listeners): {
            "bubbling": Map {},
            "capturing": Map {},
          },
          Symbol(listenerOptions): {
            "bubbling": Map {},
            "capturing": Map {},
          },
        },
        Symbol(self): [Circular],
        Symbol(top): [Circular],
        Symbol(parent): [Circular],
        Symbol(window): [Circular],
        Symbol(frames): [Circular],
        Symbol(internalId): 21,
        Symbol(customElementReactionStack): CustomElementReactionStack {
          "window": [Circular],
        },
        Symbol(modules): {
          "css": Map {},
          "esm": Map {},
          "json": Map {},
        },
        Symbol(moduleImportMap): null,
        Symbol(openWebSockets): [],
        Symbol(propertyEventListeners): Map {},
        Symbol(querySelectorCache): Map {},
      },
      Symbol(forms): null,
      Symbol(affectsComputedStyleCache): [],
      Symbol(elementIdMap): Map {},
      Symbol(contentType): "text/html",
      Symbol(xmlProcessingInstruction): null,
      Symbol(preloads): Map {},
      Symbol(propertyEventListeners): Map {},
      Symbol(selection): null,
    },
    Symbol(currentTarget): null,
    Symbol(isInPassiveEventListener): false,
    Symbol(detail): {
      "profile": null,
    },
  },
  CustomEvent {
    "AT_TARGET": 2,
    "BUBBLING_PHASE": 3,
    "CAPTURING_PHASE": 1,
    "NONE": 0,
    Symbol(composed): false,
    Symbol(bubbles): false,
    Symbol(cancelable): false,
    Symbol(defaultPrevented): false,
    Symbol(eventPhase): 0,
    Symbol(timeStamp): 7632.015427,
    Symbol(type): "sceneaxi:desktop-audio-invalidate",
    Symbol(dispatching): false,
    Symbol(immediatePropagationStopped): false,
    Symbol(propagationStopped): false,
    Symbol(target): HTMLDocument {
      Symbol(listeners): {
        "bubbling": Map {},
        "capturing": Map {},
      },
      Symbol(listenerOptions): {
        "bubbling": Map {},
        "capturing": Map {},
      },
      Symbol(isConnected): true,
      Symbol(parentNode): null,
      Symbol(rootNode): [Circular],
      Symbol(styleNode): null,
      Symbol(textAreaNode): null,
      Symbol(formNode): null,
      Symbol(selectNode): null,
      Symbol(mutationListeners): [],
      Symbol(nodeArray): [
        <html>
          <head />
          <body />
        </html>,
      ],
      Symbol(elementArray): [
        <html>
          <head />
          <body />
        </html>,
      ],
      Symbol(childNodes): null,
      Symbol(assignedToSlot): null,
      Symbol(cache): {
        "computedStyle": null,
        "elementById": Map {},
        "elementByTagName": Map {},
        "elementsByTagName": Map {},
        "elementsByTagNameNS": Map {},
        "matches": Map {},
        "querySelector": Map {},
        "querySelectorAll": Map {},
      },
      Symbol(affectsCache): [],
      Symbol(ownerDocument): null,
      Symbol(children): null,
      Symbol(activeElement): null,
      Symbol(nextActiveElement): null,
      Symbol(currentScript): null,
      Symbol(isFirstWrite): true,
      Symbol(isFirstWriteAfterOpen): false,
      Symbol(nodeType): 9,
      Symbol(adoptedStyleSheets): [],
      Symbol(implementation): DOMImplementation {},
      Symbol(readyState): "complete",
      Symbol(referrer): "",
      Symbol(defaultView): Window {
        "AbortController": [Function AbortController],
        "AbortSignal": [Function AbortSignal],
        "AnimationEvent": [Function AnimationEvent],
        "Array": [Function Array],
        "ArrayBuffer": [Function ArrayBuffer],
        "Attr": [Function Attr],
        "Audio": [Function Audio],
        "AudioProcessingEvent": [Function Event],
        "BeforeInputEvent": [Function Event],
        "BeforeUnloadEvent": [Function Event],
        "Blob": [Function Blob],
        "BlobEvent": [Function Event],
        "Boolean": [Function Boolean],
        "Buffer": [Function Buffer],
        "CSSConditionRule": [Function CSSConditionRule],
        "CSSContainerRule": [Function CSSContainerRule],
        "CSSFontFaceLoadEvent": [Function Event],
        "CSSFontFaceRule": [Function CSSFontFaceRule],
        "CSSGroupingRule": [Function CSSGroupingRule],
        "CSSKeyframeRule": [Function CSSKeyframeRule],
        "CSSKeyframesRule": [Function CSSKeyframesRule],
        "CSSKeywordValue": [Function CSSKeywordValue],
        "CSSMediaRule": [Function CSSMediaRule],
        "CSSRule": [Function CSSRule],
        "CSSScopeRule": [Function CSSScopeRule],
        "CSSStyleDeclaration": [Function CSSStyleDeclaration],
        "CSSStyleRule": [Function CSSStyleRule],
        "CSSStyleSheet": [Function CSSStyleSheet],
        "CSSStyleValue": [Function CSSStyleValue],
        "CSSSupportsRule": [Function CSSSupportsRule],
        "CSSUnitValue": [Function CSSUnitValue],
        "CanvasCaptureMediaStreamTrack": [Function CanvasCaptureMediaStreamTrack],
        "CharacterData": [Function CharacterData],
        "Clipboard": [Function Clipboard],
        "ClipboardEvent": [Function ClipboardEvent],
        "ClipboardItem": [Function ClipboardItem],
        "CloseEvent": [Function CloseEvent],
        "Comment": [Function Comment],
        "CompositionEvent": [Function Event],
        "CookieChangeEvent": [Function CookieChangeEvent],
        "CookieStore": [Function CookieStore],
        "CustomElementRegistry": [Function CustomElementRegistry],
        "CustomEvent": [Function CustomEvent],
        "DOMException": [Function DOMException],
        "DOMMatrix": [Function DOMMatrix],
        "DOMMatrixReadOnly": [Function DOMMatrixReadOnly],
        "DOMParser": [Function DOMParser],
        "DOMPoint": [Function DOMPoint],
        "DOMPointReadOnly": [Function DOMPointReadOnly],
        "DOMRect": [Function DOMRect],
        "DOMRectReadOnly": [Function DOMRectReadOnly],
        "DOMTransactionEvent": [Function Event],
        "DataTransfer": [Function DataTransfer],
        "DataTransferItem": [Function DataTransferItem],
        "DataTransferItemList": [Function DataTransferItemList],
        "DataView": [Function DataView],
        "Date": [Function Date],
        "DeviceLightEvent": [Function Event],
        "DeviceMotionEvent": [Function Event],
        "DeviceOrientationEvent": [Function Event],
        "DeviceProximityEvent": [Function Event],
        "Document": [Function Document],
        "DocumentFragment": [Function DocumentFragment],
        "DocumentType": [Function DocumentType],
        "DragEvent": [Function Event],
        "EditingBeforeInputEvent": [Function Event],
        "Element": [Function Element],
        "Error": [Function Error],
        "ErrorEvent": [Function ErrorEvent],
        "EvalError": [Function EvalError],
        "Event": [Function Event],
        "EventTarget": [Function EventTarget],
        "FetchEvent": [Function Event],
        "File": [Function File],
        "FileList": [Function FileList],
        "FileReader": [Function FileReader],
        "Float32Array": [Function Float32Array],
        "Float64Array": [Function Float64Array],
        "FocusEvent": [Function FocusEvent],
        "FormData": [Function FormData],
        "Function": [Function Function],
        "GLOBAL": undefined,
        "GamepadEvent": [Function Event],
        "HTMLAnchorElement": [Function HTMLAnchorElement],
        "HTMLAreaElement": [Function HTMLAreaElement],
        "HTMLAudioElement": [Function HTMLAudioElement],
        "HTMLBRElement": [Function HTMLBRElement],
        "HTMLBaseElement": [Function HTMLBaseElement],
        "HTMLBodyElement": [Function HTMLBodyElement],
        "HTMLButtonElement": [Function HTMLButtonElement],
        "HTMLCanvasElement": [Function HTMLCanvasElement],
        "HTMLCollection": [Function HTMLCollection],
        "HTMLDListElement": [Function HTMLDListElement],
        "HTMLDataElement": [Function HTMLDataElement],
        "HTMLDataListElement": [Function HTMLDataListElement],
        "HTMLDetailsElement": [Function HTMLDetailsElement],
        "HTMLDialogElement": [Function HTMLDialogElement],
        "HTMLDivElement": [Function HTMLDivElement],
        "HTMLDocument": [Function HTMLDocument],
        "HTMLElement": [Function HTMLElement],
        "HTMLEmbedElement": [Function HTMLEmbedElement],
        "HTMLFieldSetElement": [Function HTMLFieldSetElement],
        "HTMLFormControlCollection": [Function HTMLFormControlsCollection],
        "HTMLFormElement": [Function HTMLFormElement],
        "HTMLHRElement": [Function HTMLHRElement],
        "HTMLHeadElement": [Function HTMLHeadElement],
        "HTMLHeadingElement": [Function HTMLHeadingElement],
        "HTMLHtmlElement": [Function HTMLHtmlElement],
        "HTMLIFrameElement": [Function HTMLIFrameElement],
        "HTMLImageElement": [Function HTMLImageElement],
        "HTMLInputElement": [Function HTMLInputElement],
        "HTMLLIElement": [Function HTMLLIElement],
        "HTMLLabelElement": [Function HTMLLabelElement],
        "HTMLLegendElement": [Function HTMLLegendElement],
        "HTMLLinkElement": [Function HTMLLinkElement],
        "HTMLMapElement": [Function HTMLMapElement],
        "HTMLMediaElement": [Function HTMLMediaElement],
        "HTMLMenuElement": [Function HTMLMenuElement],
        "HTMLMetaElement": [Function HTMLMetaElement],
        "HTMLMeterElement": [Function HTMLMeterElement],
        "HTMLModElement": [Function HTMLModElement],
        "HTMLOListElement": [Function HTMLOListElement],
        "HTMLObjectElement": [Function HTMLObjectElement],
        "HTMLOptGroupElement": [Function HTMLOptGroupElement],
        "HTMLOptionElement": [Function HTMLOptionElement],
        "HTMLOptionsCollection": [Function HTMLOptionsCollection],
        "HTMLOutputElement": [Function HTMLOutputElement],
        "HTMLParagraphElement": [Function HTMLParagraphElement],
        "HTMLParamElement": [Function HTMLParamElement],
        "HTMLPictureElement": [Function HTMLPictureElement],
        "HTMLPreElement": [Function HTMLPreElement],
        "HTMLProgressElement": [Function HTMLProgressElement],
        "HTMLQuoteElement": [Function HTMLQuoteElement],
        "HTMLScriptElement": [Function HTMLScriptElement],
        "HTMLSelectElement": [Function HTMLSelectElement],
        "HTMLSlotElement": [Function HTMLSlotElement],
        "HTMLSourceElement": [Function HTMLSourceElement],
        "HTMLSpanElement": [Function HTMLSpanElement],
        "HTMLStyleElement": [Function HTMLStyleElement],
        "HTMLTableCaptionElement": [Function HTMLTableCaptionElement],
        "HTMLTableCellElement": [Function HTMLTableCellElement],
        "HTMLTableColElement": [Function HTMLTableColElement],
        "HTMLTableElement": [Function HTMLTableElement],
        "HTMLTableRowElement": [Function HTMLTableRowElement],
        "HTMLTableSectionElement": [Function HTMLTableSectionElement],
        "HTMLTemplateElement": [Function HTMLTemplateElement],
        "HTMLTextAreaElement": [Function HTMLTextAreaElement],
        "HTMLTimeElement": [Function HTMLTimeElement],
        "HTMLTitleElement": [Function HTMLTitleElement],
        "HTMLTrackElement": [Function HTMLTrackElement],
        "HTMLUListElement": [Function HTMLUListElement],
        "HTMLUnknownElement": [Function HTMLUnknownElement],
        "HTMLVideoElement": [Function HTMLVideoElement],
        "HashChangeEvent": [Function HashChangeEvent],
        "Headers": [Function Headers],
        "History": [Function History],
        "IDBVersionChangeEvent": [Function Event],
        "Image": [Function Image],
        "ImageBitmap": [Function ImageBitmap],
        "ImageData": [Function ImageData],
        "InputEvent": [Function InputEvent],
        "Int16Array": [Function Int16Array],
        "Int32Array": [Function Int32Array],
        "Int8Array": [Function Int8Array],
        "IntersectionObserver": [Function IntersectionObserver],
        "IntersectionObserverEntry": [Function IntersectionObserverEntry],
        "Intl": {},
        "JSON": {},
        "KeyboardEvent": [Function KeyboardEvent],
        "Location": [Function Location],
        "Map": [Function Map],
        "Math": {},
        "MediaList": [Function MediaList],
        "MediaQueryListEvent": [Function MediaQueryListEvent],
        "MediaStream": [Function MediaStream],
        "MediaStreamEvent": [Function Event],
        "MediaStreamTrack": [Function MediaStreamTrack],
        "MessageEvent": [Function MessageEvent],
        "MessagePort": [Function MessagePort],
        "MimeType": [Function MimeType],
        "MimeTypeArray": [Function MimeTypeArray],
        "MouseEvent": [Function MouseEvent],
        "MutationEvent": [Function Event],
        "MutationObserver": [Function MutationObserver],
        "MutationRecord": [Function MutationRecord],
        "NamedNodeMap": [Function NamedNodeMap],
        "Navigator": [Function Navigator],
        "Node": [Function Node],
        "NodeFilter": {
          "FILTER_ACCEPT": 1,
          "FILTER_REJECT": 2,
          "FILTER_SKIP": 3,
          "SHOW_ALL": -1,
          "SHOW_ATTRIBUTE": 2,
          "SHOW_CDATA_SECTION": 8,
          "SHOW_COMMENT": 128,
          "SHOW_DOCUMENT": 256,
          "SHOW_DOCUMENT_FRAGMENT": 1024,
          "SHOW_DOCUMENT_TYPE": 512,
          "SHOW_ELEMENT": 1,
          "SHOW_ENTITY": 32,
          "SHOW_ENTITY_REFERENCE": 16,
          "SHOW_NOTATION": 2048,
          "SHOW_PROCESSING_INSTRUCTION": 64,
          "SHOW_TEXT": 4,
        },
        "NodeIterator": [Function NodeIterator],
        "NodeList": [Function NodeList],
        "Number": [Function Number],
        "Object": [Function Object],
        "OfflineAudioCompletionEvent": [Function Event],
        "OffscreenCanvas": [Function OffscreenCanvas],
        "OverconstrainedError": [Function Event],
        "PageTransitionEvent": [Function Event],
        "PaymentRequestUpdateEvent": [Function Event],
        "PerformanceEntry": [Function PerformanceEntry],
        "PerformanceObserver": [Function PerformanceObserver],
        "PerformanceObserverEntryList": [Function PerformanceObserverEntryList],
        "PermissionStatus": [Function PermissionStatus],
        "Permissions": [Function Permissions],
        "Plugin": [Function Plugin],
        "PluginArray": [Function PluginArray],
        "PointerEvent": [Function PointerEvent],
        "PopStateEvent": [Function PopStateEvent],
        "ProcessingInstruction": [Function ProcessingInstruction],
        "ProgressEvent": [Function ProgressEvent],
        "Promise": [Function Promise],
        "RTCDataChannelEvent": [Function Event],
        "RTCIdentityErrorEvent": [Function Event],
        "RTCIdentityEvent": [Function Event],
        "RTCPeerConnectionIceEvent": [Function Event],
        "RadioNodeList": [Function RadioNodeList],
        "Range": [Function Range],
        "RangeError": [Function RangeError],
        "ReadableStream": [Function ReadableStream],
        "ReferenceError": [Function ReferenceError],
        "Reflect": {},
        "RegExp": [Function RegExp],
        "RelatedEvent": [Function Event],
        "RemotePlayback": [Function RemotePlayback],
        "Request": [Function Request],
        "ResizeObserver": [Function ResizeObserver],
        "Response": [Function Response],
        "SVGAngle": [Function SVGAngle],
        "SVGAnimateElement": [Function SVGAnimateElement],
        "SVGAnimateMotionElement": [Function SVGAnimateMotionElement],
        "SVGAnimateTransformElement": [Function SVGAnimateTransformElement],
        "SVGAnimatedAngle": [Function SVGAnimatedAngle],
        "SVGAnimatedBoolean": [Function SVGAnimatedBoolean],
        "SVGAnimatedEnumeration": [Function SVGAnimatedEnumeration],
        "SVGAnimatedInteger": [Function SVGAnimatedInteger],
        "SVGAnimatedLength": [Function SVGAnimatedLength],
        "SVGAnimatedLengthList": [Function SVGAnimatedLengthList],
        "SVGAnimatedNumber": [Function SVGAnimatedNumber],
        "SVGAnimatedNumberList": [Function SVGAnimatedNumberList],
        "SVGAnimatedPreserveAspectRatio": [Function SVGAnimatedPreserveAspectRatio],
        "SVGAnimatedRect": [Function SVGAnimatedRect],
        "SVGAnimatedString": [Function SVGAnimatedString],
        "SVGAnimatedTransformList": [Function SVGAnimatedTransformList],
        "SVGAnimationElement": [Function SVGAnimationElement],
        "SVGCircleElement": [Function SVGCircleElement],
        "SVGClipPathElement": [Function SVGClipPathElement],
        "SVGComponentTransferFunctionElement": [Function SVGComponentTransferFunctionElement],
        "SVGDefsElement": [Function SVGDefsElement],
        "SVGDescElement": [Function SVGDescElement],
        "SVGElement": [Function SVGElement],
        "SVGEllipseElement": [Function SVGEllipseElement],
        "SVGEvent": [Function Event],
        "SVGFEBlendElement": [Function SVGFEBlendElement],
        "SVGFEColorMatrixElement": [Function SVGFEColorMatrixElement],
        "SVGFEComponentTransferElement": [Function SVGFEComponentTransferElement],
        "SVGFECompositeElement": [Function SVGFECompositeElement],
        "SVGFEConvolveMatrixElement": [Function SVGFEConvolveMatrixElement],
        "SVGFEDiffuseLightingElement": [Function SVGFEDiffuseLightingElement],
        "SVGFEDisplacementMapElement": [Function SVGFEDisplacementMapElement],
        "SVGFEDistantLightElement": [Function SVGFEDistantLightElement],
        "SVGFEDropShadowElement": [Function SVGFEDropShadowElement],
        "SVGFEFloodElement": [Function SVGFEFloodElement],
        "SVGFEFuncAElement": [Function SVGFEFuncAElement],
        "SVGFEFuncBElement": [Function SVGFEFuncBElement],
        "SVGFEFuncGElement": [Function SVGFEFuncGElement],
        "SVGFEFuncRElement": [Function SVGFEFuncRElement],
        "SVGFEGaussianBlurElement": [Function SVGFEGaussianBlurElement],
        "SVGFEImageElement": [Function SVGFEImageElement],
        "SVGFEMergeElement": [Function SVGFEMergeElement],
        "SVGFEMergeNodeElement": [Function SVGFEMergeNodeElement],
        "SVGFEMorphologyElement": [Function SVGFEMorphologyElement],
        "SVGFEOffsetElement": [Function SVGFEOffsetElement],
        "SVGFEPointLightElement": [Function SVGFEPointLightElement],
        "SVGFESpecularLightingElement": [Function SVGFESpecularLightingElement],
        "SVGFESpotLightElement": [Function SVGFESpotLightElement],
        "SVGFETileElement": [Function SVGFETileElement],
        "SVGFETurbulenceElement": [Function SVGFETurbulenceElement],
        "SVGFilterElement": [Function SVGFilterElement],
        "SVGForeignObjectElement": [Function SVGForeignObjectElement],
        "SVGGElement": [Function SVGGElement],
        "SVGGeometryElement": [Function SVGGeometryElement],
        "SVGGradientElement": [Function SVGGradientElement],
        "SVGGraphicsElement": [Function SVGGraphicsElement],
        "SVGImageElement": [Function SVGImageElement],
        "SVGLength": [Function SVGLength],
        "SVGLengthList": [Function SVGLengthList],
        "SVGLineElement": [Function SVGLineElement],
        "SVGLinearGradientElement": [Function SVGLinearGradientElement],
        "SVGMPathElement": [Function SVGMPathElement],
        "SVGMarkerElement": [Function SVGMarkerElement],
        "SVGMaskElement": [Function SVGMaskElement],
        "SVGMatrix": [Function SVGMatrix],
        "SVGMetadataElement": [Function SVGMetadataElement],
        "SVGNumber": [Function SVGNumber],
        "SVGNumberList": [Function SVGNumberList],
        "SVGPathElement": [Function SVGPathElement],
        "SVGPatternElement": [Function SVGPatternElement],
        "SVGPoint": [Function SVGPoint],
        "SVGPointList": [Function SVGPointList],
        "SVGPolygonElement": [Function SVGPolygonElement],
        "SVGPolylineElement": [Function SVGPolylineElement],
        "SVGPreserveAspectRatio": [Function SVGPreserveAspectRatio],
        "SVGRadialGradientElement": [Function SVGRadialGradientElement],
        "SVGRect": [Function SVGRect],
        "SVGRectElement": [Function SVGRectElement],
        "SVGSVGElement": [Function SVGSVGElement],
        "SVGScriptElement": [Function SVGScriptElement],
        "SVGSetElement": [Function SVGSetElement],
        "SVGStopElement": [Function SVGStopElement],
        "SVGStringList": [Function SVGStringList],
        "SVGStyleElement": [Function SVGStyleElement],
        "SVGSwitchElement": [Function SVGSwitchElement],
        "SVGSymbolElement": [Function SVGSymbolElement],
        "SVGTSpanElement": [Function SVGTSpanElement],
        "SVGTextElement": [Function SVGTextElement],
        "SVGTextPathElement": [Function SVGTextPathElement],
        "SVGTextPositioningElement": [Function SVGTextPositioningElement],
        "SVGTitleElement": [Function SVGTitleElement],
        "SVGTransform": [Function SVGTransform],
        "SVGTransformList": [Function SVGTransformList],
        "SVGUnitTypes": [Function SVGUnitTypes],
        "SVGUseElement": [Function SVGUseElement],
        "SVGViewElement": [Function SVGViewElement],
        "SVGZoomEvent": [Function Event],
        "Screen": [Function Screen],
        "ScreenDetailed": [Function ScreenDetailed],
        "ScreenDetails": [Function ScreenDetails],
        "Selection": [Function Selection],
        "SensorEvent": [Function Event],
        "Set": [Function Set],
        "ShadowRoot": [Function ShadowRoot],
        "Storage": [Function Storage],
        "StorageEvent": [Function StorageEvent],
        "String": [Function String],
        "StylePropertyMap": [Function StylePropertyMap],
        "StylePropertyMapReadOnly": [Function StylePropertyMapReadOnly],
        "SubmitEvent": [Function SubmitEvent],
        "Symbol": [Function Symbol],
        "SyntaxError": [Function SyntaxError],
        "Text": [Function Text],
        "TextDecoder": [Function TextDecoder],
        "TextEncoder": [Function TextEncoder],
        "TextEvent": [Function Event],
        "TextTrack": [Function TextTrack],
        "TextTrackCue": [Function TextTrackCue],
        "TextTrackCueList": [Function TextTrackCueList],
        "TextTrackList": [Function TextTrackList],
        "TimeEvent": [Function Event],
        "TimeRanges": [Function TimeRanges],
        "Touch": [Function Touch],
        "TouchEvent": [Function TouchEvent],
        "TrackEvent": [Function Event],
        "TransformStream": [Function Transform],
        "TransitionEvent": [Function Event],
        "TreeWalker": [Function TreeWalker],
        "TypeError": [Function TypeError],
        "UIEvent": [Function UIEvent],
        "URIError": [Function URIError],
        "URL": [Function URL],
        "URLSearchParams": [Function URLSearchParams],
        "Uint16Array": [Function Uint16Array],
        "Uint32Array": [Function Uint32Array],
        "Uint8Array": [Function Uint8Array],
        "Uint8ClampedArray": [Function Uint8ClampedArray],
        "UserProximityEvent": [Function Event],
        "VTTCue": [Function VTTCue],
        "ValidityState": [Function ValidityState],
        "WeakMap": [Function WeakMap],
        "WeakSet": [Function WeakSet],
        "WebGLContextEvent": [Function Event],
        "WebSocket": [Function WebSocket],
        "WheelEvent": [Function WheelEvent],
        "Window": [Function Window],
        "WritableStream": [Function Writable],
        "XMLDocument": [Function XMLDocument],
        "XMLHttpRequest": [Function XMLHttpRequest],
        "XMLHttpRequestEventTarget": [Function XMLHttpRequestEventTarget],
        "XMLHttpRequestUpload": [Function XMLHttpRequestUpload],
        "XMLSerializer": [Function XMLSerializer],
        "closed": false,
        "console": VirtualConsole {},
        "crypto": Crypto {},
        "customElements": CustomElementRegistry {
          Symbol(registry): Map {},
          Symbol(classRegistry): Map {},
          Symbol(callbacks): Map {},
          Symbol(destroyed): false,
        },
        "decodeURI": [Function decodeURI],
        "decodeURIComponent": [Function decodeURIComponent],
        "document": [Circular],
        "encodeURI": [Function encodeURI],
        "encodeURIComponent": [Function encodeURIComponent],
        "escape": [Function escape],
        "eval": [Function eval],
        "global": undefined,
        "globalThis": [Circular],
        "happyDOM": DetachedWindowAPI {},
        "isFinite": [Function isFinite],
        "isNaN": [Function isNaN],
        "name": "",
        "parseFloat": [Function parseFloat],
        "parseInt": [Function parseInt],
        "performance": Performance {
          Symbol(kEvents): undefined,
          Symbol(events.maxEventTargetListeners): 10,
          Symbol(events.maxEventTargetListenersWarned): false,
          Symbol(kHandlers): undefined,
          Symbol(performance): true,
        },
        "root": undefined,
        "screenLeft": 0,
        "screenTop": 0,
        "screenX": 0,
        "screenY": 0,
        "unescape": [Function unescape],
        "window": [Circular],
        Symbol(listeners): {
          "bubbling": Map {},
          "capturing": Map {},
        },
        Symbol(listenerOptions): {
          "bubbling": Map {},
          "capturing": Map {},
        },
        Symbol(mutationObservers): [],
        Symbol(readyStateManager): DocumentReadyStateManager {},
        Symbol(location): Location {
          Symbol(Symbol.toStringTag): "Location",
        },
        Symbol(history): History {},
        Symbol(navigator): Navigator {},
        Symbol(screen): Screen {
          "availHeight": 768,
          "availWidth": 1024,
          "colorDepth": 24,
          "height": 768,
          "onchange": null,
          "pixelDepth": 24,
          "width": 1024,
          Symbol(listeners): {
            "bubbling": Map {},
            "capturing": Map {},
          },
          Symbol(listenerOptions): {
            "bubbling": Map {},
            "capturing": Map {},
          },
        },
        Symbol(sessionStorage): Storage {},
        Symbol(localStorage): Storage {},
        Symbol(cookieStore): CookieStore {
          Symbol(listeners): {
            "bubbling": Map {},
            "capturing": Map {},
          },
          Symbol(listenerOptions): {
            "bubbling": Map {},
            "capturing": Map {},
          },
        },
        Symbol(self): [Circular],
        Symbol(top): [Circular],
        Symbol(parent): [Circular],
        Symbol(window): [Circular],
        Symbol(frames): [Circular],
        Symbol(internalId): 21,
        Symbol(customElementReactionStack): CustomElementReactionStack {
          "window": [Circular],
        },
        Symbol(modules): {
          "css": Map {},
          "esm": Map {},
          "json": Map {},
        },
        Symbol(moduleImportMap): null,
        Symbol(openWebSockets): [],
        Symbol(propertyEventListeners): Map {},
        Symbol(querySelectorCache): Map {},
      },
      Symbol(forms): null,
      Symbol(affectsComputedStyleCache): [],
      Symbol(elementIdMap): Map {},
      Symbol(contentType): "text/html",
      Symbol(xmlProcessingInstruction): null,
      Symbol(preloads): Map {},
      Symbol(propertyEventListeners): Map {},
      Symbol(selection): null,
    },
    Symbol(currentTarget): null,
    Symbol(isInPassiveEventListener): false,
    Symbol(detail): {
      "profile": null,
    },
  },
  CustomEvent {
    "AT_TARGET": 2,
    "BUBBLING_PHASE": 3,
    "CAPTURING_PHASE": 1,
    "NONE": 0,
    Symbol(composed): false,
    Symbol(bubbles): false,
    Symbol(cancelable): false,
    Symbol(defaultPrevented): false,
    Symbol(eventPhase): 0,
    Symbol(timeStamp): 7680.696927,
    Symbol(type): "sceneaxi:desktop-viewport-play",
    Symbol(dispatching): false,
    Symbol(immediatePropagationStopped): false,
    Symbol(propagationStopped): false,
    Symbol(target): HTMLDocument {
      Symbol(listeners): {
        "bubbling": Map {},
        "capturing": Map {},
      },
      Symbol(listenerOptions): {
        "bubbling": Map {},
        "capturing": Map {},
      },
      Symbol(isConnected): true,
      Symbol(parentNode): null,
      Symbol(rootNode): [Circular],
      Symbol(styleNode): null,
      Symbol(textAreaNode): null,
      Symbol(formNode): null,
      Symbol(selectNode): null,
      Symbol(mutationListeners): [],
      Symbol(nodeArray): [
        <html>
          <head />
          <body />
        </html>,
      ],
      Symbol(elementArray): [
        <html>
          <head />
          <body />
        </html>,
      ],
      Symbol(childNodes): null,
      Symbol(assignedToSlot): null,
      Symbol(cache): {
        "computedStyle": null,
        "elementById": Map {},
        "elementByTagName": Map {},
        "elementsByTagName": Map {},
        "elementsByTagNameNS": Map {},
        "matches": Map {},
        "querySelector": Map {},
        "querySelectorAll": Map {},
      },
      Symbol(affectsCache): [],
      Symbol(ownerDocument): null,
      Symbol(children): null,
      Symbol(activeElement): null,
      Symbol(nextActiveElement): null,
      Symbol(currentScript): null,
      Symbol(isFirstWrite): true,
      Symbol(isFirstWriteAfterOpen): false,
      Symbol(nodeType): 9,
      Symbol(adoptedStyleSheets): [],
      Symbol(implementation): DOMImplementation {},
      Symbol(readyState): "complete",
      Symbol(referrer): "",
      Symbol(defaultView): Window {
        "AbortController": [Function AbortController],
        "AbortSignal": [Function AbortSignal],
        "AnimationEvent": [Function AnimationEvent],
        "Array": [Function Array],
        "ArrayBuffer": [Function ArrayBuffer],
        "Attr": [Function Attr],
        "Audio": [Function Audio],
        "AudioProcessingEvent": [Function Event],
        "BeforeInputEvent": [Function Event],
        "BeforeUnloadEvent": [Function Event],
        "Blob": [Function Blob],
        "BlobEvent": [Function Event],
        "Boolean": [Function Boolean],
        "Buffer": [Function Buffer],
        "CSSConditionRule": [Function CSSConditionRule],
        "CSSContainerRule": [Function CSSContainerRule],
        "CSSFontFaceLoadEvent": [Function Event],
        "CSSFontFaceRule": [Function CSSFontFaceRule],
        "CSSGroupingRule": [Function CSSGroupingRule],
        "CSSKeyframeRule": [Function CSSKeyframeRule],
        "CSSKeyframesRule": [Function CSSKeyframesRule],
        "CSSKeywordValue": [Function CSSKeywordValue],
        "CSSMediaRule": [Function CSSMediaRule],
        "CSSRule": [Function CSSRule],
        "CSSScopeRule": [Function CSSScopeRule],
        "CSSStyleDeclaration": [Function CSSStyleDeclaration],
        "CSSStyleRule": [Function CSSStyleRule],
        "CSSStyleSheet": [Function CSSStyleSheet],
        "CSSStyleValue": [Function CSSStyleValue],
        "CSSSupportsRule": [Function CSSSupportsRule],
        "CSSUnitValue": [Function CSSUnitValue],
        "CanvasCaptureMediaStreamTrack": [Function CanvasCaptureMediaStreamTrack],
        "CharacterData": [Function CharacterData],
        "Clipboard": [Function Clipboard],
        "ClipboardEvent": [Function ClipboardEvent],
        "ClipboardItem": [Function ClipboardItem],
        "CloseEvent": [Function CloseEvent],
        "Comment": [Function Comment],
        "CompositionEvent": [Function Event],
        "CookieChangeEvent": [Function CookieChangeEvent],
        "CookieStore": [Function CookieStore],
        "CustomElementRegistry": [Function CustomElementRegistry],
        "CustomEvent": [Function CustomEvent],
        "DOMException": [Function DOMException],
        "DOMMatrix": [Function DOMMatrix],
        "DOMMatrixReadOnly": [Function DOMMatrixReadOnly],
        "DOMParser": [Function DOMParser],
        "DOMPoint": [Function DOMPoint],
        "DOMPointReadOnly": [Function DOMPointReadOnly],
        "DOMRect": [Function DOMRect],
        "DOMRectReadOnly": [Function DOMRectReadOnly],
        "DOMTransactionEvent": [Function Event],
        "DataTransfer": [Function DataTransfer],
        "DataTransferItem": [Function DataTransferItem],
        "DataTransferItemList": [Function DataTransferItemList],
        "DataView": [Function DataView],
        "Date": [Function Date],
        "DeviceLightEvent": [Function Event],
        "DeviceMotionEvent": [Function Event],
        "DeviceOrientationEvent": [Function Event],
        "DeviceProximityEvent": [Function Event],
        "Document": [Function Document],
        "DocumentFragment": [Function DocumentFragment],
        "DocumentType": [Function DocumentType],
        "DragEvent": [Function Event],
        "EditingBeforeInputEvent": [Function Event],
        "Element": [Function Element],
        "Error": [Function Error],
        "ErrorEvent": [Function ErrorEvent],
        "EvalError": [Function EvalError],
        "Event": [Function Event],
        "EventTarget": [Function EventTarget],
        "FetchEvent": [Function Event],
        "File": [Function File],
        "FileList": [Function FileList],
        "FileReader": [Function FileReader],
        "Float32Array": [Function Float32Array],
        "Float64Array": [Function Float64Array],
        "FocusEvent": [Function FocusEvent],
        "FormData": [Function FormData],
        "Function": [Function Function],
        "GLOBAL": undefined,
        "GamepadEvent": [Function Event],
        "HTMLAnchorElement": [Function HTMLAnchorElement],
        "HTMLAreaElement": [Function HTMLAreaElement],
        "HTMLAudioElement": [Function HTMLAudioElement],
        "HTMLBRElement": [Function HTMLBRElement],
        "HTMLBaseElement": [Function HTMLBaseElement],
        "HTMLBodyElement": [Function HTMLBodyElement],
        "HTMLButtonElement": [Function HTMLButtonElement],
        "HTMLCanvasElement": [Function HTMLCanvasElement],
        "HTMLCollection": [Function HTMLCollection],
        "HTMLDListElement": [Function HTMLDListElement],
        "HTMLDataElement": [Function HTMLDataElement],
        "HTMLDataListElement": [Function HTMLDataListElement],
        "HTMLDetailsElement": [Function HTMLDetailsElement],
        "HTMLDialogElement": [Function HTMLDialogElement],
        "HTMLDivElement": [Function HTMLDivElement],
        "HTMLDocument": [Function HTMLDocument],
        "HTMLElement": [Function HTMLElement],
        "HTMLEmbedElement": [Function HTMLEmbedElement],
        "HTMLFieldSetElement": [Function HTMLFieldSetElement],
        "HTMLFormControlCollection": [Function HTMLFormControlsCollection],
        "HTMLFormElement": [Function HTMLFormElement],
        "HTMLHRElement": [Function HTMLHRElement],
        "HTMLHeadElement": [Function HTMLHeadElement],
        "HTMLHeadingElement": [Function HTMLHeadingElement],
        "HTMLHtmlElement": [Function HTMLHtmlElement],
        "HTMLIFrameElement": [Function HTMLIFrameElement],
        "HTMLImageElement": [Function HTMLImageElement],
        "HTMLInputElement": [Function HTMLInputElement],
        "HTMLLIElement": [Function HTMLLIElement],
        "HTMLLabelElement": [Function HTMLLabelElement],
        "HTMLLegendElement": [Function HTMLLegendElement],
        "HTMLLinkElement": [Function HTMLLinkElement],
        "HTMLMapElement": [Function HTMLMapElement],
        "HTMLMediaElement": [Function HTMLMediaElement],
        "HTMLMenuElement": [Function HTMLMenuElement],
        "HTMLMetaElement": [Function HTMLMetaElement],
        "HTMLMeterElement": [Function HTMLMeterElement],
        "HTMLModElement": [Function HTMLModElement],
        "HTMLOListElement": [Function HTMLOListElement],
        "HTMLObjectElement": [Function HTMLObjectElement],
        "HTMLOptGroupElement": [Function HTMLOptGroupElement],
        "HTMLOptionElement": [Function HTMLOptionElement],
        "HTMLOptionsCollection": [Function HTMLOptionsCollection],
        "HTMLOutputElement": [Function HTMLOutputElement],
        "HTMLParagraphElement": [Function HTMLParagraphElement],
        "HTMLParamElement": [Function HTMLParamElement],
        "HTMLPictureElement": [Function HTMLPictureElement],
        "HTMLPreElement": [Function HTMLPreElement],
        "HTMLProgressElement": [Function HTMLProgressElement],
        "HTMLQuoteElement": [Function HTMLQuoteElement],
        "HTMLScriptElement": [Function HTMLScriptElement],
        "HTMLSelectElement": [Function HTMLSelectElement],
        "HTMLSlotElement": [Function HTMLSlotElement],
        "HTMLSourceElement": [Function HTMLSourceElement],
        "HTMLSpanElement": [Function HTMLSpanElement],
        "HTMLStyleElement": [Function HTMLStyleElement],
        "HTMLTableCaptionElement": [Function HTMLTableCaptionElement],
        "HTMLTableCellElement": [Function HTMLTableCellElement],
        "HTMLTableColElement": [Function HTMLTableColElement],
        "HTMLTableElement": [Function HTMLTableElement],
        "HTMLTableRowElement": [Function HTMLTableRowElement],
        "HTMLTableSectionElement": [Function HTMLTableSectionElement],
        "HTMLTemplateElement": [Function HTMLTemplateElement],
        "HTMLTextAreaElement": [Function HTMLTextAreaElement],
        "HTMLTimeElement": [Function HTMLTimeElement],
        "HTMLTitleElement": [Function HTMLTitleElement],
        "HTMLTrackElement": [Function HTMLTrackElement],
        "HTMLUListElement": [Function HTMLUListElement],
        "HTMLUnknownElement": [Function HTMLUnknownElement],
        "HTMLVideoElement": [Function HTMLVideoElement],
        "HashChangeEvent": [Function HashChangeEvent],
        "Headers": [Function Headers],
        "History": [Function History],
        "IDBVersionChangeEvent": [Function Event],
        "Image": [Function Image],
        "ImageBitmap": [Function ImageBitmap],
        "ImageData": [Function ImageData],
        "InputEvent": [Function InputEvent],
        "Int16Array": [Function Int16Array],
        "Int32Array": [Function Int32Array],
        "Int8Array": [Function Int8Array],
        "IntersectionObserver": [Function IntersectionObserver],
        "IntersectionObserverEntry": [Function IntersectionObserverEntry],
        "Intl": {},
        "JSON": {},
        "KeyboardEvent": [Function KeyboardEvent],
        "Location": [Function Location],
        "Map": [Function Map],
        "Math": {},
        "MediaList": [Function MediaList],
        "MediaQueryListEvent": [Function MediaQueryListEvent],
        "MediaStream": [Function MediaStream],
        "MediaStreamEvent": [Function Event],
        "MediaStreamTrack": [Function MediaStreamTrack],
        "MessageEvent": [Function MessageEvent],
        "MessagePort": [Function MessagePort],
        "MimeType": [Function MimeType],
        "MimeTypeArray": [Function MimeTypeArray],
        "MouseEvent": [Function MouseEvent],
        "MutationEvent": [Function Event],
        "MutationObserver": [Function MutationObserver],
        "MutationRecord": [Function MutationRecord],
        "NamedNodeMap": [Function NamedNodeMap],
        "Navigator": [Function Navigator],
        "Node": [Function Node],
        "NodeFilter": {
          "FILTER_ACCEPT": 1,
          "FILTER_REJECT": 2,
          "FILTER_SKIP": 3,
          "SHOW_ALL": -1,
          "SHOW_ATTRIBUTE": 2,
          "SHOW_CDATA_SECTION": 8,
          "SHOW_COMMENT": 128,
          "SHOW_DOCUMENT": 256,
          "SHOW_DOCUMENT_FRAGMENT": 1024,
          "SHOW_DOCUMENT_TYPE": 512,
          "SHOW_ELEMENT": 1,
          "SHOW_ENTITY": 32,
          "SHOW_ENTITY_REFERENCE": 16,
          "SHOW_NOTATION": 2048,
          "SHOW_PROCESSING_INSTRUCTION": 64,
          "SHOW_TEXT": 4,
        },
        "NodeIterator": [Function NodeIterator],
        "NodeList": [Function NodeList],
        "Number": [Function Number],
        "Object": [Function Object],
        "OfflineAudioCompletionEvent": [Function Event],
        "OffscreenCanvas": [Function OffscreenCanvas],
        "OverconstrainedError": [Function Event],
        "PageTransitionEvent": [Function Event],
        "PaymentRequestUpdateEvent": [Function Event],
        "PerformanceEntry": [Function PerformanceEntry],
        "PerformanceObserver": [Function PerformanceObserver],
        "PerformanceObserverEntryList": [Function PerformanceObserverEntryList],
        "PermissionStatus": [Function PermissionStatus],
        "Permissions": [Function Permissions],
        "Plugin": [Function Plugin],
        "PluginArray": [Function PluginArray],
        "PointerEvent": [Function PointerEvent],
        "PopStateEvent": [Function PopStateEvent],
        "ProcessingInstruction": [Function ProcessingInstruction],
        "ProgressEvent": [Function ProgressEvent],
        "Promise": [Function Promise],
        "RTCDataChannelEvent": [Function Event],
        "RTCIdentityErrorEvent": [Function Event],
        "RTCIdentityEvent": [Function Event],
        "RTCPeerConnectionIceEvent": [Function Event],
        "RadioNodeList": [Function RadioNodeList],
        "Range": [Function Range],
        "RangeError": [Function RangeError],
        "ReadableStream": [Function ReadableStream],
        "ReferenceError": [Function ReferenceError],
        "Reflect": {},
        "RegExp": [Function RegExp],
        "RelatedEvent": [Function Event],
        "RemotePlayback": [Function RemotePlayback],
        "Request": [Function Request],
        "ResizeObserver": [Function ResizeObserver],
        "Response": [Function Response],
        "SVGAngle": [Function SVGAngle],
        "SVGAnimateElement": [Function SVGAnimateElement],
        "SVGAnimateMotionElement": [Function SVGAnimateMotionElement],
        "SVGAnimateTransformElement": [Function SVGAnimateTransformElement],
        "SVGAnimatedAngle": [Function SVGAnimatedAngle],
        "SVGAnimatedBoolean": [Function SVGAnimatedBoolean],
        "SVGAnimatedEnumeration": [Function SVGAnimatedEnumeration],
        "SVGAnimatedInteger": [Function SVGAnimatedInteger],
        "SVGAnimatedLength": [Function SVGAnimatedLength],
        "SVGAnimatedLengthList": [Function SVGAnimatedLengthList],
        "SVGAnimatedNumber": [Function SVGAnimatedNumber],
        "SVGAnimatedNumberList": [Function SVGAnimatedNumberList],
        "SVGAnimatedPreserveAspectRatio": [Function SVGAnimatedPreserveAspectRatio],
        "SVGAnimatedRect": [Function SVGAnimatedRect],
        "SVGAnimatedString": [Function SVGAnimatedString],
        "SVGAnimatedTransformList": [Function SVGAnimatedTransformList],
        "SVGAnimationElement": [Function SVGAnimationElement],
        "SVGCircleElement": [Function SVGCircleElement],
        "SVGClipPathElement": [Function SVGClipPathElement],
        "SVGComponentTransferFunctionElement": [Function SVGComponentTransferFunctionElement],
        "SVGDefsElement": [Function SVGDefsElement],
        "SVGDescElement": [Function SVGDescElement],
        "SVGElement": [Function SVGElement],
        "SVGEllipseElement": [Function SVGEllipseElement],
        "SVGEvent": [Function Event],
        "SVGFEBlendElement": [Function SVGFEBlendElement],
        "SVGFEColorMatrixElement": [Function SVGFEColorMatrixElement],
        "SVGFEComponentTransferElement": [Function SVGFEComponentTransferElement],
        "SVGFECompositeElement": [Function SVGFECompositeElement],
        "SVGFEConvolveMatrixElement": [Function SVGFEConvolveMatrixElement],
        "SVGFEDiffuseLightingElement": [Function SVGFEDiffuseLightingElement],
        "SVGFEDisplacementMapElement": [Function SVGFEDisplacementMapElement],
        "SVGFEDistantLightElement": [Function SVGFEDistantLightElement],
        "SVGFEDropShadowElement": [Function SVGFEDropShadowElement],
        "SVGFEFloodElement": [Function SVGFEFloodElement],
        "SVGFEFuncAElement": [Function SVGFEFuncAElement],
        "SVGFEFuncBElement": [Function SVGFEFuncBElement],
        "SVGFEFuncGElement": [Function SVGFEFuncGElement],
        "SVGFEFuncRElement": [Function SVGFEFuncRElement],
        "SVGFEGaussianBlurElement": [Function SVGFEGaussianBlurElement],
        "SVGFEImageElement": [Function SVGFEImageElement],
        "SVGFEMergeElement": [Function SVGFEMergeElement],
        "SVGFEMergeNodeElement": [Function SVGFEMergeNodeElement],
        "SVGFEMorphologyElement": [Function SVGFEMorphologyElement],
        "SVGFEOffsetElement": [Function SVGFEOffsetElement],
        "SVGFEPointLightElement": [Function SVGFEPointLightElement],
        "SVGFESpecularLightingElement": [Function SVGFESpecularLightingElement],
        "SVGFESpotLightElement": [Function SVGFESpotLightElement],
        "SVGFETileElement": [Function SVGFETileElement],
        "SVGFETurbulenceElement": [Function SVGFETurbulenceElement],
        "SVGFilterElement": [Function SVGFilterElement],
        "SVGForeignObjectElement": [Function SVGForeignObjectElement],
        "SVGGElement": [Function SVGGElement],
        "SVGGeometryElement": [Function SVGGeometryElement],
        "SVGGradientElement": [Function SVGGradientElement],
        "SVGGraphicsElement": [Function SVGGraphicsElement],
        "SVGImageElement": [Function SVGImageElement],
        "SVGLength": [Function SVGLength],
        "SVGLengthList": [Function SVGLengthList],
        "SVGLineElement": [Function SVGLineElement],
        "SVGLinearGradientElement": [Function SVGLinearGradientElement],
        "SVGMPathElement": [Function SVGMPathElement],
        "SVGMarkerElement": [Function SVGMarkerElement],
        "SVGMaskElement": [Function SVGMaskElement],
        "SVGMatrix": [Function SVGMatrix],
        "SVGMetadataElement": [Function SVGMetadataElement],
        "SVGNumber": [Function SVGNumber],
        "SVGNumberList": [Function SVGNumberList],
        "SVGPathElement": [Function SVGPathElement],
        "SVGPatternElement": [Function SVGPatternElement],
        "SVGPoint": [Function SVGPoint],
        "SVGPointList": [Function SVGPointList],
        "SVGPolygonElement": [Function SVGPolygonElement],
        "SVGPolylineElement": [Function SVGPolylineElement],
        "SVGPreserveAspectRatio": [Function SVGPreserveAspectRatio],
        "SVGRadialGradientElement": [Function SVGRadialGradientElement],
        "SVGRect": [Function SVGRect],
        "SVGRectElement": [Function SVGRectElement],
        "SVGSVGElement": [Function SVGSVGElement],
        "SVGScriptElement": [Function SVGScriptElement],
        "SVGSetElement": [Function SVGSetElement],
        "SVGStopElement": [Function SVGStopElement],
        "SVGStringList": [Function SVGStringList],
        "SVGStyleElement": [Function SVGStyleElement],
        "SVGSwitchElement": [Function SVGSwitchElement],
        "SVGSymbolElement": [Function SVGSymbolElement],
        "SVGTSpanElement": [Function SVGTSpanElement],
        "SVGTextElement": [Function SVGTextElement],
        "SVGTextPathElement": [Function SVGTextPathElement],
        "SVGTextPositioningElement": [Function SVGTextPositioningElement],
        "SVGTitleElement": [Function SVGTitleElement],
        "SVGTransform": [Function SVGTransform],
        "SVGTransformList": [Function SVGTransformList],
        "SVGUnitTypes": [Function SVGUnitTypes],
        "SVGUseElement": [Function SVGUseElement],
        "SVGViewElement": [Function SVGViewElement],
        "SVGZoomEvent": [Function Event],
        "Screen": [Function Screen],
        "ScreenDetailed": [Function ScreenDetailed],
        "ScreenDetails": [Function ScreenDetails],
        "Selection": [Function Selection],
        "SensorEvent": [Function Event],
        "Set": [Function Set],
        "ShadowRoot": [Function ShadowRoot],
        "Storage": [Function Storage],
        "StorageEvent": [Function StorageEvent],
        "String": [Function String],
        "StylePropertyMap": [Function StylePropertyMap],
        "StylePropertyMapReadOnly": [Function StylePropertyMapReadOnly],
        "SubmitEvent": [Function SubmitEvent],
        "Symbol": [Function Symbol],
        "SyntaxError": [Function SyntaxError],
        "Text": [Function Text],
        "TextDecoder": [Function TextDecoder],
        "TextEncoder": [Function TextEncoder],
        "TextEvent": [Function Event],
        "TextTrack": [Function TextTrack],
        "TextTrackCue": [Function TextTrackCue],
        "TextTrackCueList": [Function TextTrackCueList],
        "TextTrackList": [Function TextTrackList],
        "TimeEvent": [Function Event],
        "TimeRanges": [Function TimeRanges],
        "Touch": [Function Touch],
        "TouchEvent": [Function TouchEvent],
        "TrackEvent": [Function Event],
        "TransformStream": [Function Transform],
        "TransitionEvent": [Function Event],
        "TreeWalker": [Function TreeWalker],
        "TypeError": [Function TypeError],
        "UIEvent": [Function UIEvent],
        "URIError": [Function URIError],
        "URL": [Function URL],
        "URLSearchParams": [Function URLSearchParams],
        "Uint16Array": [Function Uint16Array],
        "Uint32Array": [Function Uint32Array],
        "Uint8Array": [Function Uint8Array],
        "Uint8ClampedArray": [Function Uint8ClampedArray],
        "UserProximityEvent": [Function Event],
        "VTTCue": [Function VTTCue],
        "ValidityState": [Function ValidityState],
        "WeakMap": [Function WeakMap],
        "WeakSet": [Functi...

[36m [2m❯[22m tests/e2e/desktop-linux-bridge-golden.test.ts:[2m2397:30[22m[39m
    [90m2395|[39m     expect(runEvidence.hidden).toBe(true);
    [90m2396|[39m     expect(projectState.dataset.projectState).toBe("open");
    [90m2397|[39m     expect(dispatchedEvents).toContainEqual({
    [90m   |[39m                              [31m^[39m
    [90m2398|[39m       type: DESKTOP_RARITY_PROPOSAL_EVENT,
    [90m2399|[39m       detail: {

[31m[2m⎯⎯⎯⎯⎯⎯⎯⎯⎯⎯⎯⎯⎯⎯⎯⎯⎯⎯⎯⎯⎯⎯⎯⎯[5/7]⎯[22m[39m

[41m[1m FAIL [22m[49m tests/e2e/desktop-product-loop-golden.test.ts[2m > [22mdesktop first-release product loop[2m > [22mrenders the active proposal and atomically accepts, rejects, and refuses stale hashes
[31m[1mAssertionError[22m: expected [ { action: 'profile', …(1) }, …(28) ] to have a length of 28 but got 29[39m

[32m- Expected[39m
[31m+ Received[39m

[32m- 28[39m
[31m+ 29[39m

[36m [2m❯[22m tests/e2e/desktop-product-loop-golden.test.ts:[2m340:22[22m[39m
    [90m338|[39m     [90m// Re-reading the document is that resolution.[39m
    [90m339|[39m     [35mawait[39m [34mclick[39m(window[33m,[39m [32m"#project-open"[39m)[33m;[39m
    [90m340|[39m     [34mexpect[39m(requests)[33m.[39m[34mtoHaveLength[39m(stageConflictRequests [33m+[39m [34m2[39m)[33m;[39m
    [90m   |[39m                      [31m^[39m
    [90m341|[39m     [35mawait[39m [34mclick[39m(window[33m,[39m [32m"#change-review-reject"[39m)[33m;[39m
    [90m342|[39m     expect(status()).toContain("nothing under review · DESKTOP_PROPOSA…

[31m[2m⎯⎯⎯⎯⎯⎯⎯⎯⎯⎯⎯⎯⎯⎯⎯⎯⎯⎯⎯⎯⎯⎯⎯⎯[6/7]⎯[22m[39m

[41m[1m FAIL [22m[49m tests/e2e/desktop-product-loop-golden.test.ts[2m > [22mdesktop first-release product loop[2m > [22mdrives profile switching, open, save recovery, and viewport play through the emitted UI
[31m[1mAssertionError[22m: expected [ 'profile', 'status', …(33) ] to deeply equal [ 'profile', 'status', …(28) ][39m

[32m- Expected[39m
[31m+ Received[39m

[33m@@ -1,26 +1,31 @@[39m
[2m  [[22m
[2m    "profile",[22m
[2m    "status",[22m
[2m    "scene-hierarchy-inspect",[22m
[31m+   "profile",[39m
[2m    "propose",[22m
[2m    "status",[22m
[2m    "scene-hierarchy-inspect",[22m
[31m+   "profile",[39m
[2m    "propose",[22m
[2m    "reject",[22m
[2m    "status",[22m
[2m    "scene-hierarchy-inspect",[22m
[2m    "profile",[22m
[2m    "profile",[22m
[31m+   "profile",[39m
[2m    "status",[22m
[2m    "scene-hierarchy-inspect",[22m
[31m+   "profile",[39m
[2m    "propose",[22m
[2m    "accept",[22m
[2m    "restart",[22m
[2m    "scene-hierarchy-inspect",[22m
[2m    "status",[22m
[2m    "scene-hierarchy-inspect",[22m
[31m+   "profile",[39m
[2m    "propose",[22m
[2m    "accept",[22m
[2m    "recover",[22m
[2m    "restart",[22m
[2m    "scene-hierarchy-inspect",[22m

[36m [2m❯[22m tests/e2e/desktop-product-loop-golden.test.ts:[2m655:84[22m[39m
    [90m653|[39m     [34mexpect[39m(shell[33m?.[39mdataset[33m.[39mmode)[33m.[39m[34mtoBe[39m([32m"run"[39m)[33m;[39m
    [90m654|[39m
    [90m655|[39m     expect(requests.map((request) => requestOperation(request) ?? requ…
    [90m   |[39m                                                                                    [31m^[39m
    [90m656|[39m       [32m"profile"[39m[33m,[39m
    [90m657|[39m       [32m"status"[39m[33m,[39m

[31m[2m⎯⎯⎯⎯⎯⎯⎯⎯⎯⎯⎯⎯⎯⎯⎯⎯⎯⎯⎯⎯⎯⎯⎯⎯[7/7]⎯[22m[39m


[2m Test Files [22m [1m[31m2 failed[39m[22m[2m | [22m[1m[32m3 passed[39m[22m[90m (5)[39m
[2m      Tests [22m [1m[31m7 failed[39m[22m[2m | [22m[1m[32m178 passed[39m[22m[90m (185)[39m
[2m   Start at [22m 17:02:40
[2m   Duration [22m 22.50s[2m (transform 13.99s, setup 0ms, import 19.76s, tests 31.87s, environment 1ms)[22m

