$ pnpm run --silent check:syntax && pnpm run --silent check:boundaries && pnpm run --silent check:contracts && pnpm run --silent check:traceability && pnpm run --silent check:sites && pnpm run --silent check:desktop && pnpm run --silent check:publish-ready && pnpm run --silent build && pnpm run --silent test && pnpm run --silent lint
syntax check OK — 465 source files parse as TypeScript modules
boundary check OK — 27 packages verified against dependency-matrix.json
contract check OK — 5 shared authoring jobs valid, doc table matches, E1+E2 bound to one list; plugin capability registry 1.0.0 seed pinned to 1 reviewed capability and schema-locked; plugin-manifest inert example schema-locked; 3 test-mode credit packs schema-locked, doc-bound, and bundled-module-bound; 8 entitlement capabilities schema-locked, free path intact, doc-bound; 4 test-mode catalog listings schema-locked, all price modes covered, doc-bound, and bundled-module-bound; 3 open-path policy rows schema-locked, no shipping claim, Kids refuse-only, doc-bound
traceability check OK — 109 requirements and live surfaces accounted
sites check OK — 4 deployable sites verified (separate install roots, matrix-listed, no committed secrets)
desktop check OK — 3 desktop app(s) verified (separate install roots, matrix-listed, privileged imports confined, no committed secrets)
publish-ready check OK — 17 checks over the documented consumer surface, the 0.0.0 version plan, and the pinned engine SDK archive (no registry publish authority)

[1m[30m[46m RUN [49m[39m[22m [36mv4.1.11 [39m[90m/tmp/sceneaxi-comprehensive-owned-xd4gdfl1[39m

 [32m✓[39m tests/sites/catalog-storefronts.test.ts [2m([22m[2m84 tests[22m[2m)[22m[32m 174[2mms[22m[39m
(node:1875669) ExperimentalWarning: Transform Types is an experimental feature and might change at any time
(Use `node --trace-warnings ...` to show where the warning was created)
[90mstdout[2m | packages/importers/test/contained-gltf.test.ts[2m > [22m[2mAP-08 reparses16x8MiB canonical binary bytes and refuses the seventeenth asset
[22m[39m{"task":"AP-PERF","case":"16x8MiB-and-count17","durationMs":13527,"maxRssKiB":827864,"platform":"linux","arch":"x64"}

[90mstdout[2m | packages/importers/test/contained-gltf.test.ts[2m > [22m[2mAP-PERF admits250000 triangles and refuses250001 deterministically
[22m[39m{"task":"AP-PERF","case":"triangles250000-and250001","durationMs":1394,"maxRssKiB":827864,"platform":"linux","arch":"x64"}

 [32m✓[39m packages/importers/test/contained-gltf.test.ts [2m([22m[2m18 tests[22m[2m)[22m[33m 18372[2mms[22m[39m
     [33m[2m✓[22m[39m stages through E1 without writing, then accepts and materializes byte-identical project copies [33m 352[2mms[22m[39m
     [33m[2m✓[22m[39m AP-01 bounds graph depth/count and refuses cycles/multiple parents without writes [33m 424[2mms[22m[39m
     [33m[2m✓[22m[39m AP-02 imports/reloads indexed shared vertices preserving exact bytes and refuses invalid index controls [33m 479[2mms[22m[39m
     [33m[2m✓[22m[39m AP-05 refuses lexical destination links for initial import, reload and recovery [33m 340[2mms[22m[39m
     [33m[2m✓[22m[39m admits accessor count250000 and rejects250001 with a real backing buffer [33m 342[2mms[22m[39m
   [33m[2m✓[22m[39m AP-08 reparses16x8MiB canonical binary bytes and refuses the seventeenth asset [33m 13542[2mms[22m[39m
   [33m[2m✓[22m[39m AP-05 preserves aliases and removes only owned temporary files after a copy-time race [33m 512[2mms[22m[39m
   [33m[2m✓[22m[39m AP-PERF admits250000 triangles and refuses250001 deterministically [33m 1411[2mms[22m[39m
Switched to a new branch 'other'
Switched to branch 'main'
 [32m✓[39m tests/e2e/desktop-control-dispatch-real-bridge-golden.test.ts [2m([22m[2m31 tests[22m[2m)[22m[33m 34422[2mms[22m[39m
     [33m[2m✓[22m[39m excludes Ask because the real GUI uses the assistant action rather than a registered command invocation [33m 1962[2mms[22m[39m
     [33m[2m✓[22m[39m does not claim Apply Build without the private live-viewport persistence callback [33m 842[2mms[22m[39m
     [33m[2m✓[22m[39m proves animation-apply from its GUI control [33m 881[2mms[22m[39m
     [33m[2m✓[22m[39m proves animation-evaluate from its GUI control [33m 519[2mms[22m[39m
     [33m[2m✓[22m[39m proves animation-inspect from its GUI control [33m 437[2mms[22m[39m
     [33m[2m✓[22m[39m proves animation-scrub from its GUI control [33m 412[2mms[22m[39m
     [33m[2m✓[22m[39m proves assistant-byo-build from its GUI control [33m 767[2mms[22m[39m
     [33m[2m✓[22m[39m proves assistant-cancel from its GUI control [33m 1983[2mms[22m[39m
     [33m[2m✓[22m[39m proves assistant-local-agent from its GUI control [33m 2189[2mms[22m[39m
     [33m[2m✓[22m[39m proves assistant-local-build from its GUI control [33m 1335[2mms[22m[39m
     [33m[2m✓[22m[39m proves assistant-status from its GUI control [33m 1172[2mms[22m[39m
     [33m[2m✓[22m[39m proves change-review-accept from its GUI control [33m 1739[2mms[22m[39m
     [33m[2m✓[22m[39m proves change-review-reject from its GUI control [33m 814[2mms[22m[39m
     [33m[2m✓[22m[39m proves effect-apply from its GUI control [33m 565[2mms[22m[39m
     [33m[2m✓[22m[39m proves effect-inspect from its GUI control [33m 485[2mms[22m[39m
     [33m[2m✓[22m[39m proves environment-apply from its GUI control [33m 771[2mms[22m[39m
     [33m[2m✓[22m[39m proves environment-inspect from its GUI control [33m 1021[2mms[22m[39m
     [33m[2m✓[22m[39m proves material-apply from its GUI control [33m 1239[2mms[22m[39m
     [33m[2m✓[22m[39m proves material-inspect from its GUI control [33m 780[2mms[22m[39m
     [33m[2m✓[22m[39m proves physics-apply from its GUI control [33m 826[2mms[22m[39m
     [33m[2m✓[22m[39m proves physics-inspect from its GUI control [33m 465[2mms[22m[39m
     [33m[2m✓[22m[39m proves play-inspect from its GUI control [33m 1510[2mms[22m[39m
     [33m[2m✓[22m[39m proves run-reset from its GUI control [33m 2133[2mms[22m[39m
     [33m[2m✓[22m[39m proves run-stop from its GUI control [33m 2839[2mms[22m[39m
     [33m[2m✓[22m[39m proves scene-hierarchy-inspect from its GUI control [33m 660[2mms[22m[39m
     [33m[2m✓[22m[39m proves scene-object-create from its GUI control [33m 877[2mms[22m[39m
     [33m[2m✓[22m[39m proves scene-object-remove from its GUI control [33m 1381[2mms[22m[39m
     [33m[2m✓[22m[39m proves scene-object-reparent from its GUI control [33m 1047[2mms[22m[39m
     [33m[2m✓[22m[39m proves scene-property-set from its GUI control [33m 1177[2mms[22m[39m
     [33m[2m✓[22m[39m proves scene-selection-set from its GUI control [33m 760[2mms[22m[39m
     [33m[2m✓[22m[39m proves scene-transform-apply from its GUI control [33m 828[2mms[22m[39m
HEAD is now at 178d5a9 main
 [31m❯[39m tests/e2e/desktop-command-interactions-golden.test.ts [2m([22m[2m102 tests[22m[2m | [22m[31m100 failed[39m[2m)[22m[33m 37352[2mms[22m[39m
[31m     [31m×[31m invokes project-new from its menu[39m[33m 396[2mms[22m[39m
[31m     [31m×[31m invokes project-new from the palette[39m[33m 1867[2mms[22m[39m
[31m     [31m×[31m invokes project-new from Ctrl/Cmd+N[39m[33m 378[2mms[22m[39m
[31m     [31m×[31m does not invoke project-new from text entry[39m[33m 322[2mms[22m[39m
[31m     [31m×[31m invokes project-open from its menu[39m[32m 258[2mms[22m[39m
[31m     [31m×[31m invokes project-open from the palette[39m[32m 282[2mms[22m[39m
[31m     [31m×[31m invokes project-open from Ctrl/Cmd+O[39m[33m 539[2mms[22m[39m
[31m     [31m×[31m does not invoke project-open from text entry[39m[33m 684[2mms[22m[39m
[31m     [31m×[31m invokes project-save from its menu[39m[32m 274[2mms[22m[39m
[31m     [31m×[31m invokes project-save from the palette[39m[33m 302[2mms[22m[39m
[31m     [31m×[31m invokes project-save from Ctrl/Cmd+S[39m[32m 225[2mms[22m[39m
[31m     [31m×[31m does not invoke project-save from text entry[39m[32m 256[2mms[22m[39m
[31m     [31m×[31m invokes project-git-status from its menu[39m[32m 293[2mms[22m[39m
[31m     [31m×[31m invokes project-git-status from the palette[39m[32m 197[2mms[22m[39m
[31m     [31m×[31m invokes project-git-diff from its menu[39m[32m 170[2mms[22m[39m
[31m     [31m×[31m invokes project-git-diff from the palette[39m[32m 176[2mms[22m[39m
[31m     [31m×[31m invokes project-git-stage from its menu[39m[32m 188[2mms[22m[39m
[31m     [31m×[31m invokes project-git-stage from the palette[39m[33m 307[2mms[22m[39m
[31m     [31m×[31m invokes project-git-commit-prepare from its menu[39m[32m 213[2mms[22m[39m
[31m     [31m×[31m invokes project-git-commit-prepare from the palette[39m[32m 111[2mms[22m[39m
[31m     [31m×[31m invokes ship-export-web from its menu[39m[32m 177[2mms[22m[39m
[31m     [31m×[31m invokes ship-export-web from the palette[39m[33m 320[2mms[22m[39m
[31m     [31m×[31m invokes package-inspect from its menu[39m[32m 184[2mms[22m[39m
[31m     [31m×[31m invokes package-inspect from the palette[39m[32m 197[2mms[22m[39m
[31m     [31m×[31m invokes package-install from its menu[39m[32m 164[2mms[22m[39m
[31m     [31m×[31m invokes package-install from the palette[39m[32m 246[2mms[22m[39m
[31m     [31m×[31m invokes package-remove from its menu[39m[32m 223[2mms[22m[39m
[31m     [31m×[31m invokes package-remove from the palette[39m[32m 190[2mms[22m[39m
[31m     [31m×[31m invokes workspace-layout-inspect from its menu[39m[32m 90[2mms[22m[39m
[31m     [31m×[31m invokes workspace-layout-inspect from the palette[39m[33m 685[2mms[22m[39m
[31m     [31m×[31m invokes workspace-layout-apply from its menu[39m[33m 1588[2mms[22m[39m
[31m     [31m×[31m invokes workspace-layout-apply from the palette[39m[33m 923[2mms[22m[39m
[31m     [31m×[31m invokes workspace-layout-reset from its menu[39m[32m 166[2mms[22m[39m
[31m     [31m×[31m invokes workspace-layout-reset from the palette[39m[33m 691[2mms[22m[39m
[31m     [31m×[31m invokes project-migration-propose from its menu[39m[33m 579[2mms[22m[39m
[31m     [31m×[31m invokes project-migration-propose from the palette[39m[33m 623[2mms[22m[39m
[31m     [31m×[31m invokes project-migration-commit from its menu[39m[33m 736[2mms[22m[39m
[31m     [31m×[31m invokes project-migration-commit from the palette[39m[32m 243[2mms[22m[39m
[31m     [31m×[31m invokes project-migration-recover from its menu[39m[32m 178[2mms[22m[39m
[31m     [31m×[31m invokes project-migration-recover from the palette[39m[32m 184[2mms[22m[39m
[31m     [31m×[31m invokes project-build from its menu[39m[33m 353[2mms[22m[39m
[31m     [31m×[31m invokes project-build from the palette[39m[33m 339[2mms[22m[39m
[31m     [31m×[31m invokes extension-inspect from its menu[39m[32m 216[2mms[22m[39m
[31m     [31m×[31m invokes extension-inspect from the palette[39m[33m 541[2mms[22m[39m
[31m     [31m×[31m invokes extension-start from its menu[39m[33m 334[2mms[22m[39m
[31m     [31m×[31m invokes extension-start from the palette[39m[33m 487[2mms[22m[39m
[31m     [31m×[31m invokes profile-inspect from its menu[39m[33m 363[2mms[22m[39m
[31m     [31m×[31m invokes profile-inspect from the palette[39m[32m 216[2mms[22m[39m
[31m     [31m×[31m invokes project-inspect from its menu[39m[32m 248[2mms[22m[39m
[31m     [31m×[31m invokes project-inspect from the palette[39m[32m 160[2mms[22m[39m
[31m     [31m×[31m invokes input-actions-inspect from its menu[39m[32m 231[2mms[22m[39m
[31m     [31m×[31m invokes input-actions-inspect from the palette[39m[33m 350[2mms[22m[39m
[31m     [31m×[31m invokes input-action-rebind from its menu[39m[32m 173[2mms[22m[39m
[31m     [31m×[31m invokes input-action-rebind from the palette[39m[32m 231[2mms[22m[39m
[31m     [31m×[31m invokes input-actions-reset from its menu[39m[32m 171[2mms[22m[39m
[31m     [31m×[31m invokes input-actions-reset from the palette[39m[32m 211[2mms[22m[39m
[31m     [31m×[31m invokes scene-prefab-inspect from its menu[39m[32m 215[2mms[22m[39m
[31m     [31m×[31m invokes scene-prefab-inspect from the palette[39m[32m 206[2mms[22m[39m
[31m     [31m×[31m invokes scene-prefab-define from its menu[39m[32m 179[2mms[22m[39m
[31m     [31m×[31m invokes scene-prefab-define from the palette[39m[32m 106[2mms[22m[39m
[31m     [31m×[31m invokes scene-prefab-instance from its menu[39m[32m 289[2mms[22m[39m
[31m     [31m×[31m invokes scene-prefab-instance from the palette[39m[33m 360[2mms[22m[39m
[31m     [31m×[31m invokes scene-prefab-override from its menu[39m[33m 461[2mms[22m[39m
[31m     [31m×[31m invokes scene-prefab-override from the palette[39m[33m 449[2mms[22m[39m
[31m     [31m×[31m invokes scene-prefab-refresh from its menu[39m[33m 411[2mms[22m[39m
[31m     [31m×[31m invokes scene-prefab-refresh from the palette[39m[33m 561[2mms[22m[39m
[31m     [31m×[31m invokes viewport-source-set from its menu[39m[33m 494[2mms[22m[39m
[31m     [31m×[31m invokes viewport-source-set from the palette[39m[33m 529[2mms[22m[39m
[31m     [31m×[31m invokes physics-evaluate from its menu[39m[33m 397[2mms[22m[39m
[31m     [31m×[31m invokes physics-evaluate from the palette[39m[33m 308[2mms[22m[39m
[31m     [31m×[31m invokes edit-undo from its menu[39m[32m 276[2mms[22m[39m
[31m     [31m×[31m invokes edit-undo from the palette[39m[33m 352[2mms[22m[39m
[31m     [31m×[31m invokes edit-undo from Ctrl/Cmd+Z[39m[33m 716[2mms[22m[39m
[31m     [31m×[31m does not invoke edit-undo from text entry[39m[33m 1389[2mms[22m[39m
[31m     [31m×[31m invokes edit-redo from its menu[39m[33m 859[2mms[22m[39m
[31m     [31m×[31m invokes edit-redo from the palette[39m[32m 248[2mms[22m[39m
[31m     [31m×[31m invokes edit-redo from Ctrl/Cmd+Shift+Z[39m[32m 258[2mms[22m[39m
[31m     [31m×[31m does not invoke edit-redo from text entry[39m[33m 565[2mms[22m[39m
[31m     [31m×[31m invokes run-play from its menu[39m[33m 535[2mms[22m[39m
[31m     [31m×[31m invokes run-play from the palette[39m[33m 509[2mms[22m[39m
[31m     [31m×[31m invokes run-play from Ctrl/Cmd+P[39m[32m 125[2mms[22m[39m
[31m     [31m×[31m does not invoke run-play from text entry[39m[32m 164[2mms[22m[39m
[31m     [31m×[31m stages an inspector mutation through the shared Change Review proposal[39m[32m 184[2mms[22m[39m
[31m     [31m×[31m stages all four inspector mutation types through Change Review[39m[32m 167[2mms[22m[39m
[31m     [31m×[31m restores a rebind into the emitted accelerator resolver and labels[39m[32m 115[2mms[22m[39m
[31m     [31m×[31m keeps command accelerators active from the recent-project chooser[39m[32m 203[2mms[22m[39m
[31m     [31m×[31m confirms a bound profile through real DOM audio events without conflating startup commands[39m[33m 498[2mms[22m[39m
     [33m[2m✓[22m[39m allows rootless business profile switching but never grants audio authority [33m 869[2mms[22m[39m
[31m     [31m×[31m keeps the prior business profile and null audio fence when the host refuses a switch[39m[33m 561[2mms[22m[39m
     [33m[2m✓[22m[39m refuses Export Web by name when no project is open [33m 648[2mms[22m[39m
[31m     [31m×[31m refuses incomplete contained Git evidence without rendering it[39m[33m 492[2mms[22m[39m
[31m     [31m×[31m stages exact evidence paths without lossy text parsing[39m[32m 269[2mms[22m[39m
[31m     [31m×[31m retires Ship evidence when the project becomes dirty[39m[32m 241[2mms[22m[39m
[31m     [31m×[31m names the in-flight refusal when a command is re-invoked mid-request[39m[32m 242[2mms[22m[39m
[31m     [31m×[31m keeps Undo refused when availability refreshes during a request[39m[32m 221[2mms[22m[39m
[31m     [31m×[31m refuses Undo rather than dropping a staged proposal with the Save it reverses[39m[32m 130[2mms[22m[39m
[31m     [31m×[31m exposes persisted Undo availability after a renderer relaunch[39m[32m 122[2mms[22m[39m
[31m     [31m×[31m keeps Undo inert while journal recovery is pending[39m[32m 93[2mms[22m[39m
[31m     [31m×[31m names the refusal when an accelerator reaches an unavailable command[39m[32m 144[2mms[22m[39m
[31m     [31m×[31m names the Kids refusal when an accelerator is pressed on that profile[39m[32m 282[2mms[22m[39m
[31m     [31m×[31m ignores a Shift-modified chord that no menu advertises[39m[32m 218[2mms[22m[39m
[31m     [31m×[31m shows and dismisses the real refusal returned by a command[39m[32m 228[2mms[22m[39m
 [32m✓[39m packages/authoring-core/test/project-git.test.ts [2m([22m[2m46 tests[22m[2m)[22m[33m 39860[2mms[22m[39m
     [33m[2m✓[22m[39m stages only explicit paths and prepares but never creates a commit [33m 3010[2mms[22m[39m
     [33m[2m✓[22m[39m publishes validated objects in SHA-256 repositories [33m 954[2mms[22m[39m
     [33m[2m✓[22m[39m never follows an object target introduced during publication [33m 1627[2mms[22m[39m
     [33m[2m✓[22m[39m never publishes through a fanout moved outside the object store [33m 651[2mms[22m[39m
     [33m[2m✓[22m[39m refuses directory selections and leaves no operation-lock residue [33m 336[2mms[22m[39m
     [33m[2m✓[22m[39m contains Git repository overrides inside the selected project [33m 586[2mms[22m[39m
     [33m[2m✓[22m[39m terminates blocking Git subprocesses with a stable diagnostic [33m 10105[2mms[22m[39m
     [33m[2m✓[22m[39m refuses Git control-file indirections and gitlinks before inspection [33m 412[2mms[22m[39m
     [33m[2m✓[22m[39m preserves both sides when a canonical file is renamed [33m 1243[2mms[22m[39m
     [33m[2m✓[22m[39m reports an explicit rollback when prospective evidence is too large [33m 507[2mms[22m[39m
     [33m[2m✓[22m[39m refuses a selected file replaced by a directory before index publication [33m 652[2mms[22m[39m
     [33m[2m✓[22m[39m refuses non-UTF-8 Git filenames without lossy evidence [33m 334[2mms[22m[39m
     [33m[2m✓[22m[39m preserves a leading UTF-8 BOM in exact Git filenames [33m 753[2mms[22m[39m
     [33m[2m✓[22m[39m refuses a selected file that changes during prospective validation and cleans up [33m 682[2mms[22m[39m
     [33m[2m✓[22m[39m validates symlink and executable modes before index publication [33m 1241[2mms[22m[39m
     [33m[2m✓[22m[39m uses the live index lock protocol and discards a blocked prospective index [33m 474[2mms[22m[39m
     [33m[2m✓[22m[39m refuses changes to complete unselected index semantics [33m 850[2mms[22m[39m
     [33m[2m✓[22m[39m rolls back if HEAD becomes detached during final publication validation [33m 2304[2mms[22m[39m
     [33m[2m✓[22m[39m reports a disappeared prospective index as rolled back [33m 2104[2mms[22m[39m
     [33m[2m✓[22m[39m stages captured bytes without executing a filter introduced after preflight [33m 922[2mms[22m[39m
     [33m[2m✓[22m[39m refuses oversized selected files before reading or mutating Git state [33m 361[2mms[22m[39m
     [33m[2m✓[22m[39m returns a stable refusal for malformed journal storage without leaking a lock [33m 798[2mms[22m[39m
     [33m[2m✓[22m[39m distinguishes completed, recoverable, and active authoring journal state [33m 2263[2mms[22m[39m
     [33m[2m✓[22m[39m releases commit-preparation authority after evidence failure [33m 1246[2mms[22m[39m
     [33m[2m✓[22m[39m reports conflicts read-only and refuses every unsafe mutation state before index changes [33m 1060[2mms[22m[39m
     [33m[2m✓[22m[39m reads authoring state live from one opaque authority [33m 678[2mms[22m[39m
[90mstderr[2m | desktop/linux/test/legacy-linux-smoke.test.ts[2m > [22m[2mprivate modal migration to canonical Submit/Approve forms through the real host[2m > [22m[2mdefines real prefab content via fields, writes only on Save and rejects invalid references
[22m[39m
Warning! Happy DOM has JavaScript evaluation enabled and is running in an insecure environment.

A VM Context is not an isolated environment, and if you run untrusted code you are at risk of RCE (Remote Code Execution) attacks. The attacker can escape the VM and run code at process level.

It is recommended to disable code generation and freeze all builtins at process level by running node with the flags "--disallow-code-generation-from-strings" and "--frozen-intrinsics". You can suppress this warning by setting "suppressInsecureJavaScriptEnvironmentWarning" to "true" at your own risk.

For more information, see https://github.com/capricorn86/happy-dom/wiki/JavaScript-Evaluation-Warning



[90mstderr[2m | desktop/linux/test/legacy-linux-smoke.test.ts[2m > [22m[2mprivate modal migration to canonical Submit/Approve forms through the real host[2m > [22m[2mreviews and commits persisted bindings, updates keyboard dispatch, then reviews reset
[22m[39m
Warning! Happy DOM has JavaScript evaluation enabled and is running in an insecure environment.

A VM Context is not an isolated environment, and if you run untrusted code you are at risk of RCE (Remote Code Execution) attacks. The attacker can escape the VM and run code at process level.

It is recommended to disable code generation and freeze all builtins at process level by running node with the flags "--disallow-code-generation-from-strings" and "--frozen-intrinsics". You can suppress this warning by setting "suppressInsecureJavaScriptEnvironmentWarning" to "true" at your own risk.

For more information, see https://github.com/capricorn86/happy-dom/wiki/JavaScript-Evaluation-Warning



[90mstderr[2m | desktop/linux/test/legacy-linux-smoke.test.ts[2m > [22m[2mprivate modal migration to canonical Submit/Approve forms through the real host[2m > [22m[2mrefuses empty scope, malformed JSON and edited/stale approvals without writing settings
[22m[39m
Warning! Happy DOM has JavaScript evaluation enabled and is running in an insecure environment.

A VM Context is not an isolated environment, and if you run untrusted code you are at risk of RCE (Remote Code Execution) attacks. The attacker can escape the VM and run code at process level.

It is recommended to disable code generation and freeze all builtins at process level by running node with the flags "--disallow-code-generation-from-strings" and "--frozen-intrinsics". You can suppress this warning by setting "suppressInsecureJavaScriptEnvironmentWarning" to "true" at your own risk.

For more information, see https://github.com/capricorn86/happy-dom/wiki/JavaScript-Evaluation-Warning



[90mstderr[2m | desktop/linux/test/legacy-linux-smoke.test.ts[2m > [22m[2mprivate modal migration to canonical Submit/Approve forms through the real host[2m > [22m[2mexposes all eight missing commands and keeps Kids mutation controls refused
[22m[39m
Warning! Happy DOM has JavaScript evaluation enabled and is running in an insecure environment.

A VM Context is not an isolated environment, and if you run untrusted code you are at risk of RCE (Remote Code Execution) attacks. The attacker can escape the VM and run code at process level.

It is recommended to disable code generation and freeze all builtins at process level by running node with the flags "--disallow-code-generation-from-strings" and "--frozen-intrinsics". You can suppress this warning by setting "suppressInsecureJavaScriptEnvironmentWarning" to "true" at your own risk.

For more information, see https://github.com/capricorn86/happy-dom/wiki/JavaScript-Evaluation-Warning



 [32m✓[39m tests/e2e/desktop-editor-command-forms-golden.test.ts [2m([22m[2m17 tests[22m[2m)[22m[33m 23919[2mms[22m[39m
     [33m[2m✓[22m[39m installs a user-supplied contained package through Change Review [33m 1591[2mms[22m[39m
     [33m[2m✓[22m[39m removes only a package returned by the preceding package inspection [33m 3285[2mms[22m[39m
     [33m[2m✓[22m[39m commits only the digest returned by the preceding migration proposal [33m 672[2mms[22m[39m
     [33m[2m✓[22m[39m uses the inspected extension seam and displays its named refusal [33m 671[2mms[22m[39m
     [33m[2m✓[22m[39m reviews and commits an input-action rebind with the inspected base version [33m 1575[2mms[22m[39m
     [33m[2m✓[22m[39m never commits a reviewed rebind from Submit alone [33m 1414[2mms[22m[39m
     [33m[2m✓[22m[39m withdraws Approve when the reviewed rebind is edited [33m 1536[2mms[22m[39m
     [33m[2m✓[22m[39m reviews and commits a reset against the inspected settings version [33m 879[2mms[22m[39m
     [33m[2m✓[22m[39m inspects input actions through the command form and refuses rebind until inspected [33m 858[2mms[22m[39m
     [33m[2m✓[22m[39m evaluates physics with user-selected steps without changing project bytes [33m 1747[2mms[22m[39m
     [33m[2m✓[22m[39m inspects prefabs and disables instance, override, and refresh until a definition exists [33m 465[2mms[22m[39m
     [33m[2m✓[22m[39m defines selected scene entities through review and persists only after acceptance [33m 1570[2mms[22m[39m
     [33m[2m✓[22m[39m instances an inspected prefab under a selected scene entity [33m 1749[2mms[22m[39m
     [33m[2m✓[22m[39m overrides an inspected prefab instance through the shared review flow [33m 1796[2mms[22m[39m
     [33m[2m✓[22m[39m refreshes an inspected stale prefab definition through review [33m 1893[2mms[22m[39m
     [33m[2m✓[22m[39m changes the viewport source only after Play creates a session [33m 2208[2mms[22m[39m
 [32m✓[39m tests/publish/injected-publish-violations.test.ts [2m([22m[2m53 tests[22m[2m)[22m[33m 58502[2mms[22m[39m
     [33m[2m✓[22m[39m control: the unmodified tree passes [33m 14091[2mms[22m[39m
     [33m[2m✓[22m[39m refuses replacing the deterministic Rapier build or changing its replay pin [33m 1306[2mms[22m[39m
     [33m[2m✓[22m[39m fails when a package stops being private [33m 659[2mms[22m[39m
     [33m[2m✓[22m[39m covers a workspace tier that pnpm-workspace.yaml grows [33m 1037[2mms[22m[39m
     [33m[2m✓[22m[39m refuses a workspace glob whose depth it does not read [33m 572[2mms[22m[39m
     [33m[2m✓[22m[39m refuses a workspace tier that is a file rather than a directory [33m 818[2mms[22m[39m
     [33m[2m✓[22m[39m fails when workspace membership cannot be derived [33m 758[2mms[22m[39m
     [33m[2m✓[22m[39m fails when the repository root manifest stops being private [33m 902[2mms[22m[39m
     [33m[2m✓[22m[39m fails when the repository root manifest grows a publish lifecycle hook [33m 452[2mms[22m[39m
     [33m[2m✓[22m[39m fails when the repository root manifest leaves the workspace protocol [33m 624[2mms[22m[39m
     [33m[2m✓[22m[39m fails when a manifest drops a required hygiene field [33m 734[2mms[22m[39m
     [33m[2m✓[22m[39m fails with a structured refusal when a workspace manifest is unreadable [33m 579[2mms[22m[39m
     [33m[2m✓[22m[39m fails when a package drifts off the pinned version plan [33m 524[2mms[22m[39m
     [33m[2m✓[22m[39m fails when an exports target points at a file that does not exist [33m 563[2mms[22m[39m
     [33m[2m✓[22m[39m fails when an exports target is a symlink rather than a real file [33m 842[2mms[22m[39m
     [33m[2m✓[22m[39m fails when an exports target reaches outside the package through a symlinked directory [33m 886[2mms[22m[39m
     [33m[2m✓[22m[39m fails when an exports subpath is a pattern rather than an explicit target [33m 840[2mms[22m[39m
     [33m[2m✓[22m[39m fails when a files entry does not exist [33m 573[2mms[22m[39m
     [33m[2m✓[22m[39m fails when a files glob has no directory it could match inside [33m 661[2mms[22m[39m
     [33m[2m✓[22m[39m fails when an internal dependency leaves the workspace protocol [33m 456[2mms[22m[39m
     [33m[2m✓[22m[39m fails when an internal dependency hides in optionalDependencies [33m 1034[2mms[22m[39m
     [33m[2m✓[22m[39m fails when a site borrows the desktop tier's link: into apps/ [33m 1033[2mms[22m[39m
     [33m[2m✓[22m[39m fails when a package grows a publish lifecycle hook [33m 3856[2mms[22m[39m
     [33m[2m✓[22m[39m fails when a package grows a prepare hook [33m 894[2mms[22m[39m
     [33m[2m✓[22m[39m fails when a package declares publishConfig [33m 712[2mms[22m[39m
     [33m[2m✓[22m[39m fails when a root script could run a registry publish [33m 581[2mms[22m[39m
     [33m[2m✓[22m[39m fails when a root script hides the publish verb behind a flag value [33m 506[2mms[22m[39m
     [33m[2m✓[22m[39m fails when a CI workflow could run a registry publish [33m 2003[2mms[22m[39m
     [33m[2m✓[22m[39m fails when a CI workflow uses the recursive publish form [33m 672[2mms[22m[39m
     [33m[2m✓[22m[39m fails when a CI workflow wraps the publish across a line continuation [33m 781[2mms[22m[39m
     [33m[2m✓[22m[39m fails when the SDK output directories stop being git-ignored [33m 517[2mms[22m[39m
     [33m[2m✓[22m[39m fails when the site SDK output directory stops being git-ignored [33m 886[2mms[22m[39m
     [33m[2m✓[22m[39m fails when an SDK build is pointed at a directory that is not git-ignored [33m 605[2mms[22m[39m
     [33m[2m✓[22m[39m fails when an SDK build is pointed at the repository root [33m 1056[2mms[22m[39m
     [33m[2m✓[22m[39m fails when an SDK output is covered only by a root-anchored .gitignore pattern [33m 702[2mms[22m[39m
     [33m[2m✓[22m[39m fails when no SDK build invocation is left to derive an output directory from [33m 927[2mms[22m[39m
     [33m[2m✓[22m[39m keeps reporting structural failures when a required doc is deleted [33m 921[2mms[22m[39m
     [33m[2m✓[22m[39m fails when a profile manifest pin and its seam pin disagree [33m 698[2mms[22m[39m
     [33m[2m✓[22m[39m fails when a profile seam literal drifts from its manifest pin [33m 797[2mms[22m[39m
     [33m[2m✓[22m[39m fails when an SDK package exports a file the archive does not ship [33m 874[2mms[22m[39m
     [33m[2m✓[22m[39m fails when a Kids file is pinned into the SDK archive list [33m 838[2mms[22m[39m
     [33m[2m✓[22m[39m fails when a documented consumer package does not ship in the SDK archive [33m 505[2mms[22m[39m
     [33m[2m✓[22m[39m fails when the consumer contract documents a package that does not exist [33m 588[2mms[22m[39m
     [33m[2m✓[22m[39m fails when a real export subpath is covered by no documented namespace [33m 472[2mms[22m[39m
     [33m[2m✓[22m[39m fails when a documented namespace matches no real export [33m 532[2mms[22m[39m
     [33m[2m✓[22m[39m fails when the documented root export is not the real one [33m 730[2mms[22m[39m
     [33m[2m✓[22m[39m fails when a workspace package is missing from the documented version plan [33m 800[2mms[22m[39m
     [33m[2m✓[22m[39m fails when the documented release group disagrees with the manifest [33m 1195[2mms[22m[39m
     [33m[2m✓[22m[39m fails when the checklist claims a check the script does not implement [33m 1363[2mms[22m[39m
     [33m[2m✓[22m[39m fails when an implemented check is dropped from the published checklist [33m 990[2mms[22m[39m
     [33m[2m✓[22m[39m fails closed when a required consumer doc is emptied [33m 631[2mms[22m[39m
     [33m[2m✓[22m[39m attributes a deleted doc to the check that doc backs [33m 1256[2mms[22m[39m
     [33m[2m✓[22m[39m attributes a deleted consumer contract to the consumer-surface check [33m 657[2mms[22m[39m
 [32m✓[39m desktop/linux/test/legacy-linux-smoke.test.ts [2m([22m[2m6 tests[22m[2m)[22m[33m 14585[2mms[22m[39m
     [33m[2m✓[22m[39m defines real prefab content via fields, writes only on Save and rejects invalid references [33m 4885[2mms[22m[39m
     [33m[2m✓[22m[39m reviews and commits persisted bindings, updates keyboard dispatch, then reviews reset [33m 1712[2mms[22m[39m
     [33m[2m✓[22m[39m refuses empty scope, malformed JSON and edited/stale approvals without writing settings [33m 1229[2mms[22m[39m
     [33m[2m✓[22m[39m exposes all eight missing commands and keeps Kids mutation controls refused [33m 540[2mms[22m[39m
     [33m[2m✓[22m[39m persists nonroot create/reparent, Y transform and named smoke-body across a fresh session without premature writes [33m 4941[2mms[22m[39m
     [33m[2m✓[22m[39m executes the actual built child CLI handshake and rejects a missing descriptor, without skips [33m 1273[2mms[22m[39m
 [32m✓[39m tests/boundary/kids-evidence-scan.test.ts [2m([22m[2m5 tests[22m[2m)[22m[33m 16580[2mms[22m[39m
     [33m[2m✓[22m[39m retains inert build and screenshot receipts without treating them as runtime links [33m 2901[2mms[22m[39m
     [33m[2m✓[22m[39m still rejects outbound runtime/config authority in sites/kids/src/lib/evidence-looking.ts [33m 2951[2mms[22m[39m
     [33m[2m✓[22m[39m still rejects outbound runtime/config authority in sites/kids/test/visual-evidence/executable.mjs [33m 3572[2mms[22m[39m
     [33m[2m✓[22m[39m still rejects outbound runtime/config authority in sites/kids/test/visual-evidence/runtime.config.ts [33m 3136[2mms[22m[39m
     [33m[2m✓[22m[39m still scans inert receipts for secret-shaped material [33m 4016[2mms[22m[39m
 [32m✓[39m packages/cli/test/bin-smoke.test.ts [2m([22m[2m9 tests[22m[2m)[22m[33m 19403[2mms[22m[39m
     [33m[2m✓[22m[39m refuses prototype paths and malformed version invocations through the binary [33m 7727[2mms[22m[39m
     [33m[2m✓[22m[39m help/watch and malformed global switches naturally exit without watch ownership [33m 3099[2mms[22m[39m
     [33m[2m✓[22m[39m starts and emits a versioned envelope on stdout [33m 619[2mms[22m[39m
     [33m[2m✓[22m[39m propagates the protocol exit-code map to the process exit code [33m 2246[2mms[22m[39m
     [33m[2m✓[22m[39m drives a real authoring round-trip from the command line [33m 2452[2mms[22m[39m
     [33m[2m✓[22m[39m watches canonical documents, streams versioned cycles, and stops on SIGINT [33m 1753[2mms[22m[39m
     [33m[2m✓[22m[39m exits non-zero when a watch is stopped on a refused cycle [33m 982[2mms[22m[39m
     [33m[2m✓[22m[39m resolves relative paths against the process working directory [33m 521[2mms[22m[39m
(node:1886148) ExperimentalWarning: Transform Types is an experimental feature and might change at any time
(Use `node --trace-warnings ...` to show where the warning was created)
(node:1886148) ExperimentalWarning: Transform Types is an experimental feature and might change at any time
(Use `node --trace-warnings ...` to show where the warning was created)
(node:1886148) ExperimentalWarning: Transform Types is an experimental feature and might change at any time
(Use `node --trace-warnings ...` to show where the warning was created)
 [32m✓[39m tests/contracts/injected-credit-pack-drift.test.ts [2m([22m[2m19 tests[22m[2m)[22m[33m 13659[2mms[22m[39m
     [33m[2m✓[22m[39m control: the unmodified tree passes [33m 763[2mms[22m[39m
     [33m[2m✓[22m[39m fails when the bundled module drifts from the fixture [33m 544[2mms[22m[39m
     [33m[2m✓[22m[39m fails when an archived economic row changes in both committed copies [33m 534[2mms[22m[39m
     [33m[2m✓[22m[39m fails when an appended revision carries no pinned digest [33m 1076[2mms[22m[39m
     [33m[2m✓[22m[39m fails when a pinned archived revision row is deleted [33m 467[2mms[22m[39m
     [33m[2m✓[22m[39m fails when the bundled module stops being a parseable catalog literal [33m 416[2mms[22m[39m
     [33m[2m✓[22m[39m still reads the catalog export when the module grows a second frozen export [33m 483[2mms[22m[39m
     [33m[2m✓[22m[39m still detects drift when the module grows a second frozen export [33m 493[2mms[22m[39m
     [33m[2m✓[22m[39m fails when a pack changes in the fixture but not in the doc table [33m 756[2mms[22m[39m
     [33m[2m✓[22m[39m fails when a pack is added to the fixture but not to the doc table [33m 988[2mms[22m[39m
     [33m[2m✓[22m[39m fails when two current revisions have the same packId [33m 1111[2mms[22m[39m
     [33m[2m✓[22m[39m fails on a duplicate stripePriceId [33m 593[2mms[22m[39m
     [33m[2m✓[22m[39m fails on a duplicate revisionId [33m 501[2mms[22m[39m
     [33m[2m✓[22m[39m fails when a current revision id does not resolve [33m 468[2mms[22m[39m
     [33m[2m✓[22m[39m fails when a live price id is committed [33m 766[2mms[22m[39m
     [33m[2m✓[22m[39m fails when the catalog claims live mode [33m 794[2mms[22m[39m
     [33m[2m✓[22m[39m fails when the doc lockstep markers are missing [33m 1204[2mms[22m[39m
     [33m[2m✓[22m[39m fails when the doc stops naming the canonical fixture path [33m 1149[2mms[22m[39m
     [33m[2m✓[22m[39m fails when the fixture file is deleted [33m 533[2mms[22m[39m
(node:1886148) ExperimentalWarning: Transform Types is an experimental feature and might change at any time
(Use `node --trace-warnings ...` to show where the warning was created)
(node:1875669) ExperimentalWarning: Transform Types is an experimental feature and might change at any time
(Use `node --trace-warnings ...` to show where the warning was created)
(node:1886148) ExperimentalWarning: Transform Types is an experimental feature and might change at any time
(Use `node --trace-warnings ...` to show where the warning was created)
(node:1875669) ExperimentalWarning: Transform Types is an experimental feature and might change at any time
(Use `node --trace-warnings ...` to show where the warning was created)
(node:1875669) ExperimentalWarning: Transform Types is an experimental feature and might change at any time
(Use `node --trace-warnings ...` to show where the warning was created)
 [32m✓[39m desktop/linux/test/prepared-asset-handoff.test.ts [2m([22m[2m10 tests[22m[2m)[22m[33m 11504[2mms[22m[39m
     [33m[2m✓[22m[39m stages actual worker E1 compactly, accepts identical bytes, and preserves source evidence/stable reload ID [33m 5088[2mms[22m[39m
     [33m[2m✓[22m[39m admits maximum original bytes with a compact response and the unchanged 100ms heartbeat bound [33m 1751[2mms[22m[39m
     [33m[2m✓[22m[39m rejects changed source bytes between worker response and admission [33m 2187[2mms[22m[39m
     [33m[2m✓[22m[39m refuses source symlinks and forged prepared request fields without document/copy writes [33m 2239[2mms[22m[39m
(node:1875669) ExperimentalWarning: Transform Types is an experimental feature and might change at any time
(Use `node --trace-warnings ...` to show where the warning was created)
 [32m✓[39m packages/authoring-core/test/final-acceptance.test.ts [2m([22m[2m65 tests[22m[2m)[22m[33m 16430[2mms[22m[39m
     [33m[2m✓[22m[39m recovers on Linux with procfs unavailable and never opens a procfs file [33m 1475[2mms[22m[39m
     [33m[2m✓[22m[39m refuses an actual tmp creation collision without following or deleting the hostile symlink [33m 927[2mms[22m[39m
     [33m[2m✓[22m[39m refuses an actual bak creation collision without following or deleting the hostile symlink [33m 1401[2mms[22m[39m
     [33m[2m✓[22m[39m runs the real project init positive path [33m 690[2mms[22m[39m
     [33m[2m✓[22m[39m runs the real project migrate positive path [33m 822[2mms[22m[39m
     [33m[2m✓[22m[39m runs the real project new positive path [33m 403[2mms[22m[39m
     [33m[2m✓[22m[39m runs the real project dev positive path [33m 397[2mms[22m[39m
     [33m[2m✓[22m[39m runs the real project test positive path [33m 491[2mms[22m[39m
     [33m[2m✓[22m[39m runs the real project capture positive path [33m 365[2mms[22m[39m
     [33m[2m✓[22m[39m runs the real project report positive path [33m 1118[2mms[22m[39m
     [33m[2m✓[22m[39m runs the real project propose positive path [33m 881[2mms[22m[39m
     [33m[2m✓[22m[39m runs the real project apply positive path [33m 1756[2mms[22m[39m
     [33m[2m✓[22m[39m names the real project init unknown-flag refusal without mutations [33m 1234[2mms[22m[39m
     [33m[2m✓[22m[39m names the real project migrate unknown-flag refusal without mutations [33m 548[2mms[22m[39m
     [33m[2m✓[22m[39m names the real project new unknown-flag refusal without mutations [33m 650[2mms[22m[39m
     [33m[2m✓[22m[39m names the real project dev unknown-flag refusal without mutations [33m 632[2mms[22m[39m
     [33m[2m✓[22m[39m names the real project test unknown-flag refusal without mutations [33m 364[2mms[22m[39m
     [33m[2m✓[22m[39m names the real project capture unknown-flag refusal without mutations [33m 815[2mms[22m[39m
     [33m[2m✓[22m[39m names the real project report unknown-flag refusal without mutations [33m 471[2mms[22m[39m
     [33m[2m✓[22m[39m names the real project propose unknown-flag refusal without mutations [33m 417[2mms[22m[39m
     [33m[2m✓[22m[39m names the real project apply unknown-flag refusal without mutations [33m 335[2mms[22m[39m
(node:1875669) ExperimentalWarning: Transform Types is an experimental feature and might change at any time
(Use `node --trace-warnings ...` to show where the warning was created)
 [32m✓[39m tests/e2e/desktop-cli-local-bridge-golden.test.ts [2m([22m[2m4 tests[22m[2m)[22m[33m 14585[2mms[22m[39m
     [33m[2m✓[22m[39m discovers the desktop and shares its real propose/apply authoring session [33m 5171[2mms[22m[39m
     [33m[2m✓[22m[39m keeps local authoring unmetered and refuses absent BYOK or hosted routes by name [33m 2758[2mms[22m[39m
     [33m[2m✓[22m[39m returns one project inspection to UI, CLI, and local-assistant clients before explicit migration [33m 2257[2mms[22m[39m
     [33m[2m✓[22m[39m returns and prepares the same contained Git evidence through the CLI tool adapter [33m 4392[2mms[22m[39m
 [31m❯[39m packages/importers/test/asset-preparation-bounds.test.ts [2m([22m[2m12 tests[22m[2m | [22m[31m1 failed[39m[2m)[22m[33m 74962[2mms[22m[39m
     [32m✓[39m rejects invalid route input and accessors before Worker allocation or getter execution[32m 5[2mms[22m[39m
[31m     [31m×[31m prepares actual maximum bytes without blocking main heartbeat or changing canonical evidence[39m[33m 64306[2mms[22m[39m
     [32m✓[39m acknowledges cancellation after real worker exit and fences all late publication[32m 50[2mms[22m[39m
     [33m[2m✓[22m[39m cancels during streamed publication and cannot publish a late successful proposal [33m 1673[2mms[22m[39m
     [32m✓[39m refuses concurrent preparation and releases the slot only after terminal cleanup[32m 126[2mms[22m[39m
     [32m✓[39m enforces the existing four-second preparation deadline, including a stalled worker[32m 72[2mms[22m[39m
     [33m[2m✓[22m[39m rechecks document authority before publishing a worker result [33m 1940[2mms[22m[39m
     [33m[2m✓[22m[39m rechecks original source digest before publishing a worker result [33m 1565[2mms[22m[39m
     [33m[2m✓[22m[39m refuses a source swapped to a symlink while the worker was preparing [33m 2595[2mms[22m[39m
     [32m✓[39m denies Kids before creating a worker or reading asset bytes[32m 39[2mms[22m[39m
     [32m✓[39m refuses worker startup failure, retires resources and releases the single slot[32m 93[2mms[22m[39m
     [33m[2m✓[22m[39m retains next-byte and source-symlink named refusals without mutations [33m 2488[2mms[22m[39m
 [32m✓[39m tests/syntax/check-syntax.test.ts [2m([22m[2m4 tests[22m[2m)[22m[33m 15109[2mms[22m[39m
     [33m[2m✓[22m[39m control: the unmodified tree passes [33m 4468[2mms[22m[39m
     [33m[2m✓[22m[39m accepts TypeScript-only syntax in sources [33m 5048[2mms[22m[39m
     [33m[2m✓[22m[39m fails when a source file does not parse [33m 4296[2mms[22m[39m
     [33m[2m✓[22m[39m refuses to pass on an empty source surface [33m 1295[2mms[22m[39m
 [32m✓[39m apps/desktop-shell/test/bin-smoke.test.ts [2m([22m[2m9 tests[22m[2m)[22m[33m 7904[2mms[22m[39m
     [33m[2m✓[22m[39m starts and prints usage [33m 758[2mms[22m[39m
     [33m[2m✓[22m[39m starts on a runtime that does not strip types [33m 1256[2mms[22m[39m
     [33m[2m✓[22m[39m renders the chrome without type stripping, embedded functions intact [33m 946[2mms[22m[39m
     [33m[2m✓[22m[39m propagates exit codes: 2 for usage, 1 for refusal, 0 for success [33m 2167[2mms[22m[39m
     [33m[2m✓[22m[39m drives a real propose → apply → undo round-trip from the command line [33m 1231[2mms[22m[39m
     [33m[2m✓[22m[39m renders the editor chrome to stdout as a complete document [33m 419[2mms[22m[39m
     [33m[2m✓[22m[39m refuses an unknown chrome state with a usage exit and no document [33m 689[2mms[22m[39m
     [33m[2m✓[22m[39m resolves relative paths against the process working directory [33m 424[2mms[22m[39m
 [31m❯[39m packages/cli/test/capabilities.test.ts [2m([22m[2m9 tests[22m[2m | [22m[31m1 failed[39m[2m)[22m[33m 80781[2mms[22m[39m
[31m     [31m×[31m covers every real command leaf and rejects inherited names at every group depth[39m[33m 62902[2mms[22m[39m
     [33m[2m✓[22m[39m initializes an openable admitted template; never overwrites or accepts escaping/unknown templates [33m 3965[2mms[22m[39m
     [33m[2m✓[22m[39m migrate validates current bytes unchanged and refuses unsupported schema [33m 2153[2mms[22m[39m
     [33m[2m✓[22m[39m show reports recorded claims; verify rejects changed bytes, forged digests, malformed packet and escape [33m 7100[2mms[22m[39m
     [33m[2m✓[22m[39m lists and validates plugin contracts without executing an entrypoint; unknown capabilities refuse [33m 1676[2mms[22m[39m
     [33m[2m✓[22m[39m desktop play/build aliases preserve permission checks and real missing transport refusal [33m 1061[2mms[22m[39m
     [33m[2m✓[22m[39m offline catalog submission validates shape and retains absent storage refusal [33m 1891[2mms[22m[39m
     [32m✓[39m passes admitted play input to the exact tool and refuses wrong permission before transport[32m 21[2mms[22m[39m
     [32m✓[39m passes admitted build input to the exact tool and refuses wrong permission before transport[32m 10[2mms[22m[39m
 [32m✓[39m tests/contracts/injected-entitlement-drift.test.ts [2m([22m[2m10 tests[22m[2m)[22m[33m 9856[2mms[22m[39m
     [33m[2m✓[22m[39m control: the unmodified tree passes [33m 853[2mms[22m[39m
     [33m[2m✓[22m[39m fails when the matrix changes in the fixture but not in the doc table [33m 899[2mms[22m[39m
     [33m[2m✓[22m[39m fails when a free-path capability is made to require an account [33m 2885[2mms[22m[39m
     [33m[2m✓[22m[39m fails when a free-path capability is given a price [33m 493[2mms[22m[39m
     [33m[2m✓[22m[39m fails when a free-path capability is removed entirely [33m 622[2mms[22m[39m
     [33m[2m✓[22m[39m fails when the starter grant moves off the captain-frozen 100 [33m 638[2mms[22m[39m
     [33m[2m✓[22m[39m fails on a duplicate capability id [33m 671[2mms[22m[39m
     [33m[2m✓[22m[39m fails when an entry differs from the exact closed matrix [33m 889[2mms[22m[39m
     [33m[2m✓[22m[39m fails when the doc lockstep markers are missing [33m 1008[2mms[22m[39m
     [33m[2m✓[22m[39m fails when the doc stops naming the canonical fixture path [33m 889[2mms[22m[39m
 [32m✓[39m packages/cli/test/distribution.test.ts [2m([22m[2m1 test[22m[2m)[22m[33m 10232[2mms[22m[39m
   [33m[2m✓[22m[39m runs a private extracted compiled archive outside the workspace with stock Node, no root scripts or workspace node_modules [33m 10228[2mms[22m[39m
 [32m✓[39m tests/e2e/desktop-product-loop-golden.test.ts [2m([22m[2m14 tests[22m[2m)[22m[33m 26161[2mms[22m[39m
     [33m[2m✓[22m[39m executes the emitted Web asset-path decision in the mounted chrome [33m 2642[2mms[22m[39m
     [33m[2m✓[22m[39m renders the active proposal and atomically accepts, rejects, and refuses stale hashes [33m 3117[2mms[22m[39m
     [33m[2m✓[22m[39m drives profile switching, open, save recovery, and viewport play through the emitted UI [33m 5756[2mms[22m[39m
     [33m[2m✓[22m[39m selects, reviews, saves, reopens, and plays the starter entity translation [33m 2227[2mms[22m[39m
     [33m[2m✓[22m[39m rejects a staged Translation X edit without writing the document [33m 668[2mms[22m[39m
     [33m[2m✓[22m[39m names the host's inspection refusal instead of hiding the entity panel [33m 794[2mms[22m[39m
     [33m[2m✓[22m[39m clears the entity panel when a re-open is refused [33m 505[2mms[22m[39m
     [33m[2m✓[22m[39m names recovery and a staged proposal separately when Stage refuses [33m 1468[2mms[22m[39m
     [33m[2m✓[22m[39m raises and records the real conflict when a typed edit stages against a moved document [33m 720[2mms[22m[39m
     [33m[2m✓[22m[39m switches to Build when the entity is selected from another mode [33m 671[2mms[22m[39m
     [33m[2m✓[22m[39m selects any composed instance and redraws accepted transforms and add/remove settlement [33m 3838[2mms[22m[39m
     [33m[2m✓[22m[39m keeps staged create review visible through dirty browser Open [33m 800[2mms[22m[39m
     [33m[2m✓[22m[39m settles queued and in-flight selection before profile change [33m 1383[2mms[22m[39m
     [33m[2m✓[22m[39m names the diagnostic the conflict dialog is actually reporting [33m 1560[2mms[22m[39m
 [32m✓[39m tests/e2e/physics-rapier-golden.test.ts [2m([22m[2m1 test[22m[2m)[22m[33m 9151[2mms[22m[39m
     [33m[2m✓[22m[39m replays byte-identical state and digest in three fresh processes [33m 9148[2mms[22m[39m
 [32m✓[39m packages/authoring-core/test/project-model.test.ts [2m([22m[2m26 tests[22m[2m)[22m[33m 9168[2mms[22m[39m
     [33m[2m✓[22m[39m creates/reviews/rejects/saves/reopens with canonical bytes and refuses every escape without writes [33m 5598[2mms[22m[39m
     [33m[2m✓[22m[39m recovers a genuinely abruptly terminated apply with durable scratch files and stale locks [33m 3090[2mms[22m[39m
 [32m✓[39m tests/boundary/injected-desktop-violations.test.ts [2m([22m[2m28 tests[22m[2m)[22m[33m 94552[2mms[22m[39m
     [33m[2m✓[22m[39m control: the unmodified tree passes all three checkers [33m 23899[2mms[22m[39m
     [33m[2m✓[22m[39m boundary check covers desktop/ and fails when the app is missing from the matrix [33m 4427[2mms[22m[39m
     [33m[2m✓[22m[39m boundary check covers the macOS packaging root [33m 7548[2mms[22m[39m
     [33m[2m✓[22m[39m boundary check denies the macOS packaging root the identity plane [33m 5112[2mms[22m[39m
     [33m[2m✓[22m[39m boundary check allows the desktop app's charted engine edges [33m 4405[2mms[22m[39m
     [33m[2m✓[22m[39m keeps Rapier out of the kernel, CLI, profiles and sites [33m 3874[2mms[22m[39m
     [33m[2m✓[22m[39m boundary check denies the desktop app a profile package [33m 3635[2mms[22m[39m
     [33m[2m✓[22m[39m boundary check denies the desktop app the identity plane [33m 3268[2mms[22m[39m
     [33m[2m✓[22m[39m Kids isolation holds in the desktop tier [33m 5410[2mms[22m[39m
     [33m[2m✓[22m[39m syntax check covers desktop/ sources [33m 4430[2mms[22m[39m
     [33m[2m✓[22m[39m desktop check fails when 'electron' leaks into the hermetic root manifest [33m 2027[2mms[22m[39m
     [33m[2m✓[22m[39m desktop check fails when 'electron-builder' leaks into the hermetic root manifest [33m 1469[2mms[22m[39m
     [33m[2m✓[22m[39m desktop check fails when 'esbuild' leaks into the hermetic root manifest [33m 1946[2mms[22m[39m
     [33m[2m✓[22m[39m desktop check fails when the root workspace globs desktop/ [33m 1714[2mms[22m[39m
     [33m[2m✓[22m[39m desktop check fails on an Electron import outside src/electron/ [33m 1687[2mms[22m[39m
     [33m[2m✓[22m[39m desktop check confines the concrete provider adapter to the privileged host [33m 1434[2mms[22m[39m
     [33m[2m✓[22m[39m desktop check refuses re-export laundering of the privileged host [33m 1616[2mms[22m[39m
     [33m[2m✓[22m[39m desktop check refuses laundering through the package's own privileged export subpath [33m 1729[2mms[22m[39m
     [33m[2m✓[22m[39m desktop check refuses a compact Node import through the browser bundler [33m 1543[2mms[22m[39m
     [33m[2m✓[22m[39m desktop check refuses a Node builtin the renderer reaches through a workspace entry point [33m 1778[2mms[22m[39m
     [33m[2m✓[22m[39m desktop check refuses a second resolved presentation owner [33m 1417[2mms[22m[39m
     [33m[2m✓[22m[39m desktop check allows the renderer's import-free shared evidence entry point [33m 1595[2mms[22m[39m
     [33m[2m✓[22m[39m desktop check allows an unprivileged module to name the package root export [33m 1897[2mms[22m[39m
     [33m[2m✓[22m[39m desktop check fails on a workspace: specifier — install roots need link: [33m 1565[2mms[22m[39m
     [33m[2m✓[22m[39m desktop check fails on a missing required file [33m 1420[2mms[22m[39m
     [33m[2m✓[22m[39m desktop check fails on committed secret-shaped material [33m 2061[2mms[22m[39m
     [33m[2m✓[22m[39m desktop check refuses an empty tier rather than passing on it [33m 576[2mms[22m[39m
     [33m[2m✓[22m[39m publish-ready check still covers the desktop manifest [33m 1057[2mms[22m[39m
 [32m✓[39m tests/contracts/injected-listing-drift.test.ts [2m([22m[2m13 tests[22m[2m)[22m[33m 11039[2mms[22m[39m
     [33m[2m✓[22m[39m control: the unmodified tree passes [33m 640[2mms[22m[39m
     [33m[2m✓[22m[39m fails when the bundled module drifts from the fixture [33m 586[2mms[22m[39m
     [33m[2m✓[22m[39m fails when the bundled module stops being a parseable listing literal [33m 884[2mms[22m[39m
     [33m[2m✓[22m[39m fails when a listing price changes in the fixture but not in the doc table [33m 964[2mms[22m[39m
     [33m[2m✓[22m[39m fails when a credits-only listing gains a dormant money price [33m 1007[2mms[22m[39m
     [33m[2m✓[22m[39m fails when a credits listing loses its credit price [33m 666[2mms[22m[39m
     [33m[2m✓[22m[39m fails when a listed price is not positive [33m 893[2mms[22m[39m
     [33m[2m✓[22m[39m fails when a price mode stops being covered [33m 757[2mms[22m[39m
     [33m[2m✓[22m[39m fails on a duplicate listing id [33m 1081[2mms[22m[39m
     [33m[2m✓[22m[39m fails when a live price id is committed [33m 1071[2mms[22m[39m
     [33m[2m✓[22m[39m fails when the listing set claims live mode [33m 619[2mms[22m[39m
     [33m[2m✓[22m[39m fails when the doc lockstep markers are missing [33m 819[2mms[22m[39m
     [33m[2m✓[22m[39m fails when the doc stops naming the canonical fixture path [33m 1031[2mms[22m[39m
 [32m✓[39m tests/e2e/editor-catalog-intake-golden.test.ts [2m([22m[2m32 tests[22m[2m)[22m[33m 6798[2mms[22m[39m
     [33m[2m✓[22m[39m creates one validated digest-bound CatalogItem at intake [33m 451[2mms[22m[39m
     [33m[2m✓[22m[39m refuses anonymous, preview, Kids, unsupported, malformed, and unavailable inputs before writes [33m 430[2mms[22m[39m
     [33m[2m✓[22m[39m scopes one idempotency key to the authenticated submitter [33m 532[2mms[22m[39m
     [33m[2m✓[22m[39m refuses unusable or inconsistent principal evidence before any write [33m 321[2mms[22m[39m
     [33m[2m✓[22m[39m shows digests the demo computed from a real editor render, not constants [33m 322[2mms[22m[39m
     [33m[2m✓[22m[39m survives provider recreation, replays identically and never auto-lists [33m 2621[2mms[22m[39m
     [33m[2m✓[22m[39m refuses conflicting replay without modifying the durable bytes [32m 300[2mms[22m[39m
 [32m✓[39m tests/e2e/desktop-web-export-golden.test.ts [2m([22m[2m39 tests[22m[2m)[22m[33m 18397[2mms[22m[39m
     [33m[2m✓[22m[39m packages a non-model asset from the same validated manifest entry [33m 493[2mms[22m[39m
     [33m[2m✓[22m[39m exports identical projects into byte-identical contained bundles and replays safely [33m 1484[2mms[22m[39m
     [33m[2m✓[22m[39m projects every valid document identity into a valid handoff display name [33m 812[2mms[22m[39m
     [33m[2m✓[22m[39m binds the effective tool version to the packaged renderer bytes [33m 366[2mms[22m[39m
     [33m[2m✓[22m[39m refuses a FIFO accepted asset before preparing export storage [33m 356[2mms[22m[39m
     [33m[2m✓[22m[39m refuses a committed bundle that changes before success [33m 316[2mms[22m[39m
     [33m[2m✓[22m[39m refuses when the source becomes an out-of-root symlink [33m 310[2mms[22m[39m
     [33m[2m✓[22m[39m refuses publication after the held export parent is detached [33m 396[2mms[22m[39m
     [33m[2m✓[22m[39m adds the native publisher only to the Linux runtime build [33m 7396[2mms[22m[39m
     [33m[2m✓[22m[39m streams maximum-size assets through bounded reads [33m 412[2mms[22m[39m
     [33m[2m✓[22m[39m retries an export after an interrupted staging write [33m 477[2mms[22m[39m
     [33m[2m✓[22m[39m reports asset staging write failures as export write failures [33m 486[2mms[22m[39m
     [33m[2m✓[22m[39m classifies delayed asset close failures and still closes the source [33m 364[2mms[22m[39m
     [33m[2m✓[22m[39m refuses assets beyond the aggregate budget before reading their bytes [33m 404[2mms[22m[39m
     [33m[2m✓[22m[39m retries after publication is interrupted before the content address [33m 348[2mms[22m[39m
[90mstderr[2m | tests/e2e/desktop-linux-bridge-golden.test.ts[2m > [22m[2mdesktop bridge — the packaged app's engine paths are real[2m > [22m[2mbuilds a real WebGLRenderer on the canvas path, so node must refuse it
[22m[39mTHREE.WebGLRenderer: THREE.WebGLRenderer: Error creating WebGL context.

 [32m✓[39m apps/web-shell/test/bin-smoke.test.ts [2m([22m[2m9 tests[22m[2m)[22m[33m 6748[2mms[22m[39m
     [33m[2m✓[22m[39m starts and prints usage [33m 1268[2mms[22m[39m
     [33m[2m✓[22m[39m refuses a non-loopback bind with a usage exit rather than serving it [33m 689[2mms[22m[39m
     [33m[2m✓[22m[39m refuses an unknown flag [33m 710[2mms[22m[39m
     [33m[2m✓[22m[39m serves the inspector page and its state on a real socket [33m 841[2mms[22m[39m
     [33m[2m✓[22m[39m drives the default fixture assistant turn against the started process [33m 754[2mms[22m[39m
     [33m[2m✓[22m[39m drives propose → rendered diff → accept against the started process [33m 1416[2mms[22m[39m
     [33m[2m✓[22m[39m refuses an escaping document path from the served process [33m 553[2mms[22m[39m
     [33m[2m✓[22m[39m shuts down cleanly on SIGTERM [33m 482[2mms[22m[39m
 [32m✓[39m tests/boundary/injected-violations.test.ts [2m([22m[2m17 tests[22m[2m)[22m[33m 99115[2mms[22m[39m
     [33m[2m✓[22m[39m control: the unmodified tree passes [33m 19314[2mms[22m[39m
     [33m[2m✓[22m[39m fails on a forbidden manifest dependency edge (cli -> engine-kernel) [33m 4139[2mms[22m[39m
     [33m[2m✓[22m[39m fails on a forbidden manifest dependency edge (plugin-host -> engine-kernel) [33m 4799[2mms[22m[39m
     [33m[2m✓[22m[39m fails on a forbidden source import (cli src imports engine-kernel) [33m 6564[2mms[22m[39m
     [33m[2m✓[22m[39m fails on a forbidden source import (plugin-host src imports engine-kernel) [33m 4875[2mms[22m[39m
     [33m[2m✓[22m[39m fails on a forbidden source import (plugin-host src imports another plugin package) [33m 4800[2mms[22m[39m
     [33m[2m✓[22m[39m fails the Kids boundary on a manifest dependency (catalog-web -> profile-kids) [33m 4775[2mms[22m[39m
     [33m[2m✓[22m[39m fails the Kids boundary on a source import (catalog-web imports profile-kids) [33m 4366[2mms[22m[39m
     [33m[2m✓[22m[39m fails on a release-group stamp mismatch [33m 4374[2mms[22m[39m
     [33m[2m✓[22m[39m fails when a profile drops its core pin [33m 6595[2mms[22m[39m
     [33m[2m✓[22m[39m fails when production source imports a test-only testing/ subpath (billing src) [33m 4700[2mms[22m[39m
     [33m[2m✓[22m[39m fails when an app's production source imports a test-only testing/ subpath [33m 5901[2mms[22m[39m
     [33m[2m✓[22m[39m fails when production source imports the DesktopSession Git authority [33m 5633[2mms[22m[39m
     [33m[2m✓[22m[39m fails when production source imports the bridge-owned Git mutation helper [33m 3709[2mms[22m[39m
     [33m[2m✓[22m[39m fails when a package's own production source reaches its src/testing seam relatively [33m 4805[2mms[22m[39m
     [33m[2m✓[22m[39m allows a test-only seam to name a sibling inside the same src/testing tree [33m 4392[2mms[22m[39m
     [33m[2m✓[22m[39m fails on a shared-prefix sibling escape (cli reaching into cli-shadow) [33m 5367[2mms[22m[39m
 [32m✓[39m tests/contracts/injected-open-path-drift.test.ts [2m([22m[2m12 tests[22m[2m)[22m[33m 11404[2mms[22m[39m
     [33m[2m✓[22m[39m control: the unmodified tree passes [33m 1002[2mms[22m[39m
     [33m[2m✓[22m[39m fails when a row claims shipping readiness [33m 766[2mms[22m[39m
     [33m[2m✓[22m[39m fails when the Kids row stops being refuse-only [33m 1163[2mms[22m[39m
     [33m[2m✓[22m[39m fails when the Kids row gains an operation [33m 962[2mms[22m[39m
     [33m[2m✓[22m[39m fails when a row drops its committed evidence [33m 593[2mms[22m[39m
     [33m[2m✓[22m[39m fails when a row names evidence that no longer exists [33m 898[2mms[22m[39m
     [33m[2m✓[22m[39m fails when a row changes in the fixture but not in the doc table [33m 730[2mms[22m[39m
     [33m[2m✓[22m[39m fails when a profile is added to the fixture but not to the doc table [33m 1170[2mms[22m[39m
     [33m[2m✓[22m[39m fails on a duplicate profile row [33m 886[2mms[22m[39m
     [33m[2m✓[22m[39m fails when the doc lockstep markers are missing [33m 863[2mms[22m[39m
     [33m[2m✓[22m[39m fails when the doc stops naming the canonical fixture path [33m 1259[2mms[22m[39m
     [33m[2m✓[22m[39m fails when the fixture file is unreadable [33m 1104[2mms[22m[39m
[90mstdout[2m | packages/engine-kernel/test/final-acceptance.test.ts[2m > [22m[2msustains combined maximum entity/queue/history loads and refuses the next event without drift
[22m[39mcombined maximum capacity, three complete runs (ms) [ [33m2124[39m, [33m2365[39m, [33m1774[39m ]

 [32m✓[39m packages/engine-kernel/test/final-acceptance.test.ts [2m([22m[2m5 tests[22m[2m)[22m[33m 6336[2mms[22m[39m
   [33m[2m✓[22m[39m sustains combined maximum entity/queue/history loads and refuses the next event without drift [33m 6271[2mms[22m[39m
 [32m✓[39m tests/e2e/rarity-provider-desktop-golden.test.ts [2m([22m[2m30 tests[22m[2m)[22m[33m 8266[2mms[22m[39m
     [33m[2m✓[22m[39m stages a real diff, accepts atomically, reopens, and presents the replayed kernel evidence [33m 1044[2mms[22m[39m
     [33m[2m✓[22m[39m keeps the composed scene open path identical whether or not rarity is accepted [33m 705[2mms[22m[39m
     [33m[2m✓[22m[39m plays and kernel-verifies a legacy evidence-less rarity namespace [33m 524[2mms[22m[39m
     [33m[2m✓[22m[39m refuses Agent staging when another proposal enters review while the provider runs [33m 317[2mms[22m[39m
     [33m[2m✓[22m[39m preserves staged rarity evidence through pending recovery and retires it on reject [33m 307[2mms[22m[39m
     [33m[2m✓[22m[39m reconciles assistant rarity settlement after restart and Undo [33m 335[2mms[22m[39m
     [33m[2m✓[22m[39m retires applied Assistant evidence when status proves its namespace changed [33m 355[2mms[22m[39m
     [33m[2m✓[22m[39m replays an identical event and refuses changed request bytes under that event id [33m 925[2mms[22m[39m
     [33m[2m✓[22m[39m kernel-verifies an identical replay before reporting provider evidence [33m 335[2mms[22m[39m
     [33m[2m✓[22m[39m extends evidence-less history without rewriting prior provenance [33m 319[2mms[22m[39m
     [33m[2m✓[22m[39m allows a new event to carry different model evidence [33m 377[2mms[22m[39m
     [33m[2m✓[22m[39m refuses a tampered accepted provenance before Run can claim a result [33m 390[2mms[22m[39m
 [32m✓[39m desktop/linux/test/viewport-terminal-lifecycle.test.ts [2m([22m[2m18 tests[22m[2m)[22m[33m 3367[2mms[22m[39m
     [33m[2m✓[22m[39m stops all allocated root resources once and fences retained entry points [33m 945[2mms[22m[39m
     [33m[2m✓[22m[39m pagehide during input readiness cannot allocate or issue later IPC [33m 456[2mms[22m[39m
 [32m✓[39m tests/e2e/desktop-linux-bridge-golden.test.ts [2m([22m[2m58 tests[22m[2m)[22m[33m 7694[2mms[22m[39m
     [33m[2m✓[22m[39m serves authored presentation catalogs with the composed MountableScene [33m 598[2mms[22m[39m
     [33m[2m✓[22m[39m reports runtime absence, request failure, and in-flight product state through mounted chrome [33m 383[2mms[22m[39m
     [33m[2m✓[22m[39m reconciles each rarity presentation surface to accepted provenance [33m 361[2mms[22m[39m
     [33m[2m✓[22m[39m retires displayed evidence when Reload proves document-not-found [33m 321[2mms[22m[39m
     [33m[2m✓[22m[39m starts Build and Agent through the bridge and refuses every other composer mode [33m 446[2mms[22m[39m
     [33m[2m✓[22m[39m synchronizes the mounted viewport scene and restores it after a refused replacement [33m 518[2mms[22m[39m
 [32m✓[39m apps/desktop-shell/test/control-accounting-settings.test.ts [2m([22m[2m1 test[22m[2m)[22m[33m 4139[2mms[22m[39m
   [33m[2m✓[22m[39m pins settings form inputs, selects, and JSON textareas [33m 4125[2mms[22m[39m
 [32m✓[39m tests/e2e/desktop-chrome-frame-command-interactions-golden.test.ts [2m([22m[2m7 tests[22m[2m)[22m[33m 4264[2mms[22m[39m
     [33m[2m✓[22m[39m closes an open menu when focus leaves it by keyboard [33m 567[2mms[22m[39m
     [33m[2m✓[22m[39m keeps a menu within its root and closes after the trigger loses focus [33m 794[2mms[22m[39m
     [33m[2m✓[22m[39m closes an open menu when the click lands outside it [33m 579[2mms[22m[39m
     [33m[2m✓[22m[39m returns focus to the menu trigger when Escape closes the menu [33m 744[2mms[22m[39m
     [33m[2m✓[22m[39m returns focus to the menu trigger when a menu item is invoked [33m 840[2mms[22m[39m
     [33m[2m✓[22m[39m moves between menu items with the arrow keys its role advertises [33m 306[2mms[22m[39m
     [33m[2m✓[22m[39m opens the overlay each status shortcut declares [33m 425[2mms[22m[39m
 [32m✓[39m packages/schemas/test/legacy-import-compat.test.ts [2m([22m[2m6 tests[22m[2m)[22m[33m 9016[2mms[22m[39m
   [33m[2m✓[22m[39m keeps the transpiled browser root graph entirely outside Node-only modules [33m 3775[2mms[22m[39m
   [33m[2m✓[22m[39m compiles the original public root consumer signatures without emitting files [33m 4959[2mms[22m[39m
 [32m✓[39m tests/e2e/desktop-scene-property-golden.test.ts [2m([22m[2m7 tests[22m[2m)[22m[33m 7141[2mms[22m[39m
     [33m[2m✓[22m[39m stages desktop properties through registered hierarchy authority [33m 794[2mms[22m[39m
     [33m[2m✓[22m[39m reviews without writing, saves atomically, reopens persisted bytes, and plays the saved transform [33m 1054[2mms[22m[39m
     [33m[2m✓[22m[39m returns the hierarchy input refusal and the CLI conflict reason [33m 339[2mms[22m[39m
     [33m[2m✓[22m[39m produces byte-identical canonical output through protocol, CLI, and desktop [33m 1533[2mms[22m[39m
     [33m[2m✓[22m[39m settles selected transforms and add/remove through review, persistence, undo, and Play [33m 2058[2mms[22m[39m
     [33m[2m✓[22m[39m keeps canonical transform and add bytes identical across desktop, protocol, and CLI [33m 1223[2mms[22m[39m
 [32m✓[39m tests/e2e/asset-ingestion-golden.test.ts [2m([22m[2m9 tests[22m[2m)[22m[33m 5263[2mms[22m[39m
     [33m[2m✓[22m[39m carries imported clips through Play without changing authoring bytes [33m 858[2mms[22m[39m
     [33m[2m✓[22m[39m keeps Reject byte-clean, accepts atomically, and reopens undefined triangles with '#ffffff' [33m 986[2mms[22m[39m
     [33m[2m✓[22m[39m keeps Reject byte-clean, accepts atomically, and reopens 'OPAQUE' triangles with '#ffffff' [33m 818[2mms[22m[39m
     [33m[2m✓[22m[39m keeps Reject byte-clean, accepts atomically, and reopens 'OPAQUE' triangles with '#3399e6' [33m 742[2mms[22m[39m
     [33m[2m✓[22m[39m refuses BLEND materials through desktop and CLI without writing project bytes [33m 616[2mms[22m[39m
     [33m[2m✓[22m[39m refuses MASK materials through desktop and CLI without writing project bytes [33m 420[2mms[22m[39m
     [33m[2m✓[22m[39m refuses UNKNOWN materials through desktop and CLI without writing project bytes [33m 324[2mms[22m[39m
     [33m[2m✓[22m[39m produces byte-identical accepted desktop and CLI projects [33m 420[2mms[22m[39m
 [32m✓[39m desktop/linux/test/native-assistant-scene-compat.test.ts [2m([22m[2m14 tests[22m[2m)[22m[33m 4235[2mms[22m[39m
     [33m[2m✓[22m[39m runs create/rename through real E1 review, accept and fresh bridge reopen [33m 1537[2mms[22m[39m
     [33m[2m✓[22m[39m renames an existing artifact without changing artifact bytes, placement or selection [33m 364[2mms[22m[39m
     [33m[2m✓[22m[39m preserves node kind/name through rename, legacy reparent, transform edits and reopen [33m 994[2mms[22m[39m
 [32m✓[39m apps/desktop-shell/test/control-accounting.test.ts [2m([22m[2m14 tests[22m[2m)[22m[33m 9232[2mms[22m[39m
     [33m[2m✓[22m[39m renders every control the view builds, with the kind it declares [33m 720[2mms[22m[39m
     [33m[2m✓[22m[39m keeps an inert control's reason resolvable wherever it is rendered [33m 1992[2mms[22m[39m
     [33m[2m✓[22m[39m routes every action button through the one button helper [33m 1206[2mms[22m[39m
     [33m[2m✓[22m[39m mints every rendered control id in the model [33m 988[2mms[22m[39m
     [33m[2m✓[22m[39m adds no interactive element the button helper cannot own [33m 551[2mms[22m[39m
     [33m[2m✓[22m[39m keeps the product loop's own status on screen at every tier [33m 1153[2mms[22m[39m
     [33m[2m✓[22m[39m never declares a control live over a region its profile keeps shut [33m 1066[2mms[22m[39m
     [33m[2m✓[22m[39m never lights or presses the assistant toggle over a hidden column [33m 768[2mms[22m[39m
 [32m✓[39m apps/desktop-shell/test/control-accounting-inspector.test.ts [2m([22m[2m1 test[22m[2m)[22m[33m 5848[2mms[22m[39m
   [33m[2m✓[22m[39m pins inspector inputs, selects, and catalog textareas [33m 5846[2mms[22m[39m
 [32m✓[39m tests/e2e/desktop-project-browser-golden.test.ts [2m([22m[2m1 test[22m[2m)[22m[33m 5665[2mms[22m[39m
     [33m[2m✓[22m[39m lists, selects, opens, restores, and safely refuses protected mutation through the real seams [33m 5648[2mms[22m[39m
 [32m✓[39m apps/desktop-shell/test/control-accounting-viewport.test.ts [2m([22m[2m1 test[22m[2m)[22m[33m 3710[2mms[22m[39m
   [33m[2m✓[22m[39m pins the viewport source field and declares every viewport control [33m 3709[2mms[22m[39m
 [32m✓[39m tests/e2e/asset-pipeline-golden.test.ts [2m([22m[2m6 tests[22m[2m)[22m[33m 3609[2mms[22m[39m
     [33m[2m✓[22m[39m admits every required family with deterministic validation, preview, provenance, and contained copies [33m 1760[2mms[22m[39m
     [33m[2m✓[22m[39m stages digest hot reload by stable identity and keeps accepted bytes untouched until approval [33m 634[2mms[22m[39m
     [33m[2m✓[22m[39m exposes import and hot reload through the CLI without using ambient paths as identity [33m 303[2mms[22m[39m
     [33m[2m✓[22m[39m keeps model identity and canonical-byte Play loading intact across an approved reload [33m 684[2mms[22m[39m
 [32m✓[39m packages/engine-presentation/test/declaration-consumer.test.ts [2m([22m[2m1 test[22m[2m)[22m[33m 12255[2mms[22m[39m
     [33m[2m✓[22m[39m accepts numeric controls but rejects content/scene/renderer authority using actual emitted declarations [33m 12253[2mms[22m[39m
 [32m✓[39m apps/desktop-shell/test/chrome.test.ts [2m([22m[2m42 tests[22m[2m)[22m[33m 7030[2mms[22m[39m
     [33m[2m✓[22m[39m requests nothing over the network from any state [33m 1236[2mms[22m[39m
     [33m[2m✓[22m[39m makes every action a real button and keeps prompt order in the DOM [33m 1020[2mms[22m[39m
     [33m[2m✓[22m[39m gives every element a unique, well-formed id [33m 696[2mms[22m[39m
     [33m[2m✓[22m[39m never lights or presses the assistant toggle over a hidden column [33m 325[2mms[22m[39m
     [33m[2m✓[22m[39m never invents a digest, a byte size, a frame rate, or a timing [33m 568[2mms[22m[39m
     [33m[2m✓[22m[39m locks the assistant on Kids and can be reached by a client switch [33m 360[2mms[22m[39m
 [32m✓[39m packages/cli/test/final-acceptance.test.ts [2m([22m[2m38 tests[22m[2m)[22m[33m 3604[2mms[22m[39m
     [33m[2m✓[22m[39m built watch introspection --help exits without a watcher [33m 724[2mms[22m[39m
     [33m[2m✓[22m[39m built watch introspection -h exits without a watcher [33m 360[2mms[22m[39m
     [33m[2m✓[22m[39m built watch introspection --version exits without a watcher [33m 495[2mms[22m[39m
     [33m[2m✓[22m[39m built watch introspection --json=true exits without a watcher [33m 812[2mms[22m[39m
     [33m[2m✓[22m[39m built watch introspection --help=1 exits without a watcher [33m 548[2mms[22m[39m
     [33m[2m✓[22m[39m built watch introspection --version=1 exits without a watcher [33m 519[2mms[22m[39m
 [32m✓[39m apps/desktop-shell/test/control-accounting-tree.test.ts [2m([22m[2m1 test[22m[2m)[22m[33m 4311[2mms[22m[39m
   [33m[2m✓[22m[39m pins tree fields and their declared kinds [33m 4310[2mms[22m[39m
 [32m✓[39m apps/desktop-shell/test/control-accounting-frame.test.ts [2m([22m[2m1 test[22m[2m)[22m[33m 4698[2mms[22m[39m
   [33m[2m✓[22m[39m renders frame landmarks with classified buttons and no unpinned fields [33m 4692[2mms[22m[39m
 [32m✓[39m packages/importers/test/document-import.test.ts [2m([22m[2m10 tests[22m[2m)[22m[33m 3203[2mms[22m[39m
     [33m[2m✓[22m[39m refuses depth/byte/value excess through propose and apply without writes [33m 464[2mms[22m[39m
   [33m[2m✓[22m[39m AP-04 admits exact byte/value ceilings and refuses the next unit [33m 2589[2mms[22m[39m
 [32m✓[39m apps/desktop-shell/test/control-accounting-palette.test.ts [2m([22m[2m1 test[22m[2m)[22m[33m 5047[2mms[22m[39m
   [33m[2m✓[22m[39m renders the palette landmark with classified buttons and no unpinned fields [33m 5032[2mms[22m[39m
 [32m✓[39m tests/e2e/contained-git-golden.test.ts [2m([22m[2m3 tests[22m[2m)[22m[33m 3055[2mms[22m[39m
     [33m[2m✓[22m[39m returns one repository state and commit-preparation evidence across desktop, CLI, and local-agent clients [33m 1817[2mms[22m[39m
     [33m[2m✓[22m[39m refuses a second process owner and releases the root lease synchronously [33m 945[2mms[22m[39m
 [32m✓[39m packages/site-kit/test/editor-shell.test.ts [2m([22m[2m26 tests[22m[2m)[22m[33m 2440[2mms[22m[39m
     [33m[2m✓[22m[39m declares the run link as what it does, never a pause it does not perform [33m 467[2mms[22m[39m
 [32m✓[39m apps/desktop-shell/test/control-accounting-dock.test.ts [2m([22m[2m1 test[22m[2m)[22m[33m 5399[2mms[22m[39m
   [33m[2m✓[22m[39m pins the dock's timeline fields and declares every control [33m 5397[2mms[22m[39m
 [32m✓[39m desktop/linux/test/scene-physics-mutation-consumer.test.ts [2m([22m[2m2 tests[22m[2m)[22m[33m 6965[2mms[22m[39m
     [33m[2m✓[22m[39m public desktop consumer refuses malformed fields with zero partial apply/accessor hooks [33m 6824[2mms[22m[39m
 [31m❯[39m tests/sites/provider-adapters.test.ts [2m([22m[2m49 tests[22m[2m | [22m[31m1 failed[39m[2m)[22m[33m 4918[2mms[22m[39m
     [33m[2m✓[22m[39m compiles the formerly supported unknown-column SDK consumer without assertions [33m 4728[2mms[22m[39m
     [32m✓[39m refuses invalid identity columns before constructing a trusted user: {"user_id":7}[32m 2[2mms[22m[39m
     [32m✓[39m refuses invalid identity columns before constructing a trusted user: {"email_verified":"true"}[32m 0[2mms[22m[39m
     [32m✓[39m refuses invalid identity columns before constructing a trusted user: {"disabled":0}[32m 0[2mms[22m[39m
     [32m✓[39m refuses invalid identity columns before constructing a trusted user: {"created_at":"not-a-date"}[32m 0[2mms[22m[39m
     [32m✓[39m refuses invalid identity columns before constructing a trusted user: {"email":{}}[32m 3[2mms[22m[39m
     [32m✓[39m decodes real SQL bigint and timestamp columns while rejecting unsafe integer values[32m 6[2mms[22m[39m
     [32m✓[39m emits stable JSON events and redacts secrets, tokens, emails, URLs, and unapproved fields[32m 2[2mms[22m[39m
     [32m✓[39m writes exactly one safe event for each webhook outcome[32m 6[2mms[22m[39m
     [32m✓[39m builds hermetically from typed evidence without reading env or a network default[32m 6[2mms[22m[39m
     [32m✓[39m provisions one account with the SceneAxi user exactly once at authentication[32m 9[2mms[22m[39m
     [32m✓[39m reconciles the provider's address and verification state on every authentication[32m 3[2mms[22m[39m
     [32m✓[39m maps provider rows to identity sessions and preserves the token digest boundary[32m 6[2mms[22m[39m
     [32m✓[39m round-trips a session row through the Neon store's write, read, and delete[32m 1[2mms[22m[39m
     [32m✓[39m grants the starter and spends through the Neon store's append-or-replay boundary[32m 18[2mms[22m[39m
     [32m✓[39m persists a TEST intent before creating Stripe checkout and stamps contract metadata[32m 5[2mms[22m[39m
     [32m✓[39m replays a persisted intent when the same idempotency key is submitted again[32m 5[2mms[22m[39m
     [32m✓[39m runs a persisted TEST intent through grant, dispute, partial refund, and replay on the Neon adapter[32m 36[2mms[22m[39m
     [32m✓[39m fails closed when the deployment has no Neon provider[32m 1[2mms[22m[39m
     [32m✓[39m echoes Stripe's retrieved session id so the core parser owns mismatch refusal[32m 1[2mms[22m[39m
     [32m✓[39m refuses a Kids surface on both halves of the session row path[32m 1[2mms[22m[39m
     [32m✓[39m refuses a Kids surface before the provider or the provisioning write[32m 6[2mms[22m[39m
     [32m✓[39m constructs Stripe from both the CommonJS and the ES module export shape[32m 1[2mms[22m[39m
     [32m✓[39m reads the Neon factory from a CommonJS or an ES module namespace[32m 1[2mms[22m[39m
     [32m✓[39m accepts a remote auth origin only over https or an exact loopback host[32m 1[2mms[22m[39m
[31m     [31m×[31m builds its provider loader in a form a production bundler cannot replace[39m[32m 22[2mms[22m[39m
     [32m✓[39m pins a Node floor that has the builtin-module accessor its loader needs[32m 1[2mms[22m[39m
     [32m✓[39m commits both sale legs and the share record through one transaction[32m 6[2mms[22m[39m
     [32m✓[39m replays an identical settlement from the committed rows without appending[32m 1[2mms[22m[39m
     [32m✓[39m refuses a second settlement of the same sale carrying different evidence[32m 1[2mms[22m[39m
     [32m✓[39m refuses a leg whose account belongs to the other settlement party[32m 0[2mms[22m[39m
     [32m✓[39m refuses to settle a sale when the provider offers no transaction[32m 3[2mms[22m[39m
     [32m✓[39m keeps a sale leg out of the plain append path[32m 1[2mms[22m[39m
     [32m✓[39m maps a persisted Connect account back to the public ConnectStore record[32m 1[2mms[22m[39m
     [32m✓[39m writes the exact live-mode audit contract through Neon[32m 3[2mms[22m[39m
     [32m✓[39m resolves the session Better Auth's sign-in answer does not carry[32m 5[2mms[22m[39m
     [32m✓[39m uses an inline session when the provider states one, without a second request[32m 2[2mms[22m[39m
     [32m✓[39m refuses credentials only when the sign-in request rejects them[32m 0[2mms[22m[39m
     [32m✓[39m throws on a provider fault rather than reporting a failed sign-in[32m 1[2mms[22m[39m
     [32m✓[39m replays a folded set-cookie answer without splitting a cookie date attribute[32m 0[2mms[22m[39m
     [32m✓[39m reports a provider that accepts the lookup but names no session as a fault[32m 0[2mms[22m[39m
     [32m✓[39m reports a successful answer that names no session and no token as a fault[32m 0[2mms[22m[39m
     [32m✓[39m never attributes a session to a user the provider did not name as its owner[32m 0[2mms[22m[39m
     [32m✓[39m rejects unsupported JS instances before persistence: Map{ 'answer' => 'charged answer' }[32m 1[2mms[22m[39m
     [32m✓[39m rejects unsupported JS instances before persistence: Thu Jan 01 1970 01:00:00 GMT+0100 (Central European Standard Time)[32m 0[2mms[22m[39m
     [32m✓[39m rejects unsupported JS instances before persistence: 1n[32m 0[2mms[22m[39m
     [32m✓[39m does not invoke accessors or toJSON hooks before rejecting a supplied response[32m 8[2mms[22m[39m
     [32m✓[39m preserves a JSON answer through persisted response-ready restart with an owned frozen snapshot[32m 1[2mms[22m[39m
     [32m✓[39m rejects malformed response-ready output rather than returning it as trusted recovery[32m 0[2mms[22m[39m
 [32m✓[39m packages/site-kit/test/catalog-server-fetch.test.ts [2m([22m[2m50 tests[22m[2m)[22m[33m 1449[2mms[22m[39m
     [33m[2m✓[22m[39m reads through the real own-session handler seam without a provider or socket [33m 1014[2mms[22m[39m
 [32m✓[39m tests/e2e/desktop-physics-golden.test.ts [2m([22m[2m4 tests[22m[2m)[22m[33m 2885[2mms[22m[39m
     [33m[2m✓[22m[39m opts into initialized Rapier through review, refuses an absent host, and reopens identically [33m 1648[2mms[22m[39m
     [33m[2m✓[22m[39m authors bodies through review and replays identical Play snapshots without writing [33m 848[2mms[22m[39m
 [32m✓[39m tests/desktop/desktop-project-browser.test.ts [2m([22m[2m11 tests[22m[2m)[22m[33m 3825[2mms[22m[39m
     [33m[2m✓[22m[39m binds browser metadata, authoring status, and scene projection to one document hash [33m 652[2mms[22m[39m
     [33m[2m✓[22m[39m confirmation-gates immutable rename/delete and names dirty, duplicate, traversal, and outside-root refusals [33m 448[2mms[22m[39m
     [33m[2m✓[22m[39m refuses distinct manifest identities that alias one path and mismatched media metadata [33m 828[2mms[22m[39m
     [33m[2m✓[22m[39m refreshes changed asset validation without reparsing an unchanged document [33m 365[2mms[22m[39m
     [33m[2m✓[22m[39m refuses noncanonical persisted selections instead of silently restoring another file [33m 317[2mms[22m[39m
 [32m✓[39m tests/e2e/desktop-prefab-golden.test.ts [2m([22m[2m2 tests[22m[2m)[22m[33m 2026[2mms[22m[39m
     [33m[2m✓[22m[39m defines, instances, overrides, and inspects the same resolved graph across clients [33m 768[2mms[22m[39m
     [33m[2m✓[22m[39m refuses a source refresh that would silently drop overrides [33m 1252[2mms[22m[39m
 [32m✓[39m packages/billing/test/credit-pack-grant-anchor.test.ts [2m([22m[2m1 test[22m[2m)[22m[33m 1020[2mms[22m[39m
     [33m[2m✓[22m[39m grants both current and retained revisions from archived credits [33m 1011[2mms[22m[39m
 [32m✓[39m tests/sites/maintenance-compat.test.ts [2m([22m[2m12 tests[22m[2m)[22m[33m 2047[2mms[22m[39m
     [33m[2m✓[22m[39m catalog-game P4 preserves large/ok legacy props and explicit variant precedence [33m 302[2mms[22m[39m
     [33m[2m✓[22m[39m P5 executes current TEST checkout attempt uniqueness and LIVE/unwired refusal [33m 373[2mms[22m[39m
 [32m✓[39m tests/e2e/desktop-asset-import-order-golden.test.ts [2m([22m[2m4 tests[22m[2m)[22m[33m 3026[2mms[22m[39m
     [33m[2m✓[22m[39m imports aaa-sorts-first.gltf and Play still composes [33m 614[2mms[22m[39m
     [33m[2m✓[22m[39m imports zzz-sorts-last.gltf and Play still composes [33m 453[2mms[22m[39m
     [33m[2m✓[22m[39m hot reloads a model that sorts first and Play still composes [33m 742[2mms[22m[39m
     [33m[2m✓[22m[39m imports after transform edits and after a second import that sorts first [33m 1209[2mms[22m[39m
 [32m✓[39m tests/e2e/desktop-hierarchy-golden.test.ts [2m([22m[2m17 tests[22m[2m)[22m[33m 5460[2mms[22m[39m
     [33m[2m✓[22m[39m keeps hierarchy data out of generic project status [33m 636[2mms[22m[39m
     [33m[2m✓[22m[39m stages one deterministic reparent transaction, then survives save, reopen, Play, undo, and redo [33m 583[2mms[22m[39m
     [33m[2m✓[22m[39m commits byte-identical reparent results for desktop, CLI, and assistant clients [33m 367[2mms[22m[39m
     [33m[2m✓[22m[39m creates and multi-removes only validated local objects through review [33m 403[2mms[22m[39m
     [33m[2m✓[22m[39m preserves stale refusal until an explicit current selection recovers it [33m 681[2mms[22m[39m
     [33m[2m✓[22m[39m refuses manifest-backed create and remove without staging or rewriting bytes [33m 387[2mms[22m[39m
     [33m[2m✓[22m[39m refuses inconsistent asset manifests across hierarchy and Play before copy recovery [33m 710[2mms[22m[39m
 [32m✓[39m tests/desktop/desktop-macos-packaging.test.ts [2m([22m[2m10 tests[22m[2m)[22m[33m 1971[2mms[22m[39m
     [33m[2m✓[22m[39m keeps every noncanonical release context non-linkable [33m 1228[2mms[22m[39m
     [33m[2m✓[22m[39m verifies the recorded commit against the checkout instead of trusting its shape [33m 326[2mms[22m[39m
     [33m[2m✓[22m[39m smokes the packaging contract and refuses every absent release input [33m 341[2mms[22m[39m
 [32m✓[39m desktop/linux/test/scene-animation-mutation-consumer.test.ts [2m([22m[2m2 tests[22m[2m)[22m[33m 4217[2mms[22m[39m
     [33m[2m✓[22m[39m public desktop consumer refuses malformed fields with zero partial apply/accessor hooks [33m 4039[2mms[22m[39m
 [32m✓[39m apps/desktop-shell/test/legacy-editor-compat.test.ts [2m([22m[2m8 tests[22m[2m)[22m[33m 4203[2mms[22m[39m
     [33m[2m✓[22m[39m confirms only approved current game replies after synchronous denial [33m 487[2mms[22m[39m
     [33m[2m✓[22m[39m denies refused, mismatching and cancelled project requests without restoration [33m 1005[2mms[22m[39m
     [33m[2m✓[22m[39m rejects stale root, profile and generation approvals [33m 2233[2mms[22m[39m
 [32m✓[39m apps/desktop-shell/test/control-accounting-assistant.test.ts [2m([22m[2m1 test[22m[2m)[22m[33m 5683[2mms[22m[39m
   [33m[2m✓[22m[39m pins the assistant prompt and declares every assistant control [33m 5653[2mms[22m[39m
 [32m✓[39m tests/desktop/desktop-scene-property.test.ts [2m([22m[2m12 tests[22m[2m)[22m[33m 4575[2mms[22m[39m
     [33m[2m✓[22m[39m stages translation, rotation, and scale as real composition edits without writing [33m 1435[2mms[22m[39m
     [33m[2m✓[22m[39m adds and removes only validated local artifact instances [33m 934[2mms[22m[39m
     [33m[2m✓[22m[39m refuses object creation at the composition instance budget by name [33m 690[2mms[22m[39m
 [32m✓[39m tests/sdk/engine-sdk.test.ts [2m([22m[2m28 tests[22m[2m)[22m[33m 5825[2mms[22m[39m
     [33m[2m✓[22m[39m rebuilds to the same bytes and the same checksum [33m 703[2mms[22m[39m
     [33m[2m✓[22m[39m excludes node_modules [33m 602[2mms[22m[39m
     [33m[2m✓[22m[39m excludes /dist/ [33m 1315[2mms[22m[39m
     [33m[2m✓[22m[39m excludes .env [33m 447[2mms[22m[39m
     [33m[2m✓[22m[39m publishes a manifest with no secret and no absolute host path [33m 414[2mms[22m[39m
     [33m[2m✓[22m[39m refuses when a required doc is missing [33m 367[2mms[22m[39m
 [32m✓[39m tests/e2e/desktop-chrome-tree-product-loop-golden.test.ts [2m([22m[2m2 tests[22m[2m)[22m[33m 3863[2mms[22m[39m
     [33m[2m✓[22m[39m keeps click and keyboard multi-selection in canonical hierarchy order [33m 1336[2mms[22m[39m
     [33m[2m✓[22m[39m renders object identity and current parentage after reparent and reopen [33m 2488[2mms[22m[39m
 [32m✓[39m tests/e2e/desktop-project-lifecycle-golden.test.ts [2m([22m[2m1 test[22m[2m)[22m[33m 3698[2mms[22m[39m
     [33m[2m✓[22m[39m drives first launch, create, cancel, open, recent removal, and restart over the preload-shaped host [33m 3696[2mms[22m[39m
 [32m✓[39m tests/e2e/desktop-chrome-inspector-product-loop-golden.test.ts [2m([22m[2m1 test[22m[2m)[22m[33m 4505[2mms[22m[39m
     [33m[2m✓[22m[39m keeps the property panel on the staged then saved value without reopening or reselecting [33m 4503[2mms[22m[39m
 [32m✓[39m packages/plugin-host/test/seam.test.ts [2m([22m[2m5 tests[22m[2m)[22m[33m 3559[2mms[22m[39m
     [33m[2m✓[22m[39m refuses changed entry and local transitive helper across hosts, clears addressable old state [33m 3397[2mms[22m[39m
 [32m✓[39m tests/e2e/desktop-animation-golden.test.ts [2m([22m[2m2 tests[22m[2m)[22m[33m 2901[2mms[22m[39m
     [33m[2m✓[22m[39m authors clips through review, scrubs without writing, and replays identical Play samples [33m 1868[2mms[22m[39m
     [33m[2m✓[22m[39m names missing targets, invalid ranges, unsupported interpolation, and unbound imported data [33m 917[2mms[22m[39m
 [32m✓[39m tests/contracts/no-committed-secrets.test.ts [2m([22m[2m16 tests[22m[2m)[22m[33m 7667[2mms[22m[39m
     [33m[2m✓[22m[39m commits no a Stripe secret key [33m 1357[2mms[22m[39m
     [33m[2m✓[22m[39m commits no a Neon host [33m 376[2mms[22m[39m
     [33m[2m✓[22m[39m commits no an assigned DATABASE_URL [33m 360[2mms[22m[39m
     [33m[2m✓[22m[39m commits no an assigned STRIPE_SECRET_KEY [33m 518[2mms[22m[39m
     [33m[2m✓[22m[39m commits no an assigned STRIPE_WEBHOOK_SECRET [33m 384[2mms[22m[39m
     [33m[2m✓[22m[39m commits no an assigned BETTER_AUTH_SECRET [33m 1717[2mms[22m[39m
     [33m[2m✓[22m[39m ignores .env while tracking .env.example [33m 2421[2mms[22m[39m
 [32m✓[39m packages/authoring-core/test/local-project-build.test.ts [2m([22m[2m30 tests[22m[2m)[22m[33m 7659[2mms[22m[39m
     [33m[2m✓[22m[39m enforces a finite byte budget without output [33m 857[2mms[22m[39m
     [33m[2m✓[22m[39m rolls back an actual final-receipt write failure and permits a clean retry [33m 315[2mms[22m[39m
     [33m[2m✓[22m[39m executes only owned bytes after late directory-symlink at the spawn boundary [33m 569[2mms[22m[39m
     [33m[2m✓[22m[39m executes only owned bytes after late project-symlink at the spawn boundary [33m 1907[2mms[22m[39m
     [33m[2m✓[22m[39m does not execute artifact-runtime-symlink substituted in the owned namespace at spawn [33m 1944[2mms[22m[39m
     [33m[2m✓[22m[39m does not execute bootstrap-symlink substituted in the owned namespace at spawn [33m 633[2mms[22m[39m
 [32m✓[39m tests/db/migrate-process.test.ts [2m([22m[2m3 tests[22m[2m)[22m[33m 8104[2mms[22m[39m
     [33m[2m✓[22m[39m applies once, no-ops on rerun, refuses checksum drift, and honors dry-run [33m 6720[2mms[22m[39m
     [33m[2m✓[22m[39m adopts verified migrations only when tracking is absent or empty [33m 798[2mms[22m[39m
     [33m[2m✓[22m[39m refuses a migration that manages its own transaction and keeps the password out of argv [33m 583[2mms[22m[39m
 [32m✓[39m tests/e2e/desktop-chrome-inspector-command-interactions-golden.test.ts [2m([22m[2m3 tests[22m[2m)[22m[33m 8910[2mms[22m[39m
     [33m[2m✓[22m[39m dispatches Stop and Reset from the Run inspector [33m 5313[2mms[22m[39m
     [33m[2m✓[22m[39m names malformed inspector JSON and refuses before host dispatch [33m 1742[2mms[22m[39m
     [33m[2m✓[22m[39m dispatches inspector reads for all four registered catalogs [33m 1850[2mms[22m[39m
 [32m✓[39m desktop/linux/test/catalog-authoring-protocol.test.ts [2m([22m[2m14 tests[22m[2m)[22m[33m 4075[2mms[22m[39m
     [33m[2m✓[22m[39m animation-apply translates foreign plain renderer mutation into real review and persists only after acceptance [33m 1191[2mms[22m[39m
     [33m[2m✓[22m[39m animation-apply preserves malformed, range, accessor and stale refusal without hooks or writes [33m 734[2mms[22m[39m
     [33m[2m✓[22m[39m physics-apply translates foreign plain renderer mutation into real review and persists only after acceptance [33m 309[2mms[22m[39m
     [33m[2m✓[22m[39m material-apply translates foreign plain renderer mutation into real review and persists only after acceptance [33m 787[2mms[22m[39m
     [33m[2m✓[22m[39m effect-apply preserves malformed, range, accessor and stale refusal without hooks or writes [33m 355[2mms[22m[39m
 [32m✓[39m apps/desktop-shell/test/minimum-window.test.ts [2m([22m[2m5 tests[22m[2m)[22m[33m 11922[2mms[22m[39m
     [33m[2m✓[22m[39m focuses the real named refusal when opened below minimum and falls back safely on restore [33m 1121[2mms[22m[39m
     [33m[2m✓[22m[39m does not return focus to a removed opener [33m 2807[2mms[22m[39m
     [33m[2m✓[22m[39m dismisses a menu on refusal and returns to its trigger only after resizing [33m 4542[2mms[22m[39m
     [33m[2m✓[22m[39m dismisses dialogs without reopening them and restores their original opener [33m 2358[2mms[22m[39m
     [33m[2m✓[22m[39m uses either dimension, allows the exact minimum and does not steal moved focus [33m 1091[2mms[22m[39m
 [32m✓[39m desktop/linux/test/scene-materials-mutation-consumer.test.ts [2m([22m[2m2 tests[22m[2m)[22m[33m 5147[2mms[22m[39m
     [33m[2m✓[22m[39m public desktop consumer admits a positive fixture without mutating the original [33m 454[2mms[22m[39m
     [33m[2m✓[22m[39m public desktop consumer refuses malformed fields with zero partial apply/accessor hooks [33m 4691[2mms[22m[39m
(node:1901638) ExperimentalWarning: Transform Types is an experimental feature and might change at any time
(Use `node --trace-warnings ...` to show where the warning was created)
 [32m✓[39m packages/engine-kernel/test/legacy-digest.test.ts [2m([22m[2m7 tests[22m[2m)[22m[33m 7757[2mms[22m[39m
   [33m[2m✓[22m[39m keeps the kernel digest runtime browser-safe without Node crypto imports [33m 7724[2mms[22m[39m
 [32m✓[39m tests/e2e/desktop-control-inventory-golden.test.ts [2m([22m[2m6 tests[22m[2m)[22m[33m 19874[2mms[22m[39m
     [33m[2m✓[22m[39m renders stale hierarchy recovery until an explicit selection succeeds [33m 1351[2mms[22m[39m
     [33m[2m✓[22m[39m serializes rapid hierarchy selections before staging from the latest one [33m 7172[2mms[22m[39m
     [33m[2m✓[22m[39m makes every presentation control produce an observable state change [33m 3694[2mms[22m[39m
     [33m[2m✓[22m[39m keeps unsupported or unmounted controls at named refusal states [33m 5408[2mms[22m[39m
     [33m[2m✓[22m[39m turns standalone product actions into observable named outcomes [33m 1737[2mms[22m[39m
     [33m[2m✓[22m[39m projects the refuse-only profile without leaving live product controls [33m 501[2mms[22m[39m
 [32m✓[39m packages/plugin-host/test/load-refuse.test.ts [2m([22m[2m32 tests[22m[2m)[22m[33m 8980[2mms[22m[39m
     [33m[2m✓[22m[39m loads an explicit inert plugin and lists it deterministically [33m 451[2mms[22m[39m
     [33m[2m✓[22m[39m turns descriptor stat races into a refusal and continues [33m 405[2mms[22m[39m
     [33m[2m✓[22m[39m inspects the complete package-local module graph before evaluation [33m 788[2mms[22m[39m
     [33m[2m✓[22m[39m resolves ESM and CJS edges with their matching conditions [33m 656[2mms[22m[39m
     [33m[2m✓[22m[39m refuses package aliases to loader builtins [33m 953[2mms[22m[39m
     [33m[2m✓[22m[39m passes CommonJS-only syntax through the isolation fallback [33m 2283[2mms[22m[39m
     [33m[2m✓[22m[39m refuses package mappings with unsupported custom conditions [33m 563[2mms[22m[39m
     [33m[2m✓[22m[39m evaluates the complete hostApi v1 range dialect [33m 1331[2mms[22m[39m
     [33m[2m✓[22m[39m turns throwing implementation tables into one refusal and continues [33m 602[2mms[22m[39m
 [32m✓[39m tests/e2e/desktop-provider-authoring-engine-golden.test.ts [2m([22m[2m3 tests[22m[2m)[22m[33m 2805[2mms[22m[39m
     [33m[2m✓[22m[39m drives BYOK through the privileged port, Change Review, persist/reopen, and play [33m 2253[2mms[22m[39m
     [33m[2m✓[22m[39m refuses a stale document and abandons an in-flight provider job [33m 356[2mms[22m[39m
 [32m✓[39m packages/plugin-host/test/refuse-matrix.test.ts [2m([22m[2m27 tests[22m[2m)[22m[33m 4556[2mms[22m[39m
     [33m[2m✓[22m[39m named fixture 'descriptor-invalid-duplicate-capabili…' refuses with 'descriptor-invalid' [33m 798[2mms[22m[39m
     [33m[2m✓[22m[39m named fixture 'duplicate-plugin-id' refuses with 'duplicate-plugin-id' [33m 313[2mms[22m[39m
     [33m[2m✓[22m[39m one refused candidate exposes nothing while unrelated valids stay deterministic [33m 343[2mms[22m[39m
     [33m[2m✓[22m[39m reversing and shuffling locators yields the same normalized report and list order [33m 941[2mms[22m[39m
     [33m[2m✓[22m[39m two plugins implementing one test-only capability remain separately addressable [33m 613[2mms[22m[39m
     [33m[2m✓[22m[39m validates a test-only registry via schemas, loads providers, and keeps refusals deterministic [33m 921[2mms[22m[39m
 [32m✓[39m tests/e2e/desktop-assistant-ask-golden.test.ts [2m([22m[2m3 tests[22m[2m)[22m[33m 5970[2mms[22m[39m
     [33m[2m✓[22m[39m answers Ask from typed hierarchy state identically across clients and writes no bytes [33m 2631[2mms[22m[39m
     [33m[2m✓[22m[39m stages a local Build through Change Review and undoes it [33m 3238[2mms[22m[39m
[90mstderr[2m | apps/web-shell/test/dev-server.test.ts[2m > [22m[2mthe started server serves the inspector[2m > [22m[2mkeeps the hash-authorized served inspector interactive with invalid/reject focus return and no write
[22m[39m
Warning! Happy DOM has JavaScript evaluation enabled and is running in an insecure environment.

A VM Context is not an isolated environment, and if you run untrusted code you are at risk of RCE (Remote Code Execution) attacks. The attacker can escape the VM and run code at process level.

It is recommended to disable code generation and freeze all builtins at process level by running node with the flags "--disallow-code-generation-from-strings" and "--frozen-intrinsics". You can suppress this warning by setting "suppressInsecureJavaScriptEnvironmentWarning" to "true" at your own risk.

For more information, see https://github.com/capricorn86/happy-dom/wiki/JavaScript-Evaluation-Warning



 [32m✓[39m tests/e2e/desktop-chrome-palette-command-interactions-golden.test.ts [2m([22m[2m3 tests[22m[2m)[22m[33m 8453[2mms[22m[39m
     [33m[2m✓[22m[39m opens the palette with Ctrl/Cmd+K even from text entry [33m 3701[2mms[22m[39m
     [33m[2m✓[22m[39m contains focus in the palette even when every row is inert [33m 2761[2mms[22m[39m
     [33m[2m✓[22m[39m keeps the rows after an inert palette row reachable by Tab [33m 1778[2mms[22m[39m
[90mstderr[2m | tests/e2e/umbrella-editor-viewport-golden.test.ts[2m > [22m[2mentitled editor viewport — the composed scene reaches the Three core[2m > [22m[2mbuilds a real WebGLRenderer on the canvas path, so node must refuse it
[22m[39mTHREE.WebGLRenderer: THREE.WebGLRenderer: Error creating WebGL context.

 [32m✓[39m packages/cli/test/scene-compose.test.ts [2m([22m[2m10 tests[22m[2m)[22m[33m 324[2mms[22m[39m
 [32m✓[39m apps/web-shell/test/dev-server.test.ts [2m([22m[2m25 tests[22m[2m)[22m[33m 4133[2mms[22m[39m
     [33m[2m✓[22m[39m binds loopback and reports the port it actually got [33m 1412[2mms[22m[39m
     [33m[2m✓[22m[39m refuses changed chrome before delivery: style byte [33m 422[2mms[22m[39m
     [33m[2m✓[22m[39m does not bypass chrome refusal with MIME case or optional whitespace [33m 304[2mms[22m[39m
     [33m[2m✓[22m[39m keeps the hash-authorized served inspector interactive with invalid/reject focus return and no write [33m 965[2mms[22m[39m
 [32m✓[39m apps/web-shell/test/assistant-panel.test.ts [2m([22m[2m57 tests[22m[2m)[22m[33m 6430[2mms[22m[39m
     [33m[2m✓[22m[39m snapshots hosted enablement and fails closed on accessors [33m 473[2mms[22m[39m
     [33m[2m✓[22m[39m bounds 120 UTF-8 exchanges by both count and serialized bytes and reports dropped history [33m 4945[2mms[22m[39m
 [32m✓[39m tests/e2e/umbrella-editor-viewport-golden.test.ts [2m([22m[2m18 tests[22m[2m)[22m[33m 3129[2mms[22m[39m
     [33m[2m✓[22m[39m mounts every composed instance and draws them through one core [33m 1502[2mms[22m[39m
     [33m[2m✓[22m[39m passes editor presentation catalogs and the authored effect seed to the core [33m 376[2mms[22m[39m
     [33m[2m✓[22m[39m frames the composed scene and accepts orbit and zoom as plain numbers [33m 334[2mms[22m[39m
 [32m✓[39m apps/desktop-shell/test/app.test.ts [2m([22m[2m31 tests[22m[2m)[22m[33m 1867[2mms[22m[39m
     [33m[2m✓[22m[39m reports persisted Undo availability to a fresh session [33m 371[2mms[22m[39m
       [33m[2m✓[22m[39m emits the document itself in text mode [33m 407[2mms[22m[39m
       [33m[2m✓[22m[39m emits the envelope with the same bytes under --json [33m 312[2mms[22m[39m
 [32m✓[39m tests/e2e/examples-golden.test.ts [2m([22m[2m2 tests[22m[2m)[22m[33m 1854[2mms[22m[39m
     [33m[2m✓[22m[39m composes a two-object scene and prints its digest [33m 1427[2mms[22m[39m
     [33m[2m✓[22m[39m opens the scene through the orchestrator and prints its digest [33m 414[2mms[22m[39m
 [32m✓[39m tests/e2e/desktop-chrome-dock-control-inventory-golden.test.ts [2m([22m[2m1 test[22m[2m)[22m[33m 1000[2mms[22m[39m
     [33m[2m✓[22m[39m loads Timeline evidence through the desktop command and keeps controls typed [33m 998[2mms[22m[39m
 [32m✓[39m tests/sites/umbrella-visual.test.ts [2m([22m[2m88 tests[22m[2m)[22m[33m 2416[2mms[22m[39m
     [33m[2m✓[22m[39m edits, saves and reopens exact canonical document bytes with increasing revisions [33m 2211[2mms[22m[39m
 [32m✓[39m packages/site-kit/test/web-editor.test.ts [2m([22m[2m27 tests[22m[2m)[22m[33m 2770[2mms[22m[39m
     [33m[2m✓[22m[39m exposes exactly the frozen operation list, so general E2 cannot creep in [33m 749[2mms[22m[39m
     [33m[2m✓[22m[39m survives a reload with tree, selection, and transform intact [33m 1287[2mms[22m[39m
 [32m✓[39m tests/e2e/desktop-transform-golden.test.ts [2m([22m[2m3 tests[22m[2m)[22m[33m 2820[2mms[22m[39m
     [33m[2m✓[22m[39m makes viewport-style deltas and numeric entry share one command result [33m 2561[2mms[22m[39m
 [32m✓[39m apps/desktop-shell/test/chrome-dock.test.ts [2m([22m[2m9 tests[22m[2m)[22m[33m 3132[2mms[22m[39m
     [33m[2m✓[22m[39m renders the dock tabs the active mode has, and no others [33m 1546[2mms[22m[39m
     [33m[2m✓[22m[39m leaves exactly the panel the selected tab controls visible [33m 1296[2mms[22m[39m
 [32m✓[39m desktop/linux/test/local-rpc.test.ts [2m([22m[2m10 tests[22m[2m)[22m[33m 3113[2mms[22m[39m
     [33m[2m✓[22m[39m requires a non-Kids hierarchy profile before local-agent project access [33m 789[2mms[22m[39m
     [33m[2m✓[22m[39m stages scene properties through the local-agent reviewing result [33m 1427[2mms[22m[39m
 [32m✓[39m tests/e2e/desktop-profile-golden.test.ts [2m([22m[2m1 test[22m[2m)[22m[33m 2969[2mms[22m[39m
     [33m[2m✓[22m[39m refuses capture without Play and writes no authoring bytes after Play [33m 2966[2mms[22m[39m
 [32m✓[39m desktop/windows/test/final-release-acceptance.test.ts [2m([22m[2m14 tests[22m[2m)[22m[33m 965[2mms[22m[39m
 [32m✓[39m tests/e2e/desktop-linux-bridge-assistant-golden.test.ts [2m([22m[2m9 tests[22m[2m)[22m[33m 1235[2mms[22m[39m
     [33m[2m✓[22m[39m mounts, transforms, and resets a replacement local assistant artifact [33m 412[2mms[22m[39m
 [32m✓[39m tests/e2e/desktop-play-session-golden.test.ts [2m([22m[2m2 tests[22m[2m)[22m[33m 1351[2mms[22m[39m
     [33m[2m✓[22m[39m creates a distinct clone, inspects it from every client, and leaves saved bytes untouched [33m 1096[2mms[22m[39m
 [32m✓[39m desktop/macos/test/seam.test.ts [2m([22m[2m7 tests[22m[2m)[22m[33m 1182[2mms[22m[39m
     [33m[2m✓[22m[39m cross-binds exact checksums, version, sizes and update hashes; rejects omission, duplicate and path tampering [33m 353[2mms[22m[39m
     [33m[2m✓[22m[39m Windows --packaged refuses this non-Windows host; unknown flags refuse on both roots [33m 406[2mms[22m[39m
 [32m✓[39m packages/authoring-core/test/scene-transform-v2.test.ts [2m([22m[2m14 tests[22m[2m)[22m[33m 1503[2mms[22m[39m
     [33m[2m✓[22m[39m composes a rotated hierarchy to the existing document and deterministic bytes [33m 837[2mms[22m[39m
 [32m✓[39m tests/e2e/profile-game-scene-golden.test.ts [2m([22m[2m3 tests[22m[2m)[22m[33m 2050[2mms[22m[39m
     [33m[2m✓[22m[39m authors, composes, mounts, replays, and emits stable evidence through the profile [33m 1900[2mms[22m[39m
 [32m✓[39m tests/e2e/scene-composition-golden.test.ts [2m([22m[2m1 test[22m[2m)[22m[33m 1001[2mms[22m[39m
     [33m[2m✓[22m[39m composes, mounts, and opens a multi-object scene with stable digests [33m 984[2mms[22m[39m
 [32m✓[39m packages/engine-presentation/test/scene-runtime-v2.test.ts [2m([22m[2m11 tests[22m[2m)[22m[33m 2234[2mms[22m[39m
     [33m[2m✓[22m[39m has actual kernel and Three consumers for public composition [33m 417[2mms[22m[39m
     [33m[2m✓[22m[39m opens, advances, saves/reopens/replays and presents without decomposing shear [33m 638[2mms[22m[39m
     [33m[2m✓[22m[39m cleans every candidate allocation on a late mount failure, preserving previous scene [33m 329[2mms[22m[39m
 [32m✓[39m tests/e2e/desktop-linux-bridge-play-golden.test.ts [2m([22m[2m3 tests[22m[2m)[22m[33m 1669[2mms[22m[39m
     [33m[2m✓[22m[39m opens a real kernel scene session through the orchestrator, deterministically [33m 1377[2mms[22m[39m
 [32m✓[39m packages/site-kit/test/editor-session.test.ts [2m([22m[2m5 tests[22m[2m)[22m[33m 1703[2mms[22m[39m
     [33m[2m✓[22m[39m renders a snapshot, a viewport frame, a save, and a composition [33m 659[2mms[22m[39m
     [33m[2m✓[22m[39m projects a browser mount payload from the same composition the page renders [33m 304[2mms[22m[39m
     [33m[2m✓[22m[39m refuses by name rather than throwing when the workspace cannot be created [33m 310[2mms[22m[39m
     [33m[2m✓[22m[39m reconstructs deterministically for the same state [33m 301[2mms[22m[39m
[90mstdout[2m | packages/authoring-core/test/diff-capacity.test.ts[2m > [22m[2mAP-PERF bounded canonical review diff[2m > [22m[2mreviews a 5000-line reload in a fresh 96MiB process without quadratic allocation
[22m[39m{"durationMs":19.165507000000005,"maxRssKiB":53448,"diffBytes":97831}

 [32m✓[39m packages/authoring-core/test/diff-capacity.test.ts [2m([22m[2m3 tests[22m[2m)[22m[33m 2184[2mms[22m[39m
     [33m[2m✓[22m[39m proposes/applies/reloads a 5000-line asset-like canonical document without changing review or persistence semantics [33m 617[2mms[22m[39m
     [33m[2m✓[22m[39m reviews a 5000-line reload in a fresh 96MiB process without quadratic allocation [33m 1377[2mms[22m[39m
 [32m✓[39m desktop/linux/test/byo-terminal-lifecycle.test.ts [2m([22m[2m23 tests[22m[2m)[22m[33m 3420[2mms[22m[39m
     [33m[2m✓[22m[39m root pagehide: pending status success settles without late DOM or IPC [33m 1134[2mms[22m[39m
     [33m[2m✓[22m[39m root pagehide: pending status rejection settles without late DOM or IPC [33m 457[2mms[22m[39m
     [33m[2m✓[22m[39m root pagehide: pending remove success settles without late DOM or IPC [33m 344[2mms[22m[39m
 [32m✓[39m packages/billing/test/credit-pack-archive.test.ts [2m([22m[2m2 tests[22m[2m)[22m[33m 1197[2mms[22m[39m
     [33m[2m✓[22m[39m keeps an in-flight revision resolvable after the current pack is repriced [33m 954[2mms[22m[39m
 [32m✓[39m packages/billing/test/hosted-response.test.ts [2m([22m[2m24 tests[22m[2m)[22m[33m 360[2mms[22m[39m
 [32m✓[39m packages/physics-rapier/test/production-hardening.test.ts [2m([22m[2m6 tests[22m[2m)[22m[33m 1002[2mms[22m[39m
     [33m[2m✓[22m[39m accepts explicit full poses, collides, JSON save/replays exact solver state then continues identically [33m 782[2mms[22m[39m
 [32m✓[39m tests/e2e/desktop-chrome-tree-control-inventory-golden.test.ts [2m([22m[2m1 test[22m[2m)[22m[33m 1726[2mms[22m[39m
     [33m[2m✓[22m[39m renders project-backed instance, object, and parent identities [33m 1724[2mms[22m[39m
 [32m✓[39m tests/desktop/desktop-project-lifecycle.test.ts [2m([22m[2m12 tests[22m[2m)[22m[33m 679[2mms[22m[39m
     [33m[2m✓[22m[39m starts without creating an implicit root and creates the starter only after New Project [33m 482[2mms[22m[39m
 [32m✓[39m tests/sites/site-seams.test.ts [2m([22m[2m321 tests[22m[2m)[22m[33m 1208[2mms[22m[39m
 [32m✓[39m tests/e2e/desktop-workspace-layout-golden.test.ts [2m([22m[2m2 tests[22m[2m)[22m[33m 370[2mms[22m[39m
     [33m[2m✓[22m[39m persists a layout outside the Scene Document and resets it [33m 344[2mms[22m[39m
 [32m✓[39m packages/authoring-core/test/transaction-history.test.ts [2m([22m[2m4 tests[22m[2m)[22m[33m 1208[2mms[22m[39m
     [33m[2m✓[22m[39m restores exact canonical bytes in order through multi-level undo and redo after restart [33m 590[2mms[22m[39m
 [32m✓[39m packages/site-kit/test/mountable-scene.test.ts [2m([22m[2m6 tests[22m[2m)[22m[33m 710[2mms[22m[39m
 [32m✓[39m tests/desktop/desktop-windows-packaging.test.ts [2m([22m[2m9 tests[22m[2m)[22m[32m 197[2mms[22m[39m
 [32m✓[39m tests/parity/editor-shell-parity.test.ts [2m([22m[2m12 tests[22m[2m)[22m[33m 711[2mms[22m[39m
[90mstderr[2m | apps/web-shell/test/inspector-app.test.ts[2m > [22m[2mserved inspector production regressions[2m > [22m[2mpermits root review, clears rejected diff and reconciles uncertain acceptance without retrying writes
[22m[39m
Warning! Happy DOM has JavaScript evaluation enabled and is running in an insecure environment.

A VM Context is not an isolated environment, and if you run untrusted code you are at risk of RCE (Remote Code Execution) attacks. The attacker can escape the VM and run code at process level.

It is recommended to disable code generation and freeze all builtins at process level by running node with the flags "--disallow-code-generation-from-strings" and "--frozen-intrinsics". You can suppress this warning by setting "suppressInsecureJavaScriptEnvironmentWarning" to "true" at your own risk.

For more information, see https://github.com/capricorn86/happy-dom/wiki/JavaScript-Evaluation-Warning



 [32m✓[39m packages/authoring-core/test/scene-composition.test.ts [2m([22m[2m16 tests[22m[2m)[22m[33m 430[2mms[22m[39m
 [32m✓[39m apps/web-shell/test/inspector-app.test.ts [2m([22m[2m27 tests[22m[2m)[22m[33m 755[2mms[22m[39m
     [33m[2m✓[22m[39m redacts unexpected synchronous and asynchronous failures and survives a real socket failure [33m 317[2mms[22m[39m
     [33m[2m✓[22m[39m permits root review, clears rejected diff and reconciles uncertain acceptance without retrying writes [33m 340[2mms[22m[39m
 [32m✓[39m packages/site-kit/test/refuse-matrix.test.ts [2m([22m[2m82 tests[22m[2m)[22m[33m 332[2mms[22m[39m
 [32m✓[39m apps/desktop-shell/test/visual-tokens.test.ts [2m([22m[2m26 tests[22m[2m)[22m[33m 316[2mms[22m[39m
[90mstderr[2m | tests/e2e/umbrella-live-open-golden.test.ts[2m > [22m[2mumbrella live open path — served scene reaches the Three core[2m > [22m[2mbuilds a real WebGLRenderer on the canvas path, so node must refuse it
[22m[39mTHREE.WebGLRenderer: THREE.WebGLRenderer: Error creating WebGL context.

 [32m✓[39m tests/e2e/umbrella-live-open-golden.test.ts [2m([22m[2m7 tests[22m[2m)[22m[33m 413[2mms[22m[39m
 [32m✓[39m tests/e2e/desktop-provider-host-golden.test.ts [2m([22m[2m9 tests[22m[2m)[22m[33m 1081[2mms[22m[39m
 [32m✓[39m packages/importers/test/legacy-asset-v1.test.ts [2m([22m[2m4 tests[22m[2m)[22m[32m 197[2mms[22m[39m
 [32m✓[39m packages/provider-openrouter/test/adapter.test.ts [2m([22m[2m26 tests[22m[2m)[22m[33m 435[2mms[22m[39m
 [32m✓[39m desktop/linux/test/audio-lifecycle-compat.test.ts [2m([22m[2m10 tests[22m[2m)[22m[32m 284[2mms[22m[39m
 [32m✓[39m packages/engine-kernel/test/scene-session.test.ts [2m([22m[2m9 tests[22m[2m)[22m[33m 637[2mms[22m[39m
 [32m✓[39m tests/e2e/sculpt-quality-golden.test.ts [2m([22m[2m1 test[22m[2m)[22m[33m 1092[2mms[22m[39m
     [33m[2m✓[22m[39m opens both multi-pass demos through Mount, kernel, and existing Minimum E2 with stable digests [33m 1090[2mms[22m[39m
 [32m✓[39m packages/site-kit/test/final-sites-acceptance.test.ts [2m([22m[2m18 tests[22m[2m)[22m[33m 623[2mms[22m[39m
     [33m[2m✓[22m[39m exposes exact saved canonical bytes with their persisted digest [33m 410[2mms[22m[39m
[90mstderr[2m | apps/web-shell/test/inspector-accessibility.test.ts[2m > [22m[2minspector accessible protocol feedback[2m > [22m[2mdescribes unavailable review actions and keeps native no-activation behavior
[22m[39m
Warning! Happy DOM has JavaScript evaluation enabled and is running in an insecure environment.

A VM Context is not an isolated environment, and if you run untrusted code you are at risk of RCE (Remote Code Execution) attacks. The attacker can escape the VM and run code at process level.

It is recommended to disable code generation and freeze all builtins at process level by running node with the flags "--disallow-code-generation-from-strings" and "--frozen-intrinsics". You can suppress this warning by setting "suppressInsecureJavaScriptEnvironmentWarning" to "true" at your own risk.

For more information, see https://github.com/capricorn86/happy-dom/wiki/JavaScript-Evaluation-Warning



[90mstderr[2m | apps/web-shell/test/inspector-accessibility.test.ts[2m > [22m[2minspector accessible protocol feedback[2m > [22m[2mmarks malformed JSON invalid, focuses the field, clears the error on edit, and never sends it
[22m[39m
Warning! Happy DOM has JavaScript evaluation enabled and is running in an insecure environment.

A VM Context is not an isolated environment, and if you run untrusted code you are at risk of RCE (Remote Code Execution) attacks. The attacker can escape the VM and run code at process level.

It is recommended to disable code generation and freeze all builtins at process level by running node with the flags "--disallow-code-generation-from-strings" and "--frozen-intrinsics". You can suppress this warning by setting "suppressInsecureJavaScriptEnvironmentWarning" to "true" at your own risk.

For more information, see https://github.com/capricorn86/happy-dom/wiki/JavaScript-Evaluation-Warning



[90mstderr[2m | apps/web-shell/test/inspector-accessibility.test.ts[2m > [22m[2minspector accessible protocol feedback[2m > [22m[2mannounces review/rejection without a write and returns focus to the remaining action
[22m[39m
Warning! Happy DOM has JavaScript evaluation enabled and is running in an insecure environment.

A VM Context is not an isolated environment, and if you run untrusted code you are at risk of RCE (Remote Code Execution) attacks. The attacker can escape the VM and run code at process level.

It is recommended to disable code generation and freeze all builtins at process level by running node with the flags "--disallow-code-generation-from-strings" and "--frozen-intrinsics". You can suppress this warning by setting "suppressInsecureJavaScriptEnvironmentWarning" to "true" at your own risk.

For more information, see https://github.com/capricorn86/happy-dom/wiki/JavaScript-Evaluation-Warning



[90mstderr[2m | apps/web-shell/test/inspector-accessibility.test.ts[2m > [22m[2minspector accessible protocol feedback[2m > [22m[2minvalidates a replaced review, exposes explicit reconciliation, and does not accept unseen diff
[22m[39m
Warning! Happy DOM has JavaScript evaluation enabled and is running in an insecure environment.

A VM Context is not an isolated environment, and if you run untrusted code you are at risk of RCE (Remote Code Execution) attacks. The attacker can escape the VM and run code at process level.

It is recommended to disable code generation and freeze all builtins at process level by running node with the flags "--disallow-code-generation-from-strings" and "--frozen-intrinsics". You can suppress this warning by setting "suppressInsecureJavaScriptEnvironmentWarning" to "true" at your own risk.

For more information, see https://github.com/capricorn86/happy-dom/wiki/JavaScript-Evaluation-Warning



 [32m✓[39m packages/physics-rapier/test/seam.test.ts [2m([22m[2m6 tests[22m[2m)[22m[33m 839[2mms[22m[39m
     [33m[2m✓[22m[39m uses real collision and restitution while static and kinematic bodies stay put [33m 746[2mms[22m[39m
[90mstderr[2m | apps/web-shell/test/inspector-accessibility.test.ts[2m > [22m[2minspector accessible protocol feedback[2m > [22m[2mshows busy state while a request is unresolved and never repeats a pending operation
[22m[39m
Warning! Happy DOM has JavaScript evaluation enabled and is running in an insecure environment.

A VM Context is not an isolated environment, and if you run untrusted code you are at risk of RCE (Remote Code Execution) attacks. The attacker can escape the VM and run code at process level.

It is recommended to disable code generation and freeze all builtins at process level by running node with the flags "--disallow-code-generation-from-strings" and "--frozen-intrinsics". You can suppress this warning by setting "suppressInsecureJavaScriptEnvironmentWarning" to "true" at your own risk.

For more information, see https://github.com/capricorn86/happy-dom/wiki/JavaScript-Evaluation-Warning



[90mstderr[2m | apps/web-shell/test/inspector-accessibility.test.ts[2m > [22m[2minspector accessible protocol feedback[2m > [22m[2mexplains durable pending recovery without claiming rollback or successful apply
[22m[39m
Warning! Happy DOM has JavaScript evaluation enabled and is running in an insecure environment.

A VM Context is not an isolated environment, and if you run untrusted code you are at risk of RCE (Remote Code Execution) attacks. The attacker can escape the VM and run code at process level.

It is recommended to disable code generation and freeze all builtins at process level by running node with the flags "--disallow-code-generation-from-strings" and "--frozen-intrinsics". You can suppress this warning by setting "suppressInsecureJavaScriptEnvironmentWarning" to "true" at your own risk.

For more information, see https://github.com/capricorn86/happy-dom/wiki/JavaScript-Evaluation-Warning



[90mstderr[2m | apps/web-shell/test/inspector-accessibility.test.ts[2m > [22m[2minspector accessible protocol feedback[2m > [22m[2mkeeps long genuine refusal text safe and recoverable without inventing success
[22m[39m
Warning! Happy DOM has JavaScript evaluation enabled and is running in an insecure environment.

A VM Context is not an isolated environment, and if you run untrusted code you are at risk of RCE (Remote Code Execution) attacks. The attacker can escape the VM and run code at process level.

It is recommended to disable code generation and freeze all builtins at process level by running node with the flags "--disallow-code-generation-from-strings" and "--frozen-intrinsics". You can suppress this warning by setting "suppressInsecureJavaScriptEnvironmentWarning" to "true" at your own risk.

For more information, see https://github.com/capricorn86/happy-dom/wiki/JavaScript-Evaluation-Warning



[90mstderr[2m | apps/web-shell/test/inspector-accessibility.test.ts[2m > [22m[2minspector accessible protocol feedback[2m > [22m[2mdoes not steal focus from a field chosen while the response is pending
[22m[39m
Warning! Happy DOM has JavaScript evaluation enabled and is running in an insecure environment.

A VM Context is not an isolated environment, and if you run untrusted code you are at risk of RCE (Remote Code Execution) attacks. The attacker can escape the VM and run code at process level.

It is recommended to disable code generation and freeze all builtins at process level by running node with the flags "--disallow-code-generation-from-strings" and "--frozen-intrinsics". You can suppress this warning by setting "suppressInsecureJavaScriptEnvironmentWarning" to "true" at your own risk.

For more information, see https://github.com/capricorn86/happy-dom/wiki/JavaScript-Evaluation-Warning



[90mstderr[2m | apps/web-shell/test/inspector-accessibility.test.ts[2m > [22m[2minspector accessible protocol feedback[2m > [22m[2mrecovers a lost acceptance response by reading state, never resending the write
[22m[39m
Warning! Happy DOM has JavaScript evaluation enabled and is running in an insecure environment.

A VM Context is not an isolated environment, and if you run untrusted code you are at risk of RCE (Remote Code Execution) attacks. The attacker can escape the VM and run code at process level.

It is recommended to disable code generation and freeze all builtins at process level by running node with the flags "--disallow-code-generation-from-strings" and "--frozen-intrinsics". You can suppress this warning by setting "suppressInsecureJavaScriptEnvironmentWarning" to "true" at your own risk.

For more information, see https://github.com/capricorn86/happy-dom/wiki/JavaScript-Evaluation-Warning



[90mstderr[2m | apps/web-shell/test/inspector-accessibility.test.ts[2m > [22m[2minspector accessible protocol feedback[2m > [22m[2mhandles aborted and non-JSON responses without claiming rejection or writing
[22m[39m
Warning! Happy DOM has JavaScript evaluation enabled and is running in an insecure environment.

A VM Context is not an isolated environment, and if you run untrusted code you are at risk of RCE (Remote Code Execution) attacks. The attacker can escape the VM and run code at process level.

It is recommended to disable code generation and freeze all builtins at process level by running node with the flags "--disallow-code-generation-from-strings" and "--frozen-intrinsics". You can suppress this warning by setting "suppressInsecureJavaScriptEnvironmentWarning" to "true" at your own risk.

For more information, see https://github.com/capricorn86/happy-dom/wiki/JavaScript-Evaluation-Warning



 [32m✓[39m apps/desktop-shell/test/chrome-frame.test.ts [2m([22m[2m4 tests[22m[2m)[22m[33m 918[2mms[22m[39m
     [33m[2m✓[22m[39m keeps modelled refusal help collapsed with a bounded scroll panel [33m 604[2mms[22m[39m
[90mstderr[2m | apps/web-shell/test/inspector-accessibility.test.ts[2m > [22m[2minspector accessible protocol feedback[2m > [22m[2mhandles aborted and non-JSON responses without claiming rejection or writing
[22m[39m
Warning! Happy DOM has JavaScript evaluation enabled and is running in an insecure environment.

A VM Context is not an isolated environment, and if you run untrusted code you are at risk of RCE (Remote Code Execution) attacks. The attacker can escape the VM and run code at process level.

It is recommended to disable code generation and freeze all builtins at process level by running node with the flags "--disallow-code-generation-from-strings" and "--frozen-intrinsics". You can suppress this warning by setting "suppressInsecureJavaScriptEnvironmentWarning" to "true" at your own risk.

For more information, see https://github.com/capricorn86/happy-dom/wiki/JavaScript-Evaluation-Warning



 [32m✓[39m apps/web-shell/test/inspector-accessibility.test.ts [2m([22m[2m12 tests[22m[2m)[22m[33m 569[2mms[22m[39m
 [32m✓[39m desktop/linux/test/scene-environment-mutation-consumer.test.ts [2m([22m[2m2 tests[22m[2m)[22m[33m 971[2mms[22m[39m
     [33m[2m✓[22m[39m public desktop consumer admits a positive fixture without mutating the original [33m 391[2mms[22m[39m
     [33m[2m✓[22m[39m public desktop consumer refuses malformed fields with zero partial apply/accessor hooks [33m 548[2mms[22m[39m
 [32m✓[39m tests/desktop/desktop-byo-secure-storage.test.ts [2m([22m[2m31 tests[22m[2m)[22m[33m 402[2mms[22m[39m
     [33m[2m✓[22m[39m redacts provider failures from the renderer bridge and preserves route boundaries [33m 305[2mms[22m[39m
 [32m✓[39m tests/e2e/desktop-assistant-scene-loop-golden.test.ts [2m([22m[2m3 tests[22m[2m)[22m[33m 437[2mms[22m[39m
 [32m✓[39m tests/sites/identity-plane-wiring.test.ts [2m([22m[2m112 tests[22m[2m)[22m[33m 732[2mms[22m[39m
 [32m✓[39m apps/desktop-shell/test/chrome-tree.test.ts [2m([22m[2m1 test[22m[2m)[22m[33m 426[2mms[22m[39m
   [33m[2m✓[22m[39m renders a tree landmark whose controls all declare a kind [33m 425[2mms[22m[39m
 [32m✓[39m desktop/linux/test/production-hardening.test.ts [2m([22m[2m13 tests[22m[2m)[22m[32m 161[2mms[22m[39m
 [32m✓[39m apps/desktop-shell/test/keyboard-geometry.test.ts [2m([22m[2m8 tests[22m[2m)[22m[32m 175[2mms[22m[39m
 [32m✓[39m desktop/linux/test/scene-effects-mutation-consumer.test.ts [2m([22m[2m2 tests[22m[2m)[22m[33m 562[2mms[22m[39m
     [33m[2m✓[22m[39m public desktop consumer refuses malformed fields with zero partial apply/accessor hooks [33m 475[2mms[22m[39m
 [32m✓[39m apps/desktop-shell/test/chrome-settings.test.ts [2m([22m[2m1 test[22m[2m)[22m[32m 273[2mms[22m[39m
 [32m✓[39m packages/engine-kernel/test/rarity.test.ts [2m([22m[2m22 tests[22m[2m)[22m[33m 779[2mms[22m[39m
 [32m✓[39m tests/e2e/desktop-package-golden.test.ts [2m([22m[2m2 tests[22m[2m)[22m[33m 648[2mms[22m[39m
     [33m[2m✓[22m[39m installs a contained package through review and consumes the same lock after undo/redo [33m 429[2mms[22m[39m
 [32m✓[39m tests/e2e/plugin-capability-golden.test.ts [2m([22m[2m9 tests[22m[2m)[22m[33m 619[2mms[22m[39m
 [32m✓[39m tests/parity/shell-cli-parity.test.ts [2m([22m[2m6 tests[22m[2m)[22m[33m 949[2mms[22m[39m
     [33m[2m✓[22m[39m the started dev server matches CLI bytes and content hash [33m 479[2mms[22m[39m
 [32m✓[39m packages/authoring-core/test/journal-recovery.test.ts [2m([22m[2m33 tests[22m[2m)[22m[33m 1005[2mms[22m[39m
 [32m✓[39m apps/desktop-shell/test/chrome-inspector.test.ts [2m([22m[2m1 test[22m[2m)[22m[33m 441[2mms[22m[39m
   [33m[2m✓[22m[39m renders an inspector landmark whose controls all declare a kind [33m 439[2mms[22m[39m
 [32m✓[39m tests/e2e/auth-credits-refuse-matrix.test.ts [2m([22m[2m20 tests[22m[2m)[22m[32m 111[2mms[22m[39m
 [32m✓[39m apps/desktop-shell/test/visual-model-settings.test.ts [2m([22m[2m1 test[22m[2m)[22m[33m 369[2mms[22m[39m
   [33m[2m✓[22m[39m renders settings forms with the model's declared controls [33m 368[2mms[22m[39m
 [32m✓[39m packages/site-kit/test/live-open.test.ts [2m([22m[2m11 tests[22m[2m)[22m[32m 246[2mms[22m[39m
 [32m✓[39m packages/schemas/test/sculpt.test.ts [2m([22m[2m41 tests[22m[2m)[22m[33m 816[2mms[22m[39m
     [33m[2m✓[22m[39m validates a deep hierarchy without repeated ancestor walks [33m 482[2mms[22m[39m
 [32m✓[39m packages/schemas/test/scene-composition.test.ts [2m([22m[2m32 tests[22m[2m)[22m[32m 170[2mms[22m[39m
 [32m✓[39m apps/desktop-shell/test/chrome-assistant.test.ts [2m([22m[2m2 tests[22m[2m)[22m[33m 914[2mms[22m[39m
     [33m[2m✓[22m[39m renders an honest prompt flow when an assistant runtime is bound [33m 652[2mms[22m[39m
 [32m✓[39m apps/desktop-shell/test/chrome-viewport.test.ts [2m([22m[2m3 tests[22m[2m)[22m[33m 597[2mms[22m[39m
     [33m[2m✓[22m[39m renders Sculpt commands with versioned registry metadata and exact-job cancellation [33m 358[2mms[22m[39m
 [32m✓[39m packages/engine-kernel/test/browser-open-play.test.ts [2m([22m[2m10 tests[22m[2m)[22m[33m 350[2mms[22m[39m
 [32m✓[39m tests/e2e/desktop-chrome-viewport-control-inventory-golden.test.ts [2m([22m[2m1 test[22m[2m)[22m[33m 580[2mms[22m[39m
   [33m[2m✓[22m[39m mounts the viewport landmark with an explicit kind on every control [33m 574[2mms[22m[39m
 [32m✓[39m apps/desktop-shell/test/chrome-palette.test.ts [2m([22m[2m2 tests[22m[2m)[22m[33m 556[2mms[22m[39m
 [32m✓[39m tests/e2e/desktop-extension-seams-golden.test.ts [2m([22m[2m2 tests[22m[2m)[22m[32m 172[2mms[22m[39m
 [32m✓[39m packages/billing/test/stripe-checkout.test.ts [2m([22m[2m74 tests[22m[2m)[22m[33m 539[2mms[22m[39m
 [32m✓[39m desktop/linux/test/legacy-input-map.test.ts [2m([22m[2m5 tests[22m[2m)[22m[32m 202[2mms[22m[39m
 [32m✓[39m tests/e2e/desktop-chrome-assistant-control-inventory-golden.test.ts [2m([22m[2m1 test[22m[2m)[22m[33m 1120[2mms[22m[39m
   [33m[2m✓[22m[39m mounts the assistant landmark with an explicit kind on every control [33m 1118[2mms[22m[39m
 [32m✓[39m packages/billing/test/hosted-ai.test.ts [2m([22m[2m51 tests[22m[2m)[22m[32m 100[2mms[22m[39m
 [32m✓[39m apps/desktop-shell/test/product-loop.test.ts [2m([22m[2m6 tests[22m[2m)[22m[33m 526[2mms[22m[39m
     [33m[2m✓[22m[39m renders the open, play, stage, and save loop against the existing desktop host bridge [33m 436[2mms[22m[39m
 [32m✓[39m tests/e2e/runtime-provenance-refusal.test.ts [2m([22m[2m19 tests[22m[2m)[22m[32m 101[2mms[22m[39m
[90mstderr[2m | packages/engine-presentation/test/three-presentation.test.ts[2m > [22m[2mThree presentation core — sculpt backend[2m > [22m[2mbuilds a real WebGLRenderer for the canvas path
[22m[39mTHREE.WebGLRenderer: THREE.WebGLRenderer: Error creating WebGL context.

 [32m✓[39m packages/engine-presentation/test/three-presentation.test.ts [2m([22m[2m28 tests[22m[2m)[22m[33m 440[2mms[22m[39m
 [32m✓[39m packages/cli/test/project-lifecycle.test.ts [2m([22m[2m26 tests[22m[2m)[22m[33m 460[2mms[22m[39m
 [32m✓[39m apps/web-shell/test/refuse-matrix.test.ts [2m([22m[2m18 tests[22m[2m)[22m[32m 166[2mms[22m[39m
 [32m✓[39m tests/e2e/cli-golden-path.test.ts [2m([22m[2m1 test[22m[2m)[22m[33m 376[2mms[22m[39m
     [33m[2m✓[22m[39m runs Game profile -> authoring -> kernel/presentation -> plugin load/refuse -> save/replay -> held-key refusal -> evidence [33m 369[2mms[22m[39m
 [32m✓[39m packages/engine-kernel/test/production-hardening.test.ts [2m([22m[2m4 tests[22m[2m)[22m[32m 225[2mms[22m[39m
 [32m✓[39m tests/e2e/desktop-chrome-settings-control-inventory-golden.test.ts [2m([22m[2m1 test[22m[2m)[22m[33m 442[2mms[22m[39m
   [33m[2m✓[22m[39m mounts settings forms with an explicit kind on every control [33m 439[2mms[22m[39m
 [32m✓[39m apps/web-shell/test/account-panel.test.ts [2m([22m[2m33 tests[22m[2m)[22m[32m 139[2mms[22m[39m
 [32m✓[39m apps/desktop-shell/test/ui-kit.test.ts [2m([22m[2m8 tests[22m[2m)[22m[32m 139[2mms[22m[39m
 [32m✓[39m tests/docs/traceability-check.test.ts [2m([22m[2m2 tests[22m[2m)[22m[33m 505[2mms[22m[39m
     [33m[2m✓[22m[39m accepts the checked-in declaration and live tree [33m 500[2mms[22m[39m
 [32m✓[39m packages/schemas/test/desktop-local-bridge.test.ts [2m([22m[2m3 tests[22m[2m)[22m[32m 52[2mms[22m[39m
 [32m✓[39m packages/authoring-core/test/sculpt-reconstruction.test.ts [2m([22m[2m15 tests[22m[2m)[22m[32m 188[2mms[22m[39m
 [32m✓[39m packages/schemas/test/rarity.test.ts [2m([22m[2m35 tests[22m[2m)[22m[32m 214[2mms[22m[39m
 [32m✓[39m packages/schemas/test/input-action-registry.test.ts [2m([22m[2m46 tests[22m[2m)[22m[32m 68[2mms[22m[39m
 [32m✓[39m packages/billing/test/fixture-commerce.test.ts [2m([22m[2m24 tests[22m[2m)[22m[32m 61[2mms[22m[39m
 [32m✓[39m tests/desktop/desktop-linux-seams.test.ts [2m([22m[2m13 tests[22m[2m)[22m[33m 560[2mms[22m[39m
     [33m[2m✓[22m[39m rotates within three bounded files, including oversized pre-existing logs [33m 420[2mms[22m[39m
 [32m✓[39m apps/desktop-shell/test/icons.test.ts [2m([22m[2m3 tests[22m[2m)[22m[33m 310[2mms[22m[39m
 [32m✓[39m tests/e2e/desktop-project-build-golden.test.ts [2m([22m[2m1 test[22m[2m)[22m[33m 545[2mms[22m[39m
     [33m[2m✓[22m[39m refuses macos and windows project targets on this Linux host without a release-ready claim [33m 521[2mms[22m[39m
 [32m✓[39m tests/e2e/hybrid-sculpt-golden.test.ts [2m([22m[2m1 test[22m[2m)[22m[32m 107[2mms[22m[39m
 [32m✓[39m packages/billing/test/revenue-share.test.ts [2m([22m[2m52 tests[22m[2m)[22m[32m 96[2mms[22m[39m
 [32m✓[39m packages/cli/test/project-propose-apply.test.ts [2m([22m[2m10 tests[22m[2m)[22m[32m 133[2mms[22m[39m
 [32m✓[39m packages/engine-presentation/test/completion.test.ts [2m([22m[2m6 tests[22m[2m)[22m[32m 32[2mms[22m[39m
 [32m✓[39m tests/sites/billing-final-acceptance.test.ts [2m([22m[2m14 tests[22m[2m)[22m[32m 160[2mms[22m[39m
 [32m✓[39m packages/cli/test/held-keys.refusal-table.test.ts [2m([22m[2m26 tests[22m[2m)[22m[32m 65[2mms[22m[39m
 [32m✓[39m tests/e2e/input-actions-golden.test.ts [2m([22m[2m5 tests[22m[2m)[22m[32m 136[2mms[22m[39m
 [32m✓[39m packages/schemas/test/scene-transform-v2.test.ts [2m([22m[2m26 tests[22m[2m)[22m[32m 82[2mms[22m[39m
 [32m✓[39m apps/web-shell/test/minimum-e2.test.ts [2m([22m[2m6 tests[22m[2m)[22m[32m 164[2mms[22m[39m
 [32m✓[39m packages/engine-orchestrator/test/open-path.test.ts [2m([22m[2m11 tests[22m[2m)[22m[32m 159[2mms[22m[39m
 [32m✓[39m packages/profile-game/test/conformance.test.ts [2m([22m[2m5 tests[22m[2m)[22m[32m 40[2mms[22m[39m
 [32m✓[39m apps/desktop-shell/test/visual-model-tree.test.ts [2m([22m[2m1 test[22m[2m)[22m[32m 299[2mms[22m[39m
 [32m✓[39m packages/provider-openrouter/test/live-transport.test.ts [2m([22m[2m17 tests[22m[2m)[22m[32m 121[2mms[22m[39m
 [32m✓[39m apps/desktop-shell/test/prepared-asset-handoff.test.ts [2m([22m[2m12 tests[22m[2m)[22m[32m 181[2mms[22m[39m
 [32m✓[39m packages/schemas/test/delivery-handoff.test.ts [2m([22m[2m15 tests[22m[2m)[22m[32m 89[2mms[22m[39m
 [32m✓[39m tests/e2e/auth-credits-golden.test.ts [2m([22m[2m3 tests[22m[2m)[22m[32m 146[2mms[22m[39m
 [32m✓[39m tests/docs/traceability-runtime-surfaces.test.ts [2m([22m[2m6 tests[22m[2m)[22m[33m 413[2mms[22m[39m
 [32m✓[39m packages/authoring-core/test/model-provider-port.test.ts [2m([22m[2m32 tests[22m[2m)[22m[32m 137[2mms[22m[39m
 [32m✓[39m packages/cli/test/registry-verbs.test.ts [2m([22m[2m13 tests[22m[2m)[22m[32m 104[2mms[22m[39m
 [32m✓[39m packages/billing/test/entitlements.test.ts [2m([22m[2m26 tests[22m[2m)[22m[32m 33[2mms[22m[39m
 [32m✓[39m tests/docs/production-activation.test.ts [2m([22m[2m11 tests[22m[2m)[22m[32m 73[2mms[22m[39m
 [32m✓[39m packages/engine-presentation/test/sculpt-mount.test.ts [2m([22m[2m5 tests[22m[2m)[22m[32m 156[2mms[22m[39m
 [32m✓[39m packages/site-kit/test/catalog.test.ts [2m([22m[2m19 tests[22m[2m)[22m[32m 53[2mms[22m[39m
 [32m✓[39m tests/desktop/desktop-opencode-live-transport.test.ts [2m([22m[2m3 tests[22m[2m)[22m[32m 105[2mms[22m[39m
 [32m✓[39m packages/billing/test/catalog-listings.test.ts [2m([22m[2m27 tests[22m[2m)[22m[32m 156[2mms[22m[39m
 [32m✓[39m packages/auth/test/identity-port.test.ts [2m([22m[2m41 tests[22m[2m)[22m[33m 378[2mms[22m[39m
 [32m✓[39m packages/schemas/test/open-path-policy.test.ts [2m([22m[2m28 tests[22m[2m)[22m[32m 116[2mms[22m[39m
 [32m✓[39m packages/engine-presentation/test/production-hardening.test.ts [2m([22m[2m9 tests[22m[2m)[22m[32m 77[2mms[22m[39m
 [32m✓[39m tests/e2e/assistant-panel-golden.test.ts [2m([22m[2m12 tests[22m[2m)[22m[32m 80[2mms[22m[39m
 [32m✓[39m apps/web-shell/test/inspector.test.ts [2m([22m[2m7 tests[22m[2m)[22m[32m 162[2mms[22m[39m
 [32m✓[39m packages/site-kit/test/ports.test.ts [2m([22m[2m41 tests[22m[2m)[22m[32m 75[2mms[22m[39m
 [32m✓[39m packages/engine-kernel/test/sculpt-session.test.ts [2m([22m[2m5 tests[22m[2m)[22m[33m 387[2mms[22m[39m
 [32m✓[39m tests/sites/finish-catalog-history.test.ts [2m([22m[2m13 tests[22m[2m)[22m[32m 40[2mms[22m[39m
 [32m✓[39m packages/schemas/test/plugin-manifest.test.ts [2m([22m[2m20 tests[22m[2m)[22m[32m 63[2mms[22m[39m
 [32m✓[39m packages/site-kit/test/change-review.test.ts [2m([22m[2m26 tests[22m[2m)[22m[32m 190[2mms[22m[39m
 [32m✓[39m packages/cli/test/desktop-bridge.test.ts [2m([22m[2m6 tests[22m[2m)[22m[32m 219[2mms[22m[39m
 [32m✓[39m tests/e2e/importers-plugin-golden.test.ts [2m([22m[2m5 tests[22m[2m)[22m[32m 223[2mms[22m[39m
 [32m✓[39m packages/authoring-core/test/legacy-v1.test.ts [2m([22m[2m2 tests[22m[2m)[22m[32m 135[2mms[22m[39m
 [32m✓[39m packages/cli/test/held-keys.regressions.test.ts [2m([22m[2m15 tests[22m[2m)[22m[32m 68[2mms[22m[39m
 [32m✓[39m tests/db/schema-lockstep.test.ts [2m([22m[2m44 tests[22m[2m)[22m[32m 173[2mms[22m[39m
 [32m✓[39m packages/site-kit/test/design-tokens.test.ts [2m([22m[2m46 tests[22m[2m)[22m[32m 56[2mms[22m[39m
 [32m✓[39m packages/billing/test/metering.test.ts [2m([22m[2m17 tests[22m[2m)[22m[32m 32[2mms[22m[39m
 [32m✓[39m packages/engine-kernel/test/portable-digest.test.ts [2m([22m[2m12 tests[22m[2m)[22m[32m 30[2mms[22m[39m
 [32m✓[39m packages/profile-web/test/experience-scenarios.test.ts [2m([22m[2m5 tests[22m[2m)[22m[32m 99[2mms[22m[39m
 [32m✓[39m packages/billing/test/stripe-webhook-reconciliation.test.ts [2m([22m[2m13 tests[22m[2m)[22m[32m 117[2mms[22m[39m
 [32m✓[39m packages/cli/test/json-equivalence.test.ts [2m([22m[2m29 tests[22m[2m)[22m[32m 111[2mms[22m[39m
 [32m✓[39m tests/parity/open-path-policy-parity.test.ts [2m([22m[2m11 tests[22m[2m)[22m[32m 105[2mms[22m[39m
 [32m✓[39m packages/engine-presentation/test/three-surface.test.ts [2m([22m[2m3 tests[22m[2m)[22m[32m 51[2mms[22m[39m
 [32m✓[39m packages/cli/test/exit-codes.golden.test.ts [2m([22m[2m11 tests[22m[2m)[22m[32m 36[2mms[22m[39m
 [32m✓[39m tests/e2e/hosted-ai-metering-golden.test.ts [2m([22m[2m9 tests[22m[2m)[22m[32m 66[2mms[22m[39m
 [32m✓[39m apps/catalog-web/test/dormant-listing.test.ts [2m([22m[2m4 tests[22m[2m)[22m[32m 20[2mms[22m[39m
 [32m✓[39m packages/engine-kernel/test/gameplay.test.ts [2m([22m[2m3 tests[22m[2m)[22m[32m 32[2mms[22m[39m
 [32m✓[39m packages/cli/test/envelope.snapshot.test.ts [2m([22m[2m16 tests[22m[2m)[22m[32m 38[2mms[22m[39m
 [32m✓[39m packages/engine-orchestrator/test/refuse-matrix.test.ts [2m([22m[2m18 tests[22m[2m)[22m[32m 79[2mms[22m[39m
 [32m✓[39m packages/billing/test/stripe-connect.test.ts [2m([22m[2m20 tests[22m[2m)[22m[32m 246[2mms[22m[39m
 [32m✓[39m apps/desktop-shell/test/protocol-client.test.ts [2m([22m[2m4 tests[22m[2m)[22m[32m 98[2mms[22m[39m
 [32m✓[39m apps/desktop-shell/test/visual-model.test.ts [2m([22m[2m28 tests[22m[2m)[22m[32m 61[2mms[22m[39m
 [32m✓[39m packages/schemas/test/editor-command-registry.test.ts [2m([22m[2m5 tests[22m[2m)[22m[32m 203[2mms[22m[39m
 [32m✓[39m packages/auth/test/role-guard.test.ts [2m([22m[2m21 tests[22m[2m)[22m[32m 65[2mms[22m[39m
 [32m✓[39m tests/e2e/catalog-fixture-commerce-golden.test.ts [2m([22m[2m5 tests[22m[2m)[22m[32m 50[2mms[22m[39m
 [32m✓[39m packages/schemas/test/catalog-pipeline.test.ts [2m([22m[2m32 tests[22m[2m)[22m[32m 50[2mms[22m[39m
 [32m✓[39m packages/site-kit/test/entitlement.test.ts [2m([22m[2m24 tests[22m[2m)[22m[32m 94[2mms[22m[39m
 [32m✓[39m packages/schemas/test/desktop-scene-cameras.test.ts [2m([22m[2m5 tests[22m[2m)[22m[32m 17[2mms[22m[39m
 [32m✓[39m tests/e2e/full-editor-transactions-golden.test.ts [2m([22m[2m4 tests[22m[2m)[22m[32m 122[2mms[22m[39m
 [32m✓[39m tests/e2e/profile-web-golden-path.test.ts [2m([22m[2m1 test[22m[2m)[22m[32m 131[2mms[22m[39m
 [32m✓[39m packages/schemas/test/desktop-scene-prefab.test.ts [2m([22m[2m2 tests[22m[2m)[22m[32m 12[2mms[22m[39m
 [32m✓[39m packages/cli/test/profile-open-path.test.ts [2m([22m[2m12 tests[22m[2m)[22m[32m 42[2mms[22m[39m
 [32m✓[39m apps/catalog-game/test/seam.test.ts [2m([22m[2m5 tests[22m[2m)[22m[32m 9[2mms[22m[39m
 [32m✓[39m packages/schemas/test/plugin-capability-registry.test.ts [2m([22m[2m13 tests[22m[2m)[22m[32m 17[2mms[22m[39m
 [32m✓[39m packages/profile-kids/test/refuse-matrix.test.ts [2m([22m[2m8 tests[22m[2m)[22m[32m 25[2mms[22m[39m
 [32m✓[39m packages/engine-presentation/test/audio-playback.test.ts [2m([22m[2m7 tests[22m[2m)[22m[32m 33[2mms[22m[39m
 [32m✓[39m packages/schemas/test/desktop-scene-environment-mutation.test.ts [2m([22m[2m16 tests[22m[2m)[22m[32m 64[2mms[22m[39m
 [32m✓[39m packages/schemas/test/desktop-scene-transform.test.ts [2m([22m[2m5 tests[22m[2m)[22m[32m 19[2mms[22m[39m
 [32m✓[39m tests/sites/umbrella-profile-matrix.test.ts [2m([22m[2m17 tests[22m[2m)[22m[32m 15[2mms[22m[39m
 [32m✓[39m packages/site-kit/test/site-session.test.ts [2m([22m[2m15 tests[22m[2m)[22m[32m 18[2mms[22m[39m
 [32m✓[39m tests/e2e/rarity-engine-golden.test.ts [2m([22m[2m1 test[22m[2m)[22m[32m 80[2mms[22m[39m
 [32m✓[39m tests/e2e/desktop-capability-matrix-audit.test.ts [2m([22m[2m2 tests[22m[2m)[22m[32m 46[2mms[22m[39m
 [32m✓[39m packages/authoring-core/test/assistant-sculpt.test.ts [2m([22m[2m6 tests[22m[2m)[22m[32m 167[2mms[22m[39m
 [32m✓[39m packages/billing/test/ledger.test.ts [2m([22m[2m33 tests[22m[2m)[22m[32m 63[2mms[22m[39m
 [32m✓[39m tests/sites/web-experience-editor.test.ts [2m([22m[2m11 tests[22m[2m)[22m[32m 20[2mms[22m[39m
 [32m✓[39m tests/docs/module-coverage.test.ts [2m([22m[2m3 tests[22m[2m)[22m[32m 12[2mms[22m[39m
 [32m✓[39m packages/billing/test/live-mode.test.ts [2m([22m[2m18 tests[22m[2m)[22m[32m 61[2mms[22m[39m
 [32m✓[39m packages/engine-orchestrator/test/golden-path-orchestrated.test.ts [2m([22m[2m6 tests[22m[2m)[22m[32m 23[2mms[22m[39m
 [32m✓[39m packages/schemas/test/desktop-scene-edit.test.ts [2m([22m[2m5 tests[22m[2m)[22m[32m 44[2mms[22m[39m
 [32m✓[39m packages/engine-kernel/test/session.test.ts [2m([22m[2m13 tests[22m[2m)[22m[32m 52[2mms[22m[39m
 [32m✓[39m packages/schemas/test/desktop-scene-lights.test.ts [2m([22m[2m5 tests[22m[2m)[22m[32m 108[2mms[22m[39m
 [32m✓[39m apps/desktop-shell/test/visual-model-dock.test.ts [2m([22m[2m10 tests[22m[2m)[22m[32m 35[2mms[22m[39m
 [32m✓[39m packages/profile-kids/test/activity.test.ts [2m([22m[2m13 tests[22m[2m)[22m[32m 19[2mms[22m[39m
 [32m✓[39m packages/schemas/test/desktop-scene-animation.test.ts [2m([22m[2m4 tests[22m[2m)[22m[32m 142[2mms[22m[39m
 [32m✓[39m packages/site-kit/test/web-experience-editor.test.ts [2m([22m[2m15 tests[22m[2m)[22m[32m 37[2mms[22m[39m
 [32m✓[39m desktop/linux/test/viewport-input-actions.test.ts [2m([22m[2m5 tests[22m[2m)[22m[33m 411[2mms[22m[39m
 [32m✓[39m tests/sites/credit-pack-purchase-ux.test.ts [2m([22m[2m9 tests[22m[2m)[22m[32m 82[2mms[22m[39m
 [32m✓[39m tests/e2e/profile-kids-refuse-golden.test.ts [2m([22m[2m13 tests[22m[2m)[22m[32m 119[2mms[22m[39m
 [32m✓[39m apps/desktop-shell/test/visual-model-inspector.test.ts [2m([22m[2m2 tests[22m[2m)[22m[32m 56[2mms[22m[39m
 [32m✓[39m tests/sites/desktop-offer-lockstep.test.ts [2m([22m[2m13 tests[22m[2m)[22m[32m 32[2mms[22m[39m
 [32m✓[39m packages/site-kit/test/commerce-notice.test.ts [2m([22m[2m4 tests[22m[2m)[22m[32m 289[2mms[22m[39m
 [32m✓[39m packages/schemas/test/desktop-scene-animation-mutation.test.ts [2m([22m[2m22 tests[22m[2m)[22m[32m 149[2mms[22m[39m
 [32m✓[39m packages/site-kit/test/access-states.test.ts [2m([22m[2m14 tests[22m[2m)[22m[32m 68[2mms[22m[39m
 [32m✓[39m packages/site-kit/test/editor-state.test.ts [2m([22m[2m15 tests[22m[2m)[22m[32m 21[2mms[22m[39m
 [32m✓[39m packages/schemas/test/desktop-scene-physics-mutation.test.ts [2m([22m[2m21 tests[22m[2m)[22m[32m 78[2mms[22m[39m
 [32m✓[39m packages/schemas/test/billing.test.ts [2m([22m[2m35 tests[22m[2m)[22m[32m 50[2mms[22m[39m
 [32m✓[39m packages/engine-orchestrator/test/production-hardening.test.ts [2m([22m[2m2 tests[22m[2m)[22m[32m 34[2mms[22m[39m
 [32m✓[39m packages/schemas/test/desktop-scene-materials-mutation.test.ts [2m([22m[2m16 tests[22m[2m)[22m[32m 70[2mms[22m[39m
 [32m✓[39m tests/docs/capability-matrix-audit.test.ts [2m([22m[2m4 tests[22m[2m)[22m[32m 66[2mms[22m[39m
 [32m✓[39m packages/site-kit/test/site-config.test.ts [2m([22m[2m14 tests[22m[2m)[22m[32m 18[2mms[22m[39m
 [32m✓[39m packages/schemas/test/document-proposal.test.ts [2m([22m[2m8 tests[22m[2m)[22m[32m 167[2mms[22m[39m
 [32m✓[39m packages/schemas/test/credits.test.ts [2m([22m[2m15 tests[22m[2m)[22m[32m 16[2mms[22m[39m
 [32m✓[39m packages/engine-kernel/test/kernel-contract.test.ts [2m([22m[2m3 tests[22m[2m)[22m[32m 73[2mms[22m[39m
 [32m✓[39m tests/e2e/module-coverage-evidence.test.ts [2m([22m[2m2 tests[22m[2m)[22m[32m 191[2mms[22m[39m
 [32m✓[39m packages/schemas/test/physics-world-host.test.ts [2m([22m[2m1 test[22m[2m)[22m[32m 28[2mms[22m[39m
 [32m✓[39m tests/sites/umbrella-login-flow.test.ts [2m([22m[2m15 tests[22m[2m)[22m[33m 401[2mms[22m[39m
 [32m✓[39m packages/schemas/test/profile-conformance.test.ts [2m([22m[2m8 tests[22m[2m)[22m[32m 100[2mms[22m[39m
 [32m✓[39m packages/schemas/test/stripe-connect.test.ts [2m([22m[2m2 tests[22m[2m)[22m[32m 37[2mms[22m[39m
 [32m✓[39m tests/desktop/desktop-asset-picker-host.test.ts [2m([22m[2m2 tests[22m[2m)[22m[32m 9[2mms[22m[39m
 [32m✓[39m apps/desktop-shell/test/visual-refinement.test.ts [2m([22m[2m11 tests[22m[2m)[22m[32m 123[2mms[22m[39m
 [32m✓[39m packages/engine-presentation/test/runtime.test.ts [2m([22m[2m3 tests[22m[2m)[22m[32m 39[2mms[22m[39m
 [32m✓[39m packages/schemas/test/desktop-play-session.test.ts [2m([22m[2m2 tests[22m[2m)[22m[32m 39[2mms[22m[39m
 [32m✓[39m packages/schemas/test/model-provider.test.ts [2m([22m[2m2 tests[22m[2m)[22m[32m 92[2mms[22m[39m
 [32m✓[39m packages/cli/test/held-keys.command-map.test.ts [2m([22m[2m11 tests[22m[2m)[22m[32m 15[2mms[22m[39m
 [32m✓[39m apps/desktop-shell/test/visual-model-assistant.test.ts [2m([22m[2m6 tests[22m[2m)[22m[32m 157[2mms[22m[39m
 [32m✓[39m packages/schemas/test/desktop-scene-audio.test.ts [2m([22m[2m4 tests[22m[2m)[22m[32m 18[2mms[22m[39m
 [32m✓[39m packages/engine-presentation/test/legacy-audio-compat.test.ts [2m([22m[2m4 tests[22m[2m)[22m[32m 41[2mms[22m[39m
 [32m✓[39m packages/profile-kids/test/seam.test.ts [2m([22m[2m3 tests[22m[2m)[22m[32m 8[2mms[22m[39m
 [32m✓[39m packages/schemas/test/entitlements.test.ts [2m([22m[2m13 tests[22m[2m)[22m[32m 40[2mms[22m[39m
 [32m✓[39m packages/schemas/test/desktop-assistant-ask.test.ts [2m([22m[2m3 tests[22m[2m)[22m[32m 14[2mms[22m[39m
 [32m✓[39m packages/schemas/test/desktop-scene-effects-mutation.test.ts [2m([22m[2m16 tests[22m[2m)[22m[32m 60[2mms[22m[39m
 [32m✓[39m packages/site-kit/test/login-plane.test.ts [2m([22m[2m9 tests[22m[2m)[22m[32m 29[2mms[22m[39m
 [32m✓[39m packages/schemas/test/desktop-profile-evidence.test.ts [2m([22m[2m2 tests[22m[2m)[22m[32m 72[2mms[22m[39m
 [32m✓[39m packages/schemas/test/project-manifest.test.ts [2m([22m[2m2 tests[22m[2m)[22m[32m 13[2mms[22m[39m
 [32m✓[39m apps/desktop-shell/test/session-recovery.test.ts [2m([22m[2m2 tests[22m[2m)[22m[32m 57[2mms[22m[39m
 [32m✓[39m packages/billing/test/store-boundary.test.ts [2m([22m[2m16 tests[22m[2m)[22m[32m 98[2mms[22m[39m
 [32m✓[39m apps/desktop-shell/test/visual-model-frame.test.ts [2m([22m[2m3 tests[22m[2m)[22m[32m 26[2mms[22m[39m
 [32m✓[39m packages/auth/test/admin.test.ts [2m([22m[2m19 tests[22m[2m)[22m[32m 15[2mms[22m[39m
 [32m✓[39m packages/engine-kernel/test/seam.test.ts [2m([22m[2m3 tests[22m[2m)[22m[32m 14[2mms[22m[39m
 [32m✓[39m packages/schemas/test/desktop-scene-physics.test.ts [2m([22m[2m14 tests[22m[2m)[22m[32m 141[2mms[22m[39m
 [32m✓[39m packages/schemas/test/desktop-scene-environment.test.ts [2m([22m[2m6 tests[22m[2m)[22m[32m 88[2mms[22m[39m
 [32m✓[39m packages/schemas/test/identity.test.ts [2m([22m[2m27 tests[22m[2m)[22m[32m 138[2mms[22m[39m
 [32m✓[39m apps/desktop-shell/test/visual-model-palette.test.ts [2m([22m[2m2 tests[22m[2m)[22m[32m 120[2mms[22m[39m
 [32m✓[39m packages/schemas/test/seam.test.ts [2m([22m[2m5 tests[22m[2m)[22m[32m 30[2mms[22m[39m
 [32m✓[39m packages/cli/test/refusal.test.ts [2m([22m[2m12 tests[22m[2m)[22m[32m 20[2mms[22m[39m
 [32m✓[39m packages/cli/test/desktop-socket-worker-lockstep.test.ts [2m([22m[2m3 tests[22m[2m)[22m[32m 7[2mms[22m[39m
 [32m✓[39m packages/schemas/test/desktop-scene-effects.test.ts [2m([22m[2m7 tests[22m[2m)[22m[32m 75[2mms[22m[39m
 [32m✓[39m tests/sites/vercel-package.test.ts [2m([22m[2m6 tests[22m[2m)[22m[32m 23[2mms[22m[39m
 [32m✓[39m packages/schemas/test/plugin-capability-sculpt-intake.test.ts [2m([22m[2m12 tests[22m[2m)[22m[32m 51[2mms[22m[39m
 [32m✓[39m packages/cli/test/held-keys.generator.test.ts [2m([22m[2m17 tests[22m[2m)[22m[32m 228[2mms[22m[39m
 [32m✓[39m apps/web-shell/test/open-path-view.test.ts [2m([22m[2m7 tests[22m[2m)[22m[32m 22[2mms[22m[39m
 [32m✓[39m packages/auth/test/principal-provenance.test.ts [2m([22m[2m1 test[22m[2m)[22m[32m 44[2mms[22m[39m
 [32m✓[39m tests/sites/kids-surface.test.ts [2m([22m[2m10 tests[22m[2m)[22m[32m 19[2mms[22m[39m
 [32m✓[39m packages/billing/test/seam.test.ts [2m([22m[2m4 tests[22m[2m)[22m[32m 8[2mms[22m[39m
 [32m✓[39m apps/catalog-web/test/seam.test.ts [2m([22m[2m5 tests[22m[2m)[22m[32m 8[2mms[22m[39m
 [32m✓[39m packages/site-kit/test/desktop-app-offer.test.ts [2m([22m[2m13 tests[22m[2m)[22m[32m 296[2mms[22m[39m
 [32m✓[39m tests/sites/site-response-hardening.test.ts [2m([22m[2m14 tests[22m[2m)[22m[32m 43[2mms[22m[39m
 [32m✓[39m packages/schemas/test/desktop-scene-package.test.ts [2m([22m[2m5 tests[22m[2m)[22m[32m 29[2mms[22m[39m
 [32m✓[39m tests/sites/site-kit-component-collapse.test.ts [2m([22m[2m11 tests[22m[2m)[22m[32m 116[2mms[22m[39m
 [32m✓[39m packages/profile-game/test/open-path.test.ts [2m([22m[2m6 tests[22m[2m)[22m[32m 8[2mms[22m[39m
 [32m✓[39m packages/profile-web/test/seam.test.ts [2m([22m[2m3 tests[22m[2m)[22m[32m 11[2mms[22m[39m
 [32m✓[39m packages/schemas/test/desktop-scene-materials.test.ts [2m([22m[2m5 tests[22m[2m)[22m[32m 39[2mms[22m[39m
 [32m✓[39m apps/web-shell/test/visual-postpr.test.ts [2m([22m[2m4 tests[22m[2m)[22m[32m 7[2mms[22m[39m
 [32m✓[39m packages/auth/test/seam.test.ts [2m([22m[2m3 tests[22m[2m)[22m[32m 44[2mms[22m[39m
 [32m✓[39m packages/schemas/test/unambiguous-json.test.ts [2m([22m[2m3 tests[22m[2m)[22m[32m 31[2mms[22m[39m
 [32m✓[39m tests/sites/umbrella-launch-marketing.test.ts [2m([22m[2m18 tests[22m[2m)[22m[32m 37[2mms[22m[39m
 [32m✓[39m packages/profile-web/test/open-path.test.ts [2m([22m[2m7 tests[22m[2m)[22m[32m 62[2mms[22m[39m
 [32m✓[39m packages/schemas/test/editor-shell-desktop.test.ts [2m([22m[2m3 tests[22m[2m)[22m[32m 26[2mms[22m[39m
 [32m✓[39m packages/profile-web/test/policy.test.ts [2m([22m[2m10 tests[22m[2m)[22m[32m 41[2mms[22m[39m
 [32m✓[39m apps/desktop-shell/test/open-path.test.ts [2m([22m[2m10 tests[22m[2m)[22m[32m 49[2mms[22m[39m
 [32m✓[39m apps/desktop-shell/test/visual-model-viewport.test.ts [2m([22m[2m1 test[22m[2m)[22m[32m 38[2mms[22m[39m
 [32m✓[39m packages/engine-presentation/test/contained-image.test.ts [2m([22m[2m2 tests[22m[2m)[22m[32m 34[2mms[22m[39m
 [32m✓[39m tests/desktop-artifact-expiry.test.ts [2m([22m[2m2 tests[22m[2m)[22m[32m 47[2mms[22m[39m
 [32m✓[39m tests/docs/stripe-live-activation.test.ts [2m([22m[2m2 tests[22m[2m)[22m[32m 34[2mms[22m[39m
 [32m✓[39m packages/profile-kids/test/policy.test.ts [2m([22m[2m13 tests[22m[2m)[22m[32m 10[2mms[22m[39m
 [32m✓[39m packages/engine-orchestrator/test/seam.test.ts [2m([22m[2m2 tests[22m[2m)[22m[32m 7[2mms[22m[39m
 [32m✓[39m packages/profile-web/test/authoring.test.ts [2m([22m[2m9 tests[22m[2m)[22m[32m 15[2mms[22m[39m
 [32m✓[39m packages/schemas/test/desktop-extension-seams.test.ts [2m([22m[2m2 tests[22m[2m)[22m[32m 9[2mms[22m[39m
 [32m✓[39m packages/schemas/test/desktop-project-build.test.ts [2m([22m[2m2 tests[22m[2m)[22m[32m 18[2mms[22m[39m
 [32m✓[39m packages/schemas/test/local-project-build.test.ts [2m([22m[2m9 tests[22m[2m)[22m[32m 26[2mms[22m[39m
 [32m✓[39m packages/site-kit/test/state-panel.test.ts [2m([22m[2m7 tests[22m[2m)[22m[32m 14[2mms[22m[39m
 [32m✓[39m packages/schemas/test/revenue-share.test.ts [2m([22m[2m2 tests[22m[2m)[22m[32m 17[2mms[22m[39m
 [32m✓[39m packages/site-kit/test/site-element.test.ts [2m([22m[2m9 tests[22m[2m)[22m[32m 63[2mms[22m[39m
 [32m✓[39m packages/schemas/test/desktop-workspace-layout.test.ts [2m([22m[2m2 tests[22m[2m)[22m[32m 5[2mms[22m[39m
 [32m✓[39m packages/engine-presentation/test/seam.test.ts [2m([22m[2m4 tests[22m[2m)[22m[32m 26[2mms[22m[39m
 [32m✓[39m packages/importers/test/seam.test.ts [2m([22m[2m3 tests[22m[2m)[22m[32m 14[2mms[22m[39m
 [32m✓[39m tests/sites/desktop-download.test.ts [2m([22m[2m7 tests[22m[2m)[22m[32m 44[2mms[22m[39m
 [32m✓[39m apps/web-shell/test/seam.test.ts [2m([22m[2m2 tests[22m[2m)[22m[32m 21[2mms[22m[39m
 [32m✓[39m packages/cli/test/seam.test.ts [2m([22m[2m2 tests[22m[2m)[22m[32m 5[2mms[22m[39m
 [32m✓[39m packages/site-kit/test/seam.test.ts [2m([22m[2m2 tests[22m[2m)[22m[32m 5[2mms[22m[39m
 [32m✓[39m apps/desktop-shell/test/seam.test.ts [2m([22m[2m3 tests[22m[2m)[22m[32m 5[2mms[22m[39m
 [32m✓[39m packages/authoring-core/test/seam.test.ts [2m([22m[2m2 tests[22m[2m)[22m[32m 4[2mms[22m[39m
 [32m✓[39m packages/profile-game/test/seam.test.ts [2m([22m[2m3 tests[22m[2m)[22m[32m 5[2mms[22m[39m
 [32m✓[39m tests/boundary/injected-site-violations.test.ts [2m([22m[2m110 tests[22m[2m)[22m[33m 380991[2mms[22m[39m
     [33m[2m✓[22m[39m control: the unmodified tree passes all three checkers [33m 24190[2mms[22m[39m
     [33m[2m✓[22m[39m boundary check covers sites and fails when a site is missing from the matrix [33m 4385[2mms[22m[39m
     [33m[2m✓[22m[39m boundary check fails on a site depending on an engine package [33m 6626[2mms[22m[39m
     [33m[2m✓[22m[39m boundary check fails on a site source importing an engine package [33m 4706[2mms[22m[39m
     [33m[2m✓[22m[39m the Kids site passes only with an empty SceneAxi edge [33m 2847[2mms[22m[39m
     [33m[2m✓[22m[39m sites check rejects Kids source with fetch authority [33m 2938[2mms[22m[39m
     [33m[2m✓[22m[39m sites check rejects Kids source with WebSocket authority [33m 2620[2mms[22m[39m
     [33m[2m✓[22m[39m sites check rejects Kids source with environment access authority [33m 3361[2mms[22m[39m
     [33m[2m✓[22m[39m sites check rejects Kids source with form authority [33m 3338[2mms[22m[39m
     [33m[2m✓[22m[39m sites check rejects Kids source with link authority [33m 3134[2mms[22m[39m
     [33m[2m✓[22m[39m sites check rejects an external URL added outside the Kids src tree [33m 3775[2mms[22m[39m
     [33m[2m✓[22m[39m sites check rejects a Kids config granting a request rewrite [33m 2554[2mms[22m[39m
     [33m[2m✓[22m[39m sites check rejects a Kids config granting a redirect [33m 3598[2mms[22m[39m
     [33m[2m✓[22m[39m sites check rejects a Kids config granting a remote image pattern [33m 3283[2mms[22m[39m
     [33m[2m✓[22m[39m sites check rejects a Kids config granting an image host allow list [33m 3300[2mms[22m[39m
     [33m[2m✓[22m[39m sites check rejects a Kids config granting an asset prefix [33m 3299[2mms[22m[39m
     [33m[2m✓[22m[39m sites check rejects a Kids config granting a proxy destination [33m 3635[2mms[22m[39m
     [33m[2m✓[22m[39m sites check rejects a Kids config granting build-time environment injection [33m 3344[2mms[22m[39m
     [33m[2m✓[22m[39m sites check rejects any Kids environment input, even without a value [33m 2787[2mms[22m[39m
     [33m[2m✓[22m[39m sites check rejects a second Kids dependency build approval [33m 3554[2mms[22m[39m
     [33m[2m✓[22m[39m sites check rejects a deployed site whose npmrc omits the hoisted linker [33m 2611[2mms[22m[39m
     [33m[2m✓[22m[39m sites check rejects an npmrc that selects a non-hoisted linker [33m 3009[2mms[22m[39m
     [33m[2m✓[22m[39m sites check rejects a deployed site whose workspace file omits the hoisted linker [33m 3307[2mms[22m[39m
     [33m[2m✓[22m[39m sites check rejects a non-hoisted workspace linker — a bare value [33m 3854[2mms[22m[39m
     [33m[2m✓[22m[39m sites check rejects a non-hoisted workspace linker — a value behind a trailing comment [33m 5382[2mms[22m[39m
     [33m[2m✓[22m[39m sites check rejects a non-hoisted workspace linker — a quoted value [33m 4553[2mms[22m[39m
     [33m[2m✓[22m[39m sites check accepts an agreeing workspace linker — a quoted workspace value [33m 3681[2mms[22m[39m
     [33m[2m✓[22m[39m sites check accepts an agreeing workspace linker — a commented workspace value [33m 4526[2mms[22m[39m
     [33m[2m✓[22m[39m sites check accepts an npmrc linker followed by an inline comment [33m 3807[2mms[22m[39m
     [33m[2m✓[22m[39m sites check rejects removal of the Vercel package postbuild [33m 2978[2mms[22m[39m
     [33m[2m✓[22m[39m boundary check allows the umbrella's one charted engine edge — the presentation seam [33m 8426[2mms[22m[39m
     [33m[2m✓[22m[39m boundary check still denies the presentation seam to sites/catalog-game [33m 12621[2mms[22m[39m
     [33m[2m✓[22m[39m boundary check still denies the presentation seam to sites/catalog-web [33m 18718[2mms[22m[39m
     [33m[2m✓[22m[39m boundary check allows the umbrella's charted identity edge through its plug point — @sceneaxi/auth [33m 10988[2mms[22m[39m
     [33m[2m✓[22m[39m boundary check allows the umbrella's charted identity edge through its plug point — @sceneaxi/billing [33m 6664[2mms[22m[39m
     [33m[2m✓[22m[39m boundary check denies a request route taking caller-facing authority through @sceneaxi/auth [33m 5873[2mms[22m[39m
     [33m[2m✓[22m[39m boundary check denies a request route taking caller-facing authority through @sceneaxi/billing [33m 4953[2mms[22m[39m
     [33m[2m✓[22m[39m boundary check denies an unauthorized umbrella lib importing @sceneaxi/auth [33m 5042[2mms[22m[39m
     [33m[2m✓[22m[39m boundary check denies an unauthorized umbrella lib importing @sceneaxi/billing [33m 4487[2mms[22m[39m
     [33m[2m✓[22m[39m boundary check denies a route bypassing the request facade through ../../../lib/identity-plane.js [33m 5453[2mms[22m[39m
     [33m[2m✓[22m[39m boundary check denies a route bypassing the request facade through ../../../lib/provider-adapters.js [33m 3950[2mms[22m[39m
     [33m[2m✓[22m[39m boundary check denies a route bypassing the request facade through ../../../lib/credit-webhook.js [33m 4916[2mms[22m[39m
     [33m[2m✓[22m[39m boundary check denies a route bypassing the request facade through ../../../index.js [33m 3880[2mms[22m[39m
     [33m[2m✓[22m[39m boundary check denies a route bypassing the request facade through alias @/lib/identity-plane [33m 8788[2mms[22m[39m
     [33m[2m✓[22m[39m boundary check denies a route bypassing the request facade through alias @/lib/provider-adapters [33m 8116[2mms[22m[39m
     [33m[2m✓[22m[39m boundary check denies a route bypassing the request facade through alias @/lib/credit-webhook [33m 4740[2mms[22m[39m
     [33m[2m✓[22m[39m boundary check denies a route bypassing the request facade through alias @/index [33m 2629[2mms[22m[39m
     [33m[2m✓[22m[39m boundary check models every alias the umbrella's tsconfig declares, not one hardcoded pair [33m 2622[2mms[22m[39m
     [33m[2m✓[22m[39m boundary check follows a longer alias prefix that shadows an earlier one [33m 2218[2mms[22m[39m
     [33m[2m✓[22m[39m boundary check checks every target of a multi-target alias, not just the first [33m 2796[2mms[22m[39m
     [33m[2m✓[22m[39m boundary check resolves a bare specifier through a baseUrl that declares no alias [33m 2863[2mms[22m[39m
     [33m[2m✓[22m[39m boundary check leaves a real dependency a package import under a declared baseUrl [33m 3142[2mms[22m[39m
     [33m[2m✓[22m[39m boundary check models an alias table inherited through tsconfig extends [33m 1982[2mms[22m[39m
     [33m[2m✓[22m[39m boundary check refuses a tsconfig base it cannot resolve instead of ignoring its aliases [33m 2089[2mms[22m[39m
     [33m[2m✓[22m[39m boundary check does not read a dynamic specifier off a same-named outer const [33m 2967[2mms[22m[39m
     [33m[2m✓[22m[39m boundary check denies an unauthorized lib re-exporting deployment authority [33m 2791[2mms[22m[39m
     [33m[2m✓[22m[39m boundary check denies a static template dynamic import of deployment authority [33m 2770[2mms[22m[39m
     [33m[2m✓[22m[39m boundary check denies a constant-concatenated dynamic import of deployment authority [33m 2495[2mms[22m[39m
     [33m[2m✓[22m[39m boundary check denies deployment authority through a same-file const binding [33m 2516[2mms[22m[39m
     [33m[2m✓[22m[39m boundary check denies deployment authority through a constant conditional binding [33m 2229[2mms[22m[39m
     [33m[2m✓[22m[39m boundary check denies deployment authority through a constant logical binding [33m 2255[2mms[22m[39m
     [33m[2m✓[22m[39m boundary check denies deployment authority through a destructured object const binding [33m 2410[2mms[22m[39m
     [33m[2m✓[22m[39m boundary check denies deployment authority through a destructured array const binding [33m 2138[2mms[22m[39m
     [33m[2m✓[22m[39m boundary check denies deployment authority through a const object property access [33m 2640[2mms[22m[39m
     [33m[2m✓[22m[39m boundary check denies deployment authority through a const object element access [33m 2628[2mms[22m[39m
     [33m[2m✓[22m[39m boundary check denies deployment authority through a const array element access [33m 1937[2mms[22m[39m
     [33m[2m✓[22m[39m boundary check denies deployment authority through a nested const member access [33m 2811[2mms[22m[39m
     [33m[2m✓[22m[39m boundary check denies deployment authority through a relative resource query [33m 2365[2mms[22m[39m
     [33m[2m✓[22m[39m boundary check denies deployment authority through a relative resource fragment [33m 1977[2mms[22m[39m
     [33m[2m✓[22m[39m boundary check denies deployment authority through an aliased resource query [33m 2081[2mms[22m[39m
     [33m[2m✓[22m[39m boundary check denies deployment authority through an aliased resource fragment [33m 2268[2mms[22m[39m
     [33m[2m✓[22m[39m boundary check scans a JSX intermediary that re-exports deployment authority [33m 2029[2mms[22m[39m
     [33m[2m✓[22m[39m boundary check resolves a directory barrel that re-exports deployment authority [33m 2150[2mms[22m[39m
     [33m[2m✓[22m[39m boundary check keeps catalog-game from taking a second auth stack via @sceneaxi/auth [33m 1904[2mms[22m[39m
     [33m[2m✓[22m[39m boundary check keeps catalog-game from taking a second auth stack via @sceneaxi/billing [33m 1797[2mms[22m[39m
     [33m[2m✓[22m[39m boundary check keeps catalog-web from taking a second auth stack via @sceneaxi/auth [33m 2060[2mms[22m[39m
     [33m[2m✓[22m[39m boundary check keeps catalog-web from taking a second auth stack via @sceneaxi/billing [33m 2168[2mms[22m[39m
     [33m[2m✓[22m[39m boundary check keeps @sceneaxi/engine-kernel denied to the umbrella [33m 2074[2mms[22m[39m
     [33m[2m✓[22m[39m boundary check keeps @sceneaxi/engine-orchestrator denied to the umbrella [33m 2316[2mms[22m[39m
     [33m[2m✓[22m[39m boundary check keeps @sceneaxi/authoring-core denied to the umbrella [33m 2031[2mms[22m[39m
     [33m[2m✓[22m[39m boundary check keeps @sceneaxi/profile-game denied to the umbrella [33m 1944[2mms[22m[39m
     [33m[2m✓[22m[39m boundary check fails on a site importing the Kids package — the isolation boundary [33m 2360[2mms[22m[39m
     [33m[2m✓[22m[39m boundary check fails on a site release-group mismatch [33m 2211[2mms[22m[39m
     [33m[2m✓[22m[39m boundary check fails on a site source escaping its own directory [33m 2142[2mms[22m[39m
     [33m[2m✓[22m[39m syntax check covers a site .tsx and fails on a parse error [33m 1625[2mms[22m[39m
     [33m[2m✓[22m[39m syntax check accepts valid JSX in a site .tsx [33m 1684[2mms[22m[39m
     [33m[2m✓[22m[39m sites check fails when a required site file is removed [33m 1763[2mms[22m[39m
     [33m[2m✓[22m[39m sites check fails when a required script is removed [33m 1434[2mms[22m[39m
     [33m[2m✓[22m[39m sites check fails when site-kit stops being a link: dependency [33m 1582[2mms[22m[39m
     [33m[2m✓[22m[39m sites check fails when a framework dependency leaks into the hermetic root [33m 1742[2mms[22m[39m
     [33m[2m✓[22m[39m sites check keeps Better Auth at the umbrella provider seam [33m 1576[2mms[22m[39m
     [33m[2m✓[22m[39m sites check fails when pnpm-workspace starts globbing sites/ [33m 1837[2mms[22m[39m
     [33m[2m✓[22m[39m sites check fails when .env.example assigns a value [33m 1635[2mms[22m[39m
     [33m[2m✓[22m[39m sites check fails on committed secret material — a Stripe test key [33m 1772[2mms[22m[39m
     [33m[2m✓[22m[39m sites check fails on committed secret material — a webhook secret [33m 1632[2mms[22m[39m
     [33m[2m✓[22m[39m sites check fails on committed secret material — a Postgres URL with a password [33m 1692[2mms[22m[39m
     [33m[2m✓[22m[39m sites check scans secret material in .pem files [33m 1892[2mms[22m[39m
     [33m[2m✓[22m[39m sites check scans secret material in .txt files [33m 2017[2mms[22m[39m
     [33m[2m✓[22m[39m sites check scans secret material in .css files [33m 1842[2mms[22m[39m
     [33m[2m✓[22m[39m sites check scans secret material in .yaml files [33m 1561[2mms[22m[39m
     [33m[2m✓[22m[39m sites check fails when a secret name is assigned a literal value [33m 1757[2mms[22m[39m
     [33m[2m✓[22m[39m sites check fails on a secret assigned through a quoted JSON key [33m 1602[2mms[22m[39m
     [33m[2m✓[22m[39m sites check fails on a secret assigned through a unquoted env value [33m 2049[2mms[22m[39m
     [33m[2m✓[22m[39m sites check fails on a secret assigned through a unquoted YAML value [33m 1924[2mms[22m[39m
     [33m[2m✓[22m[39m sites check rejects a committed fallback after an env reference [33m 2095[2mms[22m[39m
     [33m[2m✓[22m[39m sites check rejects a committed fallback continued on the next line [33m 1852[2mms[22m[39m
     [33m[2m✓[22m[39m sites check rejects a committed fallback after a TypeScript non-null assertion [33m 1818[2mms[22m[39m
     [33m[2m✓[22m[39m sites check accepts a complete direct env reference [33m 1945[2mms[22m[39m
     [33m[2m✓[22m[39m boundary check fails when site source imports a test-only testing/ subpath [33m 2765[2mms[22m[39m
     [33m[2m✓[22m[39m sites check fails on an empty sites tree [33m 475[2mms[22m[39m
 [31m❯[39m tests/contracts/injected-traceability-violations.test.ts [2m([22m[2m20 tests[22m[2m | [22m[31m1 failed[39m[2m)[22m[33m 457665[2mms[22m[39m
     [33m[2m✓[22m[39m control: the unmodified tree passes [33m 47506[2mms[22m[39m
     [33m[2m✓[22m[39m fails when a requirement disappears from both generated audit artifacts [33m 33452[2mms[22m[39m
     [33m[2m✓[22m[39m fails when an implementation reference disagrees with its resolved path [33m 40575[2mms[22m[39m
[31m     [31m×[31m fails when a real proof link loses its resolved path[39m[33m 69399[2mms[22m[39m
     [33m[2m✓[22m[39m fails when a requirement uses an unknown classification [33m 29598[2mms[22m[39m
     [33m[2m✓[22m[39m fails when a resolved proof path goes stale [33m 33130[2mms[22m[39m
     [33m[2m✓[22m[39m fails when a held requirement is promoted in both generated audit artifacts [33m 17198[2mms[22m[39m
     [33m[2m✓[22m[39m fails when the executable CLI surface exposes an unaccounted verb [33m 15862[2mms[22m[39m
     [33m[2m✓[22m[39m fails when a valid public CLI verb is exposed only by live registries [33m 16028[2mms[22m[39m
     [33m[2m✓[22m[39m fails when the executable editor registry exposes an unaccounted command [33m 13091[2mms[22m[39m
     [33m[2m✓[22m[39m fails when the executable desktop projection exposes an unaccounted control [33m 12918[2mms[22m[39m
     [33m[2m✓[22m[39m fails when the executable desktop bridge exposes an unaccounted action [33m 12830[2mms[22m[39m
     [33m[2m✓[22m[39m fails when the executable local bridge exposes an unaccounted tool [33m 12560[2mms[22m[39m
     [33m[2m✓[22m[39m fails when an executable refusal registry is missing from inventory [33m 14015[2mms[22m[39m
     [33m[2m✓[22m[39m fails when production provider, browser-evidence, and release catalogs are omitted [33m 15062[2mms[22m[39m
     [33m[2m✓[22m[39m fails when an alternate-extension route appears under a reserved-looking segment [33m 15545[2mms[22m[39m
     [33m[2m✓[22m[39m fails when executable golden-path tests are omitted from inventory [33m 14130[2mms[22m[39m
     [33m[2m✓[22m[39m fails when executable release dependencies disappear from both catalogs [33m 15025[2mms[22m[39m
     [33m[2m✓[22m[39m fails when a route and its declared count are duplicated together [33m 13965[2mms[22m[39m
     [33m[2m✓[22m[39m fails when a public package export is added without inventory coverage [33m 15771[2mms[22m[39m

[31m⎯⎯⎯⎯⎯⎯[39m[1m[41m Failed Tests 104 [49m[22m[31m⎯⎯⎯⎯⎯⎯[39m

[41m[1m FAIL [22m[49m tests/contracts/injected-traceability-violations.test.ts[2m > [22mtraceability check — injected violations[2m > [22mfails when a real proof link loses its resolved path
[31m[1mError[22m: Test timed out in 60000ms.
If this is a long-running test, pass a timeout value as the last argument or configure it globally with "testTimeout".[39m
[36m [2m❯[22m tests/contracts/injected-traceability-violations.test.ts:[2m154:3[22m[39m
    [90m152|[39m   })[33m;[39m
    [90m153|[39m
    [90m154|[39m   [34mit[39m([32m"fails when a real proof link loses its resolved path"[39m[33m,[39m () [33m=>[39m {
    [90m   |[39m   [31m^[39m
    [90m155|[39m     [34mmutateInventory[39m(fixture[33m,[39m (inventory) [33m=>[39m {
    [90m156|[39m       firstLink(requirement(inventory, "TOPO-001").liveProofs).resolve…

[31m[2m⎯⎯⎯⎯⎯⎯⎯⎯⎯⎯⎯⎯⎯⎯⎯⎯⎯⎯⎯⎯⎯⎯[1/104]⎯[22m[39m

[41m[1m FAIL [22m[49m tests/e2e/desktop-command-interactions-golden.test.ts[2m > [22mdesktop command menu, palette, and accelerator parity[2m > [22minvokes project-new from its menu
[41m[1m FAIL [22m[49m tests/e2e/desktop-command-interactions-golden.test.ts[2m > [22mdesktop command menu, palette, and accelerator parity[2m > [22minvokes project-open from its menu
[41m[1m FAIL [22m[49m tests/e2e/desktop-command-interactions-golden.test.ts[2m > [22mdesktop command menu, palette, and accelerator parity[2m > [22minvokes project-save from its menu
[41m[1m FAIL [22m[49m tests/e2e/desktop-command-interactions-golden.test.ts[2m > [22mdesktop command menu, palette, and accelerator parity[2m > [22minvokes project-git-status from its menu
[41m[1m FAIL [22m[49m tests/e2e/desktop-command-interactions-golden.test.ts[2m > [22mdesktop command menu, palette, and accelerator parity[2m > [22minvokes project-git-diff from its menu
[41m[1m FAIL [22m[49m tests/e2e/desktop-command-interactions-golden.test.ts[2m > [22mdesktop command menu, palette, and accelerator parity[2m > [22minvokes project-git-stage from its menu
[41m[1m FAIL [22m[49m tests/e2e/desktop-command-interactions-golden.test.ts[2m > [22mdesktop command menu, palette, and accelerator parity[2m > [22minvokes project-git-commit-prepare from its menu
[41m[1m FAIL [22m[49m tests/e2e/desktop-command-interactions-golden.test.ts[2m > [22mdesktop command menu, palette, and accelerator parity[2m > [22minvokes ship-export-web from its menu
[41m[1m FAIL [22m[49m tests/e2e/desktop-command-interactions-golden.test.ts[2m > [22mdesktop command menu, palette, and accelerator parity[2m > [22minvokes package-inspect from its menu
[41m[1m FAIL [22m[49m tests/e2e/desktop-command-interactions-golden.test.ts[2m > [22mdesktop command menu, palette, and accelerator parity[2m > [22minvokes package-install from its menu
[41m[1m FAIL [22m[49m tests/e2e/desktop-command-interactions-golden.test.ts[2m > [22mdesktop command menu, palette, and accelerator parity[2m > [22minvokes package-remove from its menu
[41m[1m FAIL [22m[49m tests/e2e/desktop-command-interactions-golden.test.ts[2m > [22mdesktop command menu, palette, and accelerator parity[2m > [22minvokes workspace-layout-inspect from its menu
[41m[1m FAIL [22m[49m tests/e2e/desktop-command-interactions-golden.test.ts[2m > [22mdesktop command menu, palette, and accelerator parity[2m > [22minvokes workspace-layout-apply from its menu
[41m[1m FAIL [22m[49m tests/e2e/desktop-command-interactions-golden.test.ts[2m > [22mdesktop command menu, palette, and accelerator parity[2m > [22minvokes workspace-layout-reset from its menu
[41m[1m FAIL [22m[49m tests/e2e/desktop-command-interactions-golden.test.ts[2m > [22mdesktop command menu, palette, and accelerator parity[2m > [22minvokes project-migration-propose from its menu
[41m[1m FAIL [22m[49m tests/e2e/desktop-command-interactions-golden.test.ts[2m > [22mdesktop command menu, palette, and accelerator parity[2m > [22minvokes project-migration-commit from its menu
[41m[1m FAIL [22m[49m tests/e2e/desktop-command-interactions-golden.test.ts[2m > [22mdesktop command menu, palette, and accelerator parity[2m > [22minvokes project-migration-recover from its menu
[41m[1m FAIL [22m[49m tests/e2e/desktop-command-interactions-golden.test.ts[2m > [22mdesktop command menu, palette, and accelerator parity[2m > [22minvokes project-build from its menu
[41m[1m FAIL [22m[49m tests/e2e/desktop-command-interactions-golden.test.ts[2m > [22mdesktop command menu, palette, and accelerator parity[2m > [22minvokes extension-inspect from its menu
[41m[1m FAIL [22m[49m tests/e2e/desktop-command-interactions-golden.test.ts[2m > [22mdesktop command menu, palette, and accelerator parity[2m > [22minvokes extension-start from its menu
[41m[1m FAIL [22m[49m tests/e2e/desktop-command-interactions-golden.test.ts[2m > [22mdesktop command menu, palette, and accelerator parity[2m > [22minvokes profile-inspect from its menu
[41m[1m FAIL [22m[49m tests/e2e/desktop-command-interactions-golden.test.ts[2m > [22mdesktop command menu, palette, and accelerator parity[2m > [22minvokes project-inspect from its menu
[41m[1m FAIL [22m[49m tests/e2e/desktop-command-interactions-golden.test.ts[2m > [22mdesktop command menu, palette, and accelerator parity[2m > [22minvokes input-actions-inspect from its menu
[41m[1m FAIL [22m[49m tests/e2e/desktop-command-interactions-golden.test.ts[2m > [22mdesktop command menu, palette, and accelerator parity[2m > [22minvokes input-action-rebind from its menu
[41m[1m FAIL [22m[49m tests/e2e/desktop-command-interactions-golden.test.ts[2m > [22mdesktop command menu, palette, and accelerator parity[2m > [22minvokes input-actions-reset from its menu
[41m[1m FAIL [22m[49m tests/e2e/desktop-command-interactions-golden.test.ts[2m > [22mdesktop command menu, palette, and accelerator parity[2m > [22minvokes scene-prefab-inspect from its menu
[41m[1m FAIL [22m[49m tests/e2e/desktop-command-interactions-golden.test.ts[2m > [22mdesktop command menu, palette, and accelerator parity[2m > [22minvokes scene-prefab-define from its menu
[41m[1m FAIL [22m[49m tests/e2e/desktop-command-interactions-golden.test.ts[2m > [22mdesktop command menu, palette, and accelerator parity[2m > [22minvokes scene-prefab-instance from its menu
[41m[1m FAIL [22m[49m tests/e2e/desktop-command-interactions-golden.test.ts[2m > [22mdesktop command menu, palette, and accelerator parity[2m > [22minvokes scene-prefab-override from its menu
[41m[1m FAIL [22m[49m tests/e2e/desktop-command-interactions-golden.test.ts[2m > [22mdesktop command menu, palette, and accelerator parity[2m > [22minvokes scene-prefab-refresh from its menu
[41m[1m FAIL [22m[49m tests/e2e/desktop-command-interactions-golden.test.ts[2m > [22mdesktop command menu, palette, and accelerator parity[2m > [22minvokes viewport-source-set from its menu
[41m[1m FAIL [22m[49m tests/e2e/desktop-command-interactions-golden.test.ts[2m > [22mdesktop command menu, palette, and accelerator parity[2m > [22minvokes physics-evaluate from its menu
[41m[1m FAIL [22m[49m tests/e2e/desktop-command-interactions-golden.test.ts[2m > [22mdesktop command menu, palette, and accelerator parity[2m > [22minvokes edit-undo from its menu
[41m[1m FAIL [22m[49m tests/e2e/desktop-command-interactions-golden.test.ts[2m > [22mdesktop command menu, palette, and accelerator parity[2m > [22minvokes edit-redo from its menu
[41m[1m FAIL [22m[49m tests/e2e/desktop-command-interactions-golden.test.ts[2m > [22mdesktop command menu, palette, and accelerator parity[2m > [22minvokes run-play from its menu
[31m[1mAssertionError[22m: expected [ { plane: 'project', …(2) }, …(2) ] to deeply equal [ { plane: 'project', …(2) }, …(3) ][39m

[32m- Expected[39m
[31m+ Received[39m

[33m@@ -8,15 +8,10 @@[39m
[2m      "action": "authoring",[22m
[2m      "op": "status",[22m
[2m      "plane": "engine",[22m
[2m    },[22m
[2m    {[22m
[32m-     "action": "command",[39m
[32m-     "op": "scene-hierarchy-inspect",[39m
[32m-     "plane": "engine",[39m
[32m-   },[39m
[32m-   {[39m
[2m      "action": "profile",[22m
[2m      "op": null,[22m
[2m      "plane": "engine",[22m
[2m    },[22m
[2m  ][22m

[36m [2m❯[22m commandHarness apps/desktop-shell/test/helpers/desktop-chrome-golden.ts:[2m542:17[22m[39m
    [90m540|[39m   ] [33m:[39m [{ plane[33m:[39m [32m"project"[39m[33m,[39m action[33m:[39m [32m"status"[39m[33m,[39m op[33m:[39m [35mnull[39m }][33m;[39m
    [90m541|[39m
    [90m542|[39m   [34mexpect[39m(calls)[33m.[39m[34mtoEqual[39m(initializationCalls)[33m;[39m
    [90m   |[39m                 [31m^[39m
    [90m543|[39m   expect(audioProfiles).toEqual(hasActiveProject ? [null, null, null, …
    [90m544|[39m   const initializationRequests = requests.filter((request) => request[…
[90m [2m❯[22m invoke tests/e2e/desktop-command-interactions-golden.test.ts:[2m83:41[22m[39m
[90m [2m❯[22m tests/e2e/desktop-command-interactions-golden.test.ts:[2m160:13[22m[39m

[31m[2m⎯⎯⎯⎯⎯⎯⎯⎯⎯⎯⎯⎯⎯⎯⎯⎯⎯⎯⎯⎯⎯⎯[2/104]⎯[22m[39m

[41m[1m FAIL [22m[49m tests/e2e/desktop-command-interactions-golden.test.ts[2m > [22mdesktop command menu, palette, and accelerator parity[2m > [22minvokes project-new from the palette
[41m[1m FAIL [22m[49m tests/e2e/desktop-command-interactions-golden.test.ts[2m > [22mdesktop command menu, palette, and accelerator parity[2m > [22minvokes project-open from the palette
[41m[1m FAIL [22m[49m tests/e2e/desktop-command-interactions-golden.test.ts[2m > [22mdesktop command menu, palette, and accelerator parity[2m > [22minvokes project-save from the palette
[41m[1m FAIL [22m[49m tests/e2e/desktop-command-interactions-golden.test.ts[2m > [22mdesktop command menu, palette, and accelerator parity[2m > [22minvokes project-git-status from the palette
[41m[1m FAIL [22m[49m tests/e2e/desktop-command-interactions-golden.test.ts[2m > [22mdesktop command menu, palette, and accelerator parity[2m > [22minvokes project-git-diff from the palette
[41m[1m FAIL [22m[49m tests/e2e/desktop-command-interactions-golden.test.ts[2m > [22mdesktop command menu, palette, and accelerator parity[2m > [22minvokes project-git-stage from the palette
[41m[1m FAIL [22m[49m tests/e2e/desktop-command-interactions-golden.test.ts[2m > [22mdesktop command menu, palette, and accelerator parity[2m > [22minvokes project-git-commit-prepare from the palette
[41m[1m FAIL [22m[49m tests/e2e/desktop-command-interactions-golden.test.ts[2m > [22mdesktop command menu, palette, and accelerator parity[2m > [22minvokes ship-export-web from the palette
[41m[1m FAIL [22m[49m tests/e2e/desktop-command-interactions-golden.test.ts[2m > [22mdesktop command menu, palette, and accelerator parity[2m > [22minvokes package-inspect from the palette
[41m[1m FAIL [22m[49m tests/e2e/desktop-command-interactions-golden.test.ts[2m > [22mdesktop command menu, palette, and accelerator parity[2m > [22minvokes package-install from the palette
[41m[1m FAIL [22m[49m tests/e2e/desktop-command-interactions-golden.test.ts[2m > [22mdesktop command menu, palette, and accelerator parity[2m > [22minvokes package-remove from the palette
[41m[1m FAIL [22m[49m tests/e2e/desktop-command-interactions-golden.test.ts[2m > [22mdesktop command menu, palette, and accelerator parity[2m > [22minvokes workspace-layout-inspect from the palette
[41m[1m FAIL [22m[49m tests/e2e/desktop-command-interactions-golden.test.ts[2m > [22mdesktop command menu, palette, and accelerator parity[2m > [22minvokes workspace-layout-apply from the palette
[41m[1m FAIL [22m[49m tests/e2e/desktop-command-interactions-golden.test.ts[2m > [22mdesktop command menu, palette, and accelerator parity[2m > [22minvokes workspace-layout-reset from the palette
[41m[1m FAIL [22m[49m tests/e2e/desktop-command-interactions-golden.test.ts[2m > [22mdesktop command menu, palette, and accelerator parity[2m > [22minvokes project-migration-propose from the palette
[41m[1m FAIL [22m[49m tests/e2e/desktop-command-interactions-golden.test.ts[2m > [22mdesktop command menu, palette, and accelerator parity[2m > [22minvokes project-migration-commit from the palette
[41m[1m FAIL [22m[49m tests/e2e/desktop-command-interactions-golden.test.ts[2m > [22mdesktop command menu, palette, and accelerator parity[2m > [22minvokes project-migration-recover from the palette
[41m[1m FAIL [22m[49m tests/e2e/desktop-command-interactions-golden.test.ts[2m > [22mdesktop command menu, palette, and accelerator parity[2m > [22minvokes project-build from the palette
[41m[1m FAIL [22m[49m tests/e2e/desktop-command-interactions-golden.test.ts[2m > [22mdesktop command menu, palette, and accelerator parity[2m > [22minvokes extension-inspect from the palette
[41m[1m FAIL [22m[49m tests/e2e/desktop-command-interactions-golden.test.ts[2m > [22mdesktop command menu, palette, and accelerator parity[2m > [22minvokes extension-start from the palette
[41m[1m FAIL [22m[49m tests/e2e/desktop-command-interactions-golden.test.ts[2m > [22mdesktop command menu, palette, and accelerator parity[2m > [22minvokes profile-inspect from the palette
[41m[1m FAIL [22m[49m tests/e2e/desktop-command-interactions-golden.test.ts[2m > [22mdesktop command menu, palette, and accelerator parity[2m > [22minvokes project-inspect from the palette
[41m[1m FAIL [22m[49m tests/e2e/desktop-command-interactions-golden.test.ts[2m > [22mdesktop command menu, palette, and accelerator parity[2m > [22minvokes input-actions-inspect from the palette
[41m[1m FAIL [22m[49m tests/e2e/desktop-command-interactions-golden.test.ts[2m > [22mdesktop command menu, palette, and accelerator parity[2m > [22minvokes input-action-rebind from the palette
[41m[1m FAIL [22m[49m tests/e2e/desktop-command-interactions-golden.test.ts[2m > [22mdesktop command menu, palette, and accelerator parity[2m > [22minvokes input-actions-reset from the palette
[41m[1m FAIL [22m[49m tests/e2e/desktop-command-interactions-golden.test.ts[2m > [22mdesktop command menu, palette, and accelerator parity[2m > [22minvokes scene-prefab-inspect from the palette
[41m[1m FAIL [22m[49m tests/e2e/desktop-command-interactions-golden.test.ts[2m > [22mdesktop command menu, palette, and accelerator parity[2m > [22minvokes scene-prefab-define from the palette
[41m[1m FAIL [22m[49m tests/e2e/desktop-command-interactions-golden.test.ts[2m > [22mdesktop command menu, palette, and accelerator parity[2m > [22minvokes scene-prefab-instance from the palette
[41m[1m FAIL [22m[49m tests/e2e/desktop-command-interactions-golden.test.ts[2m > [22mdesktop command menu, palette, and accelerator parity[2m > [22minvokes scene-prefab-override from the palette
[41m[1m FAIL [22m[49m tests/e2e/desktop-command-interactions-golden.test.ts[2m > [22mdesktop command menu, palette, and accelerator parity[2m > [22minvokes scene-prefab-refresh from the palette
[41m[1m FAIL [22m[49m tests/e2e/desktop-command-interactions-golden.test.ts[2m > [22mdesktop command menu, palette, and accelerator parity[2m > [22minvokes viewport-source-set from the palette
[41m[1m FAIL [22m[49m tests/e2e/desktop-command-interactions-golden.test.ts[2m > [22mdesktop command menu, palette, and accelerator parity[2m > [22minvokes physics-evaluate from the palette
[41m[1m FAIL [22m[49m tests/e2e/desktop-command-interactions-golden.test.ts[2m > [22mdesktop command menu, palette, and accelerator parity[2m > [22minvokes edit-undo from the palette
[41m[1m FAIL [22m[49m tests/e2e/desktop-command-interactions-golden.test.ts[2m > [22mdesktop command menu, palette, and accelerator parity[2m > [22minvokes edit-redo from the palette
[41m[1m FAIL [22m[49m tests/e2e/desktop-command-interactions-golden.test.ts[2m > [22mdesktop command menu, palette, and accelerator parity[2m > [22minvokes run-play from the palette
[31m[1mAssertionError[22m: expected [ { plane: 'project', …(2) }, …(2) ] to deeply equal [ { plane: 'project', …(2) }, …(3) ][39m

[32m- Expected[39m
[31m+ Received[39m

[33m@@ -8,15 +8,10 @@[39m
[2m      "action": "authoring",[22m
[2m      "op": "status",[22m
[2m      "plane": "engine",[22m
[2m    },[22m
[2m    {[22m
[32m-     "action": "command",[39m
[32m-     "op": "scene-hierarchy-inspect",[39m
[32m-     "plane": "engine",[39m
[32m-   },[39m
[32m-   {[39m
[2m      "action": "profile",[22m
[2m      "op": null,[22m
[2m      "plane": "engine",[22m
[2m    },[22m
[2m  ][22m

[36m [2m❯[22m commandHarness apps/desktop-shell/test/helpers/desktop-chrome-golden.ts:[2m542:17[22m[39m
    [90m540|[39m   ] [33m:[39m [{ plane[33m:[39m [32m"project"[39m[33m,[39m action[33m:[39m [32m"status"[39m[33m,[39m op[33m:[39m [35mnull[39m }][33m;[39m
    [90m541|[39m
    [90m542|[39m   [34mexpect[39m(calls)[33m.[39m[34mtoEqual[39m(initializationCalls)[33m;[39m
    [90m   |[39m                 [31m^[39m
    [90m543|[39m   expect(audioProfiles).toEqual(hasActiveProject ? [null, null, null, …
    [90m544|[39m   const initializationRequests = requests.filter((request) => request[…
[90m [2m❯[22m invoke tests/e2e/desktop-command-interactions-golden.test.ts:[2m83:41[22m[39m
[90m [2m❯[22m tests/e2e/desktop-command-interactions-golden.test.ts:[2m163:13[22m[39m

[31m[2m⎯⎯⎯⎯⎯⎯⎯⎯⎯⎯⎯⎯⎯⎯⎯⎯⎯⎯⎯⎯⎯⎯[3/104]⎯[22m[39m

[41m[1m FAIL [22m[49m tests/e2e/desktop-command-interactions-golden.test.ts[2m > [22mdesktop command menu, palette, and accelerator parity[2m > [22minvokes project-new from Ctrl/Cmd+N
[41m[1m FAIL [22m[49m tests/e2e/desktop-command-interactions-golden.test.ts[2m > [22mdesktop command menu, palette, and accelerator parity[2m > [22minvokes project-open from Ctrl/Cmd+O
[41m[1m FAIL [22m[49m tests/e2e/desktop-command-interactions-golden.test.ts[2m > [22mdesktop command menu, palette, and accelerator parity[2m > [22minvokes project-save from Ctrl/Cmd+S
[41m[1m FAIL [22m[49m tests/e2e/desktop-command-interactions-golden.test.ts[2m > [22mdesktop command menu, palette, and accelerator parity[2m > [22minvokes edit-undo from Ctrl/Cmd+Z
[41m[1m FAIL [22m[49m tests/e2e/desktop-command-interactions-golden.test.ts[2m > [22mdesktop command menu, palette, and accelerator parity[2m > [22minvokes edit-redo from Ctrl/Cmd+Shift+Z
[41m[1m FAIL [22m[49m tests/e2e/desktop-command-interactions-golden.test.ts[2m > [22mdesktop command menu, palette, and accelerator parity[2m > [22minvokes run-play from Ctrl/Cmd+P
[31m[1mAssertionError[22m: expected [ { plane: 'project', …(2) }, …(2) ] to deeply equal [ { plane: 'project', …(2) }, …(3) ][39m

[32m- Expected[39m
[31m+ Received[39m

[33m@@ -8,15 +8,10 @@[39m
[2m      "action": "authoring",[22m
[2m      "op": "status",[22m
[2m      "plane": "engine",[22m
[2m    },[22m
[2m    {[22m
[32m-     "action": "command",[39m
[32m-     "op": "scene-hierarchy-inspect",[39m
[32m-     "plane": "engine",[39m
[32m-   },[39m
[32m-   {[39m
[2m      "action": "profile",[22m
[2m      "op": null,[22m
[2m      "plane": "engine",[22m
[2m    },[22m
[2m  ][22m

[36m [2m❯[22m commandHarness apps/desktop-shell/test/helpers/desktop-chrome-golden.ts:[2m542:17[22m[39m
    [90m540|[39m   ] [33m:[39m [{ plane[33m:[39m [32m"project"[39m[33m,[39m action[33m:[39m [32m"status"[39m[33m,[39m op[33m:[39m [35mnull[39m }][33m;[39m
    [90m541|[39m
    [90m542|[39m   [34mexpect[39m(calls)[33m.[39m[34mtoEqual[39m(initializationCalls)[33m;[39m
    [90m   |[39m                 [31m^[39m
    [90m543|[39m   expect(audioProfiles).toEqual(hasActiveProject ? [null, null, null, …
    [90m544|[39m   const initializationRequests = requests.filter((request) => request[…
[90m [2m❯[22m invoke tests/e2e/desktop-command-interactions-golden.test.ts:[2m83:41[22m[39m
[90m [2m❯[22m tests/e2e/desktop-command-interactions-golden.test.ts:[2m168:17[22m[39m

[31m[2m⎯⎯⎯⎯⎯⎯⎯⎯⎯⎯⎯⎯⎯⎯⎯⎯⎯⎯⎯⎯⎯⎯[4/104]⎯[22m[39m

[41m[1m FAIL [22m[49m tests/e2e/desktop-command-interactions-golden.test.ts[2m > [22mdesktop command menu, palette, and accelerator parity[2m > [22mdoes not invoke project-new from text entry
[41m[1m FAIL [22m[49m tests/e2e/desktop-command-interactions-golden.test.ts[2m > [22mdesktop command menu, palette, and accelerator parity[2m > [22mdoes not invoke project-open from text entry
[41m[1m FAIL [22m[49m tests/e2e/desktop-command-interactions-golden.test.ts[2m > [22mdesktop command menu, palette, and accelerator parity[2m > [22mdoes not invoke project-save from text entry
[41m[1m FAIL [22m[49m tests/e2e/desktop-command-interactions-golden.test.ts[2m > [22mdesktop command menu, palette, and accelerator parity[2m > [22mdoes not invoke edit-undo from text entry
[41m[1m FAIL [22m[49m tests/e2e/desktop-command-interactions-golden.test.ts[2m > [22mdesktop command menu, palette, and accelerator parity[2m > [22mdoes not invoke edit-redo from text entry
[41m[1m FAIL [22m[49m tests/e2e/desktop-command-interactions-golden.test.ts[2m > [22mdesktop command menu, palette, and accelerator parity[2m > [22mdoes not invoke run-play from text entry
[31m[1mAssertionError[22m: expected [ { plane: 'project', …(2) }, …(2) ] to deeply equal [ { plane: 'project', …(2) }, …(3) ][39m

[32m- Expected[39m
[31m+ Received[39m

[33m@@ -8,15 +8,10 @@[39m
[2m      "action": "authoring",[22m
[2m      "op": "status",[22m
[2m      "plane": "engine",[22m
[2m    },[22m
[2m    {[22m
[32m-     "action": "command",[39m
[32m-     "op": "scene-hierarchy-inspect",[39m
[32m-     "plane": "engine",[39m
[32m-   },[39m
[32m-   {[39m
[2m      "action": "profile",[22m
[2m      "op": null,[22m
[2m      "plane": "engine",[22m
[2m    },[22m
[2m  ][22m

[36m [2m❯[22m commandHarness apps/desktop-shell/test/helpers/desktop-chrome-golden.ts:[2m542:17[22m[39m
    [90m540|[39m   ] [33m:[39m [{ plane[33m:[39m [32m"project"[39m[33m,[39m action[33m:[39m [32m"status"[39m[33m,[39m op[33m:[39m [35mnull[39m }][33m;[39m
    [90m541|[39m
    [90m542|[39m   [34mexpect[39m(calls)[33m.[39m[34mtoEqual[39m(initializationCalls)[33m;[39m
    [90m   |[39m                 [31m^[39m
    [90m543|[39m   expect(audioProfiles).toEqual(hasActiveProject ? [null, null, null, …
    [90m544|[39m   const initializationRequests = requests.filter((request) => request[…
[90m [2m❯[22m tests/e2e/desktop-command-interactions-golden.test.ts:[2m175:43[22m[39m

[31m[2m⎯⎯⎯⎯⎯⎯⎯⎯⎯⎯⎯⎯⎯⎯⎯⎯⎯⎯⎯⎯⎯⎯[5/104]⎯[22m[39m

[41m[1m FAIL [22m[49m tests/e2e/desktop-command-interactions-golden.test.ts[2m > [22mdesktop command menu, palette, and accelerator parity[2m > [22mstages an inspector mutation through the shared Change Review proposal
[31m[1mAssertionError[22m: expected [ { plane: 'project', …(2) }, …(2) ] to deeply equal [ { plane: 'project', …(2) }, …(3) ][39m

[32m- Expected[39m
[31m+ Received[39m

[33m@@ -8,15 +8,10 @@[39m
[2m      "action": "authoring",[22m
[2m      "op": "status",[22m
[2m      "plane": "engine",[22m
[2m    },[22m
[2m    {[22m
[32m-     "action": "command",[39m
[32m-     "op": "scene-hierarchy-inspect",[39m
[32m-     "plane": "engine",[39m
[32m-   },[39m
[32m-   {[39m
[2m      "action": "profile",[22m
[2m      "op": null,[22m
[2m      "plane": "engine",[22m
[2m    },[22m
[2m  ][22m

[36m [2m❯[22m commandHarness apps/desktop-shell/test/helpers/desktop-chrome-golden.ts:[2m542:17[22m[39m
    [90m540|[39m   ] [33m:[39m [{ plane[33m:[39m [32m"project"[39m[33m,[39m action[33m:[39m [32m"status"[39m[33m,[39m op[33m:[39m [35mnull[39m }][33m;[39m
    [90m541|[39m
    [90m542|[39m   [34mexpect[39m(calls)[33m.[39m[34mtoEqual[39m(initializationCalls)[33m;[39m
    [90m   |[39m                 [31m^[39m
    [90m543|[39m   expect(audioProfiles).toEqual(hasActiveProject ? [null, null, null, …
    [90m544|[39m   const initializationRequests = requests.filter((request) => request[…
[90m [2m❯[22m tests/e2e/desktop-command-interactions-golden.test.ts:[2m203:38[22m[39m

[31m[2m⎯⎯⎯⎯⎯⎯⎯⎯⎯⎯⎯⎯⎯⎯⎯⎯⎯⎯⎯⎯⎯⎯[6/104]⎯[22m[39m

[41m[1m FAIL [22m[49m tests/e2e/desktop-command-interactions-golden.test.ts[2m > [22mdesktop command menu, palette, and accelerator parity[2m > [22mstages all four inspector mutation types through Change Review
[31m[1mAssertionError[22m: expected [ { plane: 'project', …(2) }, …(2) ] to deeply equal [ { plane: 'project', …(2) }, …(3) ][39m

[32m- Expected[39m
[31m+ Received[39m

[33m@@ -8,15 +8,10 @@[39m
[2m      "action": "authoring",[22m
[2m      "op": "status",[22m
[2m      "plane": "engine",[22m
[2m    },[22m
[2m    {[22m
[32m-     "action": "command",[39m
[32m-     "op": "scene-hierarchy-inspect",[39m
[32m-     "plane": "engine",[39m
[32m-   },[39m
[32m-   {[39m
[2m      "action": "profile",[22m
[2m      "op": null,[22m
[2m      "plane": "engine",[22m
[2m    },[22m
[2m  ][22m

[36m [2m❯[22m commandHarness apps/desktop-shell/test/helpers/desktop-chrome-golden.ts:[2m542:17[22m[39m
    [90m540|[39m   ] [33m:[39m [{ plane[33m:[39m [32m"project"[39m[33m,[39m action[33m:[39m [32m"status"[39m[33m,[39m op[33m:[39m [35mnull[39m }][33m;[39m
    [90m541|[39m
    [90m542|[39m   [34mexpect[39m(calls)[33m.[39m[34mtoEqual[39m(initializationCalls)[33m;[39m
    [90m   |[39m                 [31m^[39m
    [90m543|[39m   expect(audioProfiles).toEqual(hasActiveProject ? [null, null, null, …
    [90m544|[39m   const initializationRequests = requests.filter((request) => request[…
[90m [2m❯[22m tests/e2e/desktop-command-interactions-golden.test.ts:[2m222:42[22m[39m

[31m[2m⎯⎯⎯⎯⎯⎯⎯⎯⎯⎯⎯⎯⎯⎯⎯⎯⎯⎯⎯⎯⎯⎯[7/104]⎯[22m[39m

[41m[1m FAIL [22m[49m tests/e2e/desktop-command-interactions-golden.test.ts[2m > [22mdesktop command menu, palette, and accelerator parity[2m > [22mrestores a rebind into the emitted accelerator resolver and labels
[31m[1mAssertionError[22m: expected [ { plane: 'project', …(2) }, …(2) ] to deeply equal [ { plane: 'project', …(2) }, …(3) ][39m

[32m- Expected[39m
[31m+ Received[39m

[33m@@ -8,15 +8,10 @@[39m
[2m      "action": "authoring",[22m
[2m      "op": "status",[22m
[2m      "plane": "engine",[22m
[2m    },[22m
[2m    {[22m
[32m-     "action": "command",[39m
[32m-     "op": "scene-hierarchy-inspect",[39m
[32m-     "plane": "engine",[39m
[32m-   },[39m
[32m-   {[39m
[2m      "action": "profile",[22m
[2m      "op": null,[22m
[2m      "plane": "engine",[22m
[2m    },[22m
[2m  ][22m

[36m [2m❯[22m commandHarness apps/desktop-shell/test/helpers/desktop-chrome-golden.ts:[2m542:17[22m[39m
    [90m540|[39m   ] [33m:[39m [{ plane[33m:[39m [32m"project"[39m[33m,[39m action[33m:[39m [32m"status"[39m[33m,[39m op[33m:[39m [35mnull[39m }][33m;[39m
    [90m541|[39m
    [90m542|[39m   [34mexpect[39m(calls)[33m.[39m[34mtoEqual[39m(initializationCalls)[33m;[39m
    [90m   |[39m                 [31m^[39m
    [90m543|[39m   expect(audioProfiles).toEqual(hasActiveProject ? [null, null, null, …
    [90m544|[39m   const initializationRequests = requests.filter((request) => request[…
[90m [2m❯[22m tests/e2e/desktop-command-interactions-golden.test.ts:[2m246:35[22m[39m

[31m[2m⎯⎯⎯⎯⎯⎯⎯⎯⎯⎯⎯⎯⎯⎯⎯⎯⎯⎯⎯⎯⎯⎯[8/104]⎯[22m[39m

[41m[1m FAIL [22m[49m tests/e2e/desktop-command-interactions-golden.test.ts[2m > [22mdesktop command menu, palette, and accelerator parity[2m > [22mkeeps command accelerators active from the recent-project chooser
[31m[1mAssertionError[22m: expected [ { plane: 'project', …(2) }, …(2) ] to deeply equal [ { plane: 'project', …(2) }, …(3) ][39m

[32m- Expected[39m
[31m+ Received[39m

[33m@@ -8,15 +8,10 @@[39m
[2m      "action": "authoring",[22m
[2m      "op": "status",[22m
[2m      "plane": "engine",[22m
[2m    },[22m
[2m    {[22m
[32m-     "action": "command",[39m
[32m-     "op": "scene-hierarchy-inspect",[39m
[32m-     "plane": "engine",[39m
[32m-   },[39m
[32m-   {[39m
[2m      "action": "profile",[22m
[2m      "op": null,[22m
[2m      "plane": "engine",[22m
[2m    },[22m
[2m  ][22m

[36m [2m❯[22m commandHarness apps/desktop-shell/test/helpers/desktop-chrome-golden.ts:[2m542:17[22m[39m
    [90m540|[39m   ] [33m:[39m [{ plane[33m:[39m [32m"project"[39m[33m,[39m action[33m:[39m [32m"status"[39m[33m,[39m op[33m:[39m [35mnull[39m }][33m;[39m
    [90m541|[39m
    [90m542|[39m   [34mexpect[39m(calls)[33m.[39m[34mtoEqual[39m(initializationCalls)[33m;[39m
    [90m   |[39m                 [31m^[39m
    [90m543|[39m   expect(audioProfiles).toEqual(hasActiveProject ? [null, null, null, …
    [90m544|[39m   const initializationRequests = requests.filter((request) => request[…
[90m [2m❯[22m tests/e2e/desktop-command-interactions-golden.test.ts:[2m260:35[22m[39m

[31m[2m⎯⎯⎯⎯⎯⎯⎯⎯⎯⎯⎯⎯⎯⎯⎯⎯⎯⎯⎯⎯⎯⎯[9/104]⎯[22m[39m

[41m[1m FAIL [22m[49m tests/e2e/desktop-command-interactions-golden.test.ts[2m > [22mdesktop command menu, palette, and accelerator parity[2m > [22mconfirms a bound profile through real DOM audio events without conflating startup commands
[31m[1mAssertionError[22m: expected [ { plane: 'project', …(2) }, …(2) ] to deeply equal [ { plane: 'project', …(2) }, …(3) ][39m

[32m- Expected[39m
[31m+ Received[39m

[33m@@ -8,15 +8,10 @@[39m
[2m      "action": "authoring",[22m
[2m      "op": "status",[22m
[2m      "plane": "engine",[22m
[2m    },[22m
[2m    {[22m
[32m-     "action": "command",[39m
[32m-     "op": "scene-hierarchy-inspect",[39m
[32m-     "plane": "engine",[39m
[32m-   },[39m
[32m-   {[39m
[2m      "action": "profile",[22m
[2m      "op": null,[22m
[2m      "plane": "engine",[22m
[2m    },[22m
[2m  ][22m

[36m [2m❯[22m commandHarness apps/desktop-shell/test/helpers/desktop-chrome-golden.ts:[2m542:17[22m[39m
    [90m540|[39m   ] [33m:[39m [{ plane[33m:[39m [32m"project"[39m[33m,[39m action[33m:[39m [32m"status"[39m[33m,[39m op[33m:[39m [35mnull[39m }][33m;[39m
    [90m541|[39m
    [90m542|[39m   [34mexpect[39m(calls)[33m.[39m[34mtoEqual[39m(initializationCalls)[33m;[39m
    [90m   |[39m                 [31m^[39m
    [90m543|[39m   expect(audioProfiles).toEqual(hasActiveProject ? [null, null, null, …
    [90m544|[39m   const initializationRequests = requests.filter((request) => request[…
[90m [2m❯[22m tests/e2e/desktop-command-interactions-golden.test.ts:[2m267:84[22m[39m

[31m[2m⎯⎯⎯⎯⎯⎯⎯⎯⎯⎯⎯⎯⎯⎯⎯⎯⎯⎯⎯⎯⎯[10/104]⎯[22m[39m

[41m[1m FAIL [22m[49m tests/e2e/desktop-command-interactions-golden.test.ts[2m > [22mdesktop command menu, palette, and accelerator parity[2m > [22mkeeps the prior business profile and null audio fence when the host refuses a switch
[31m[1mAssertionError[22m: expected [ { plane: 'project', …(2) }, …(2) ] to deeply equal [ { plane: 'project', …(2) }, …(3) ][39m

[32m- Expected[39m
[31m+ Received[39m

[33m@@ -8,15 +8,10 @@[39m
[2m      "action": "authoring",[22m
[2m      "op": "status",[22m
[2m      "plane": "engine",[22m
[2m    },[22m
[2m    {[22m
[32m-     "action": "command",[39m
[32m-     "op": "scene-hierarchy-inspect",[39m
[32m-     "plane": "engine",[39m
[32m-   },[39m
[32m-   {[39m
[2m      "action": "profile",[22m
[2m      "op": null,[22m
[2m      "plane": "engine",[22m
[2m    },[22m
[2m  ][22m

[36m [2m❯[22m commandHarness apps/desktop-shell/test/helpers/desktop-chrome-golden.ts:[2m542:17[22m[39m
    [90m540|[39m   ] [33m:[39m [{ plane[33m:[39m [32m"project"[39m[33m,[39m action[33m:[39m [32m"status"[39m[33m,[39m op[33m:[39m [35mnull[39m }][33m;[39m
    [90m541|[39m
    [90m542|[39m   [34mexpect[39m(calls)[33m.[39m[34mtoEqual[39m(initializationCalls)[33m;[39m
    [90m   |[39m                 [31m^[39m
    [90m543|[39m   expect(audioProfiles).toEqual(hasActiveProject ? [null, null, null, …
    [90m544|[39m   const initializationRequests = requests.filter((request) => request[…
[90m [2m❯[22m tests/e2e/desktop-command-interactions-golden.test.ts:[2m286:50[22m[39m

[31m[2m⎯⎯⎯⎯⎯⎯⎯⎯⎯⎯⎯⎯⎯⎯⎯⎯⎯⎯⎯⎯⎯[11/104]⎯[22m[39m

[41m[1m FAIL [22m[49m tests/e2e/desktop-command-interactions-golden.test.ts[2m > [22mdesktop command menu, palette, and accelerator parity[2m > [22mrefuses incomplete contained Git evidence without rendering it
[31m[1mAssertionError[22m: expected [ { plane: 'project', …(2) }, …(2) ] to deeply equal [ { plane: 'project', …(2) }, …(3) ][39m

[32m- Expected[39m
[31m+ Received[39m

[33m@@ -8,15 +8,10 @@[39m
[2m      "action": "authoring",[22m
[2m      "op": "status",[22m
[2m      "plane": "engine",[22m
[2m    },[22m
[2m    {[22m
[32m-     "action": "command",[39m
[32m-     "op": "scene-hierarchy-inspect",[39m
[32m-     "plane": "engine",[39m
[32m-   },[39m
[32m-   {[39m
[2m      "action": "profile",[22m
[2m      "op": null,[22m
[2m      "plane": "engine",[22m
[2m    },[22m
[2m  ][22m

[36m [2m❯[22m commandHarness apps/desktop-shell/test/helpers/desktop-chrome-golden.ts:[2m542:17[22m[39m
    [90m540|[39m   ] [33m:[39m [{ plane[33m:[39m [32m"project"[39m[33m,[39m action[33m:[39m [32m"status"[39m[33m,[39m op[33m:[39m [35mnull[39m }][33m;[39m
    [90m541|[39m
    [90m542|[39m   [34mexpect[39m(calls)[33m.[39m[34mtoEqual[39m(initializationCalls)[33m;[39m
    [90m   |[39m                 [31m^[39m
    [90m543|[39m   expect(audioProfiles).toEqual(hasActiveProject ? [null, null, null, …
    [90m544|[39m   const initializationRequests = requests.filter((request) => request[…
[90m [2m❯[22m tests/e2e/desktop-command-interactions-golden.test.ts:[2m316:28[22m[39m

[31m[2m⎯⎯⎯⎯⎯⎯⎯⎯⎯⎯⎯⎯⎯⎯⎯⎯⎯⎯⎯⎯⎯[12/104]⎯[22m[39m

[41m[1m FAIL [22m[49m tests/e2e/desktop-command-interactions-golden.test.ts[2m > [22mdesktop command menu, palette, and accelerator parity[2m > [22mstages exact evidence paths without lossy text parsing
[31m[1mAssertionError[22m: expected [ { plane: 'project', …(2) }, …(2) ] to deeply equal [ { plane: 'project', …(2) }, …(3) ][39m

[32m- Expected[39m
[31m+ Received[39m

[33m@@ -8,15 +8,10 @@[39m
[2m      "action": "authoring",[22m
[2m      "op": "status",[22m
[2m      "plane": "engine",[22m
[2m    },[22m
[2m    {[22m
[32m-     "action": "command",[39m
[32m-     "op": "scene-hierarchy-inspect",[39m
[32m-     "plane": "engine",[39m
[32m-   },[39m
[32m-   {[39m
[2m      "action": "profile",[22m
[2m      "op": null,[22m
[2m      "plane": "engine",[22m
[2m    },[22m
[2m  ][22m

[36m [2m❯[22m commandHarness apps/desktop-shell/test/helpers/desktop-chrome-golden.ts:[2m542:17[22m[39m
    [90m540|[39m   ] [33m:[39m [{ plane[33m:[39m [32m"project"[39m[33m,[39m action[33m:[39m [32m"status"[39m[33m,[39m op[33m:[39m [35mnull[39m }][33m;[39m
    [90m541|[39m
    [90m542|[39m   [34mexpect[39m(calls)[33m.[39m[34mtoEqual[39m(initializationCalls)[33m;[39m
    [90m   |[39m                 [31m^[39m
    [90m543|[39m   expect(audioProfiles).toEqual(hasActiveProject ? [null, null, null, …
    [90m544|[39m   const initializationRequests = requests.filter((request) => request[…
[90m [2m❯[22m tests/e2e/desktop-command-interactions-golden.test.ts:[2m360:38[22m[39m

[31m[2m⎯⎯⎯⎯⎯⎯⎯⎯⎯⎯⎯⎯⎯⎯⎯⎯⎯⎯⎯⎯⎯[13/104]⎯[22m[39m

[41m[1m FAIL [22m[49m tests/e2e/desktop-command-interactions-golden.test.ts[2m > [22mdesktop command menu, palette, and accelerator parity[2m > [22mretires Ship evidence when the project becomes dirty
[31m[1mAssertionError[22m: expected [ { plane: 'project', …(2) }, …(2) ] to deeply equal [ { plane: 'project', …(2) }, …(3) ][39m

[32m- Expected[39m
[31m+ Received[39m

[33m@@ -8,15 +8,10 @@[39m
[2m      "action": "authoring",[22m
[2m      "op": "status",[22m
[2m      "plane": "engine",[22m
[2m    },[22m
[2m    {[22m
[32m-     "action": "command",[39m
[32m-     "op": "scene-hierarchy-inspect",[39m
[32m-     "plane": "engine",[39m
[32m-   },[39m
[32m-   {[39m
[2m      "action": "profile",[22m
[2m      "op": null,[22m
[2m      "plane": "engine",[22m
[2m    },[22m
[2m  ][22m

[36m [2m❯[22m commandHarness apps/desktop-shell/test/helpers/desktop-chrome-golden.ts:[2m542:17[22m[39m
    [90m540|[39m   ] [33m:[39m [{ plane[33m:[39m [32m"project"[39m[33m,[39m action[33m:[39m [32m"status"[39m[33m,[39m op[33m:[39m [35mnull[39m }][33m;[39m
    [90m541|[39m
    [90m542|[39m   [34mexpect[39m(calls)[33m.[39m[34mtoEqual[39m(initializationCalls)[33m;[39m
    [90m   |[39m                 [31m^[39m
    [90m543|[39m   expect(audioProfiles).toEqual(hasActiveProject ? [null, null, null, …
    [90m544|[39m   const initializationRequests = requests.filter((request) => request[…
[90m [2m❯[22m tests/e2e/desktop-command-interactions-golden.test.ts:[2m386:28[22m[39m

[31m[2m⎯⎯⎯⎯⎯⎯⎯⎯⎯⎯⎯⎯⎯⎯⎯⎯⎯⎯⎯⎯⎯[14/104]⎯[22m[39m

[41m[1m FAIL [22m[49m tests/e2e/desktop-command-interactions-golden.test.ts[2m > [22mdesktop command menu, palette, and accelerator parity[2m > [22mnames the in-flight refusal when a command is re-invoked mid-request
[31m[1mAssertionError[22m: expected [ { plane: 'project', …(2) }, …(2) ] to deeply equal [ { plane: 'project', …(2) }, …(3) ][39m

[32m- Expected[39m
[31m+ Received[39m

[33m@@ -8,15 +8,10 @@[39m
[2m      "action": "authoring",[22m
[2m      "op": "status",[22m
[2m      "plane": "engine",[22m
[2m    },[22m
[2m    {[22m
[32m-     "action": "command",[39m
[32m-     "op": "scene-hierarchy-inspect",[39m
[32m-     "plane": "engine",[39m
[32m-   },[39m
[32m-   {[39m
[2m      "action": "profile",[22m
[2m      "op": null,[22m
[2m      "plane": "engine",[22m
[2m    },[22m
[2m  ][22m

[36m [2m❯[22m commandHarness apps/desktop-shell/test/helpers/desktop-chrome-golden.ts:[2m542:17[22m[39m
    [90m540|[39m   ] [33m:[39m [{ plane[33m:[39m [32m"project"[39m[33m,[39m action[33m:[39m [32m"status"[39m[33m,[39m op[33m:[39m [35mnull[39m }][33m;[39m
    [90m541|[39m
    [90m542|[39m   [34mexpect[39m(calls)[33m.[39m[34mtoEqual[39m(initializationCalls)[33m;[39m
    [90m   |[39m                 [31m^[39m
    [90m543|[39m   expect(audioProfiles).toEqual(hasActiveProject ? [null, null, null, …
    [90m544|[39m   const initializationRequests = requests.filter((request) => request[…
[90m [2m❯[22m tests/e2e/desktop-command-interactions-golden.test.ts:[2m394:28[22m[39m

[31m[2m⎯⎯⎯⎯⎯⎯⎯⎯⎯⎯⎯⎯⎯⎯⎯⎯⎯⎯⎯⎯⎯[15/104]⎯[22m[39m

[41m[1m FAIL [22m[49m tests/e2e/desktop-command-interactions-golden.test.ts[2m > [22mdesktop command menu, palette, and accelerator parity[2m > [22mkeeps Undo refused when availability refreshes during a request
[31m[1mAssertionError[22m: expected [ { plane: 'project', …(2) }, …(2) ] to deeply equal [ { plane: 'project', …(2) }, …(3) ][39m

[32m- Expected[39m
[31m+ Received[39m

[33m@@ -8,15 +8,10 @@[39m
[2m      "action": "authoring",[22m
[2m      "op": "status",[22m
[2m      "plane": "engine",[22m
[2m    },[22m
[2m    {[22m
[32m-     "action": "command",[39m
[32m-     "op": "scene-hierarchy-inspect",[39m
[32m-     "plane": "engine",[39m
[32m-   },[39m
[32m-   {[39m
[2m      "action": "profile",[22m
[2m      "op": null,[22m
[2m      "plane": "engine",[22m
[2m    },[22m
[2m  ][22m

[36m [2m❯[22m commandHarness apps/desktop-shell/test/helpers/desktop-chrome-golden.ts:[2m542:17[22m[39m
    [90m540|[39m   ] [33m:[39m [{ plane[33m:[39m [32m"project"[39m[33m,[39m action[33m:[39m [32m"status"[39m[33m,[39m op[33m:[39m [35mnull[39m }][33m;[39m
    [90m541|[39m
    [90m542|[39m   [34mexpect[39m(calls)[33m.[39m[34mtoEqual[39m(initializationCalls)[33m;[39m
    [90m   |[39m                 [31m^[39m
    [90m543|[39m   expect(audioProfiles).toEqual(hasActiveProject ? [null, null, null, …
    [90m544|[39m   const initializationRequests = requests.filter((request) => request[…
[90m [2m❯[22m tests/e2e/desktop-command-interactions-golden.test.ts:[2m419:28[22m[39m

[31m[2m⎯⎯⎯⎯⎯⎯⎯⎯⎯⎯⎯⎯⎯⎯⎯⎯⎯⎯⎯⎯⎯[16/104]⎯[22m[39m

[41m[1m FAIL [22m[49m tests/e2e/desktop-command-interactions-golden.test.ts[2m > [22mdesktop command menu, palette, and accelerator parity[2m > [22mrefuses Undo rather than dropping a staged proposal with the Save it reverses
[31m[1mAssertionError[22m: expected [ { plane: 'project', …(2) }, …(2) ] to deeply equal [ { plane: 'project', …(2) }, …(3) ][39m

[32m- Expected[39m
[31m+ Received[39m

[33m@@ -8,15 +8,10 @@[39m
[2m      "action": "authoring",[22m
[2m      "op": "status",[22m
[2m      "plane": "engine",[22m
[2m    },[22m
[2m    {[22m
[32m-     "action": "command",[39m
[32m-     "op": "scene-hierarchy-inspect",[39m
[32m-     "plane": "engine",[39m
[32m-   },[39m
[32m-   {[39m
[2m      "action": "profile",[22m
[2m      "op": null,[22m
[2m      "plane": "engine",[22m
[2m    },[22m
[2m  ][22m

[36m [2m❯[22m commandHarness apps/desktop-shell/test/helpers/desktop-chrome-golden.ts:[2m542:17[22m[39m
    [90m540|[39m   ] [33m:[39m [{ plane[33m:[39m [32m"project"[39m[33m,[39m action[33m:[39m [32m"status"[39m[33m,[39m op[33m:[39m [35mnull[39m }][33m;[39m
    [90m541|[39m
    [90m542|[39m   [34mexpect[39m(calls)[33m.[39m[34mtoEqual[39m(initializationCalls)[33m;[39m
    [90m   |[39m                 [31m^[39m
    [90m543|[39m   expect(audioProfiles).toEqual(hasActiveProject ? [null, null, null, …
    [90m544|[39m   const initializationRequests = requests.filter((request) => request[…
[90m [2m❯[22m tests/e2e/desktop-command-interactions-golden.test.ts:[2m465:35[22m[39m

[31m[2m⎯⎯⎯⎯⎯⎯⎯⎯⎯⎯⎯⎯⎯⎯⎯⎯⎯⎯⎯⎯⎯[17/104]⎯[22m[39m

[41m[1m FAIL [22m[49m tests/e2e/desktop-command-interactions-golden.test.ts[2m > [22mdesktop command menu, palette, and accelerator parity[2m > [22mexposes persisted Undo availability after a renderer relaunch
[31m[1mAssertionError[22m: expected [ { plane: 'project', …(2) }, …(2) ] to deeply equal [ { plane: 'project', …(2) }, …(3) ][39m

[32m- Expected[39m
[31m+ Received[39m

[33m@@ -8,15 +8,10 @@[39m
[2m      "action": "authoring",[22m
[2m      "op": "status",[22m
[2m      "plane": "engine",[22m
[2m    },[22m
[2m    {[22m
[32m-     "action": "command",[39m
[32m-     "op": "scene-hierarchy-inspect",[39m
[32m-     "plane": "engine",[39m
[32m-   },[39m
[32m-   {[39m
[2m      "action": "profile",[22m
[2m      "op": null,[22m
[2m      "plane": "engine",[22m
[2m    },[22m
[2m  ][22m

[36m [2m❯[22m commandHarness apps/desktop-shell/test/helpers/desktop-chrome-golden.ts:[2m542:17[22m[39m
    [90m540|[39m   ] [33m:[39m [{ plane[33m:[39m [32m"project"[39m[33m,[39m action[33m:[39m [32m"status"[39m[33m,[39m op[33m:[39m [35mnull[39m }][33m;[39m
    [90m541|[39m
    [90m542|[39m   [34mexpect[39m(calls)[33m.[39m[34mtoEqual[39m(initializationCalls)[33m;[39m
    [90m   |[39m                 [31m^[39m
    [90m543|[39m   expect(audioProfiles).toEqual(hasActiveProject ? [null, null, null, …
    [90m544|[39m   const initializationRequests = requests.filter((request) => request[…
[90m [2m❯[22m tests/e2e/desktop-command-interactions-golden.test.ts:[2m485:35[22m[39m

[31m[2m⎯⎯⎯⎯⎯⎯⎯⎯⎯⎯⎯⎯⎯⎯⎯⎯⎯⎯⎯⎯⎯[18/104]⎯[22m[39m

[41m[1m FAIL [22m[49m tests/e2e/desktop-command-interactions-golden.test.ts[2m > [22mdesktop command menu, palette, and accelerator parity[2m > [22mkeeps Undo inert while journal recovery is pending
[31m[1mAssertionError[22m: expected [ { plane: 'project', …(2) }, …(2) ] to deeply equal [ { plane: 'project', …(2) }, …(3) ][39m

[32m- Expected[39m
[31m+ Received[39m

[33m@@ -8,15 +8,10 @@[39m
[2m      "action": "authoring",[22m
[2m      "op": "status",[22m
[2m      "plane": "engine",[22m
[2m    },[22m
[2m    {[22m
[32m-     "action": "command",[39m
[32m-     "op": "scene-hierarchy-inspect",[39m
[32m-     "plane": "engine",[39m
[32m-   },[39m
[32m-   {[39m
[2m      "action": "profile",[22m
[2m      "op": null,[22m
[2m      "plane": "engine",[22m
[2m    },[22m
[2m  ][22m

[36m [2m❯[22m commandHarness apps/desktop-shell/test/helpers/desktop-chrome-golden.ts:[2m542:17[22m[39m
    [90m540|[39m   ] [33m:[39m [{ plane[33m:[39m [32m"project"[39m[33m,[39m action[33m:[39m [32m"status"[39m[33m,[39m op[33m:[39m [35mnull[39m }][33m;[39m
    [90m541|[39m
    [90m542|[39m   [34mexpect[39m(calls)[33m.[39m[34mtoEqual[39m(initializationCalls)[33m;[39m
    [90m   |[39m                 [31m^[39m
    [90m543|[39m   expect(audioProfiles).toEqual(hasActiveProject ? [null, null, null, …
    [90m544|[39m   const initializationRequests = requests.filter((request) => request[…
[90m [2m❯[22m tests/e2e/desktop-command-interactions-golden.test.ts:[2m499:35[22m[39m

[31m[2m⎯⎯⎯⎯⎯⎯⎯⎯⎯⎯⎯⎯⎯⎯⎯⎯⎯⎯⎯⎯⎯[19/104]⎯[22m[39m

[41m[1m FAIL [22m[49m tests/e2e/desktop-command-interactions-golden.test.ts[2m > [22mdesktop command menu, palette, and accelerator parity[2m > [22mnames the refusal when an accelerator reaches an unavailable command
[31m[1mAssertionError[22m: expected [ { plane: 'project', …(2) }, …(2) ] to deeply equal [ { plane: 'project', …(2) }, …(3) ][39m

[32m- Expected[39m
[31m+ Received[39m

[33m@@ -8,15 +8,10 @@[39m
[2m      "action": "authoring",[22m
[2m      "op": "status",[22m
[2m      "plane": "engine",[22m
[2m    },[22m
[2m    {[22m
[32m-     "action": "command",[39m
[32m-     "op": "scene-hierarchy-inspect",[39m
[32m-     "plane": "engine",[39m
[32m-   },[39m
[32m-   {[39m
[2m      "action": "profile",[22m
[2m      "op": null,[22m
[2m      "plane": "engine",[22m
[2m    },[22m
[2m  ][22m

[36m [2m❯[22m commandHarness apps/desktop-shell/test/helpers/desktop-chrome-golden.ts:[2m542:17[22m[39m
    [90m540|[39m   ] [33m:[39m [{ plane[33m:[39m [32m"project"[39m[33m,[39m action[33m:[39m [32m"status"[39m[33m,[39m op[33m:[39m [35mnull[39m }][33m;[39m
    [90m541|[39m
    [90m542|[39m   [34mexpect[39m(calls)[33m.[39m[34mtoEqual[39m(initializationCalls)[33m;[39m
    [90m   |[39m                 [31m^[39m
    [90m543|[39m   expect(audioProfiles).toEqual(hasActiveProject ? [null, null, null, …
    [90m544|[39m   const initializationRequests = requests.filter((request) => request[…
[90m [2m❯[22m tests/e2e/desktop-command-interactions-golden.test.ts:[2m510:35[22m[39m

[31m[2m⎯⎯⎯⎯⎯⎯⎯⎯⎯⎯⎯⎯⎯⎯⎯⎯⎯⎯⎯⎯⎯[20/104]⎯[22m[39m

[41m[1m FAIL [22m[49m tests/e2e/desktop-command-interactions-golden.test.ts[2m > [22mdesktop command menu, palette, and accelerator parity[2m > [22mnames the Kids refusal when an accelerator is pressed on that profile
[31m[1mAssertionError[22m: expected [ { plane: 'project', …(2) }, …(2) ] to deeply equal [ { plane: 'project', …(2) }, …(3) ][39m

[32m- Expected[39m
[31m+ Received[39m

[33m@@ -8,15 +8,10 @@[39m
[2m      "action": "authoring",[22m
[2m      "op": "status",[22m
[2m      "plane": "engine",[22m
[2m    },[22m
[2m    {[22m
[32m-     "action": "command",[39m
[32m-     "op": "scene-hierarchy-inspect",[39m
[32m-     "plane": "engine",[39m
[32m-   },[39m
[32m-   {[39m
[2m      "action": "profile",[22m
[2m      "op": null,[22m
[2m      "plane": "engine",[22m
[2m    },[22m
[2m  ][22m

[36m [2m❯[22m commandHarness apps/desktop-shell/test/helpers/desktop-chrome-golden.ts:[2m542:17[22m[39m
    [90m540|[39m   ] [33m:[39m [{ plane[33m:[39m [32m"project"[39m[33m,[39m action[33m:[39m [32m"status"[39m[33m,[39m op[33m:[39m [35mnull[39m }][33m;[39m
    [90m541|[39m
    [90m542|[39m   [34mexpect[39m(calls)[33m.[39m[34mtoEqual[39m(initializationCalls)[33m;[39m
    [90m   |[39m                 [31m^[39m
    [90m543|[39m   expect(audioProfiles).toEqual(hasActiveProject ? [null, null, null, …
    [90m544|[39m   const initializationRequests = requests.filter((request) => request[…
[90m [2m❯[22m tests/e2e/desktop-command-interactions-golden.test.ts:[2m527:35[22m[39m

[31m[2m⎯⎯⎯⎯⎯⎯⎯⎯⎯⎯⎯⎯⎯⎯⎯⎯⎯⎯⎯⎯⎯[21/104]⎯[22m[39m

[41m[1m FAIL [22m[49m tests/e2e/desktop-command-interactions-golden.test.ts[2m > [22mdesktop command menu, palette, and accelerator parity[2m > [22mignores a Shift-modified chord that no menu advertises
[31m[1mAssertionError[22m: expected [ { plane: 'project', …(2) }, …(2) ] to deeply equal [ { plane: 'project', …(2) }, …(3) ][39m

[32m- Expected[39m
[31m+ Received[39m

[33m@@ -8,15 +8,10 @@[39m
[2m      "action": "authoring",[22m
[2m      "op": "status",[22m
[2m      "plane": "engine",[22m
[2m    },[22m
[2m    {[22m
[32m-     "action": "command",[39m
[32m-     "op": "scene-hierarchy-inspect",[39m
[32m-     "plane": "engine",[39m
[32m-   },[39m
[32m-   {[39m
[2m      "action": "profile",[22m
[2m      "op": null,[22m
[2m      "plane": "engine",[22m
[2m    },[22m
[2m  ][22m

[36m [2m❯[22m commandHarness apps/desktop-shell/test/helpers/desktop-chrome-golden.ts:[2m542:17[22m[39m
    [90m540|[39m   ] [33m:[39m [{ plane[33m:[39m [32m"project"[39m[33m,[39m action[33m:[39m [32m"status"[39m[33m,[39m op[33m:[39m [35mnull[39m }][33m;[39m
    [90m541|[39m
    [90m542|[39m   [34mexpect[39m(calls)[33m.[39m[34mtoEqual[39m(initializationCalls)[33m;[39m
    [90m   |[39m                 [31m^[39m
    [90m543|[39m   expect(audioProfiles).toEqual(hasActiveProject ? [null, null, null, …
    [90m544|[39m   const initializationRequests = requests.filter((request) => request[…
[90m [2m❯[22m tests/e2e/desktop-command-interactions-golden.test.ts:[2m537:35[22m[39m

[31m[2m⎯⎯⎯⎯⎯⎯⎯⎯⎯⎯⎯⎯⎯⎯⎯⎯⎯⎯⎯⎯⎯[22/104]⎯[22m[39m

[41m[1m FAIL [22m[49m tests/e2e/desktop-command-interactions-golden.test.ts[2m > [22mdesktop command menu, palette, and accelerator parity[2m > [22mshows and dismisses the real refusal returned by a command
[31m[1mAssertionError[22m: expected [ { plane: 'project', …(2) }, …(2) ] to deeply equal [ { plane: 'project', …(2) }, …(3) ][39m

[32m- Expected[39m
[31m+ Received[39m

[33m@@ -8,15 +8,10 @@[39m
[2m      "action": "authoring",[22m
[2m      "op": "status",[22m
[2m      "plane": "engine",[22m
[2m    },[22m
[2m    {[22m
[32m-     "action": "command",[39m
[32m-     "op": "scene-hierarchy-inspect",[39m
[32m-     "plane": "engine",[39m
[32m-   },[39m
[32m-   {[39m
[2m      "action": "profile",[22m
[2m      "op": null,[22m
[2m      "plane": "engine",[22m
[2m    },[22m
[2m  ][22m

[36m [2m❯[22m commandHarness apps/desktop-shell/test/helpers/desktop-chrome-golden.ts:[2m542:17[22m[39m
    [90m540|[39m   ] [33m:[39m [{ plane[33m:[39m [32m"project"[39m[33m,[39m action[33m:[39m [32m"status"[39m[33m,[39m op[33m:[39m [35mnull[39m }][33m;[39m
    [90m541|[39m
    [90m542|[39m   [34mexpect[39m(calls)[33m.[39m[34mtoEqual[39m(initializationCalls)[33m;[39m
    [90m   |[39m                 [31m^[39m
    [90m543|[39m   expect(audioProfiles).toEqual(hasActiveProject ? [null, null, null, …
    [90m544|[39m   const initializationRequests = requests.filter((request) => request[…
[90m [2m❯[22m tests/e2e/desktop-command-interactions-golden.test.ts:[2m554:28[22m[39m

[31m[2m⎯⎯⎯⎯⎯⎯⎯⎯⎯⎯⎯⎯⎯⎯⎯⎯⎯⎯⎯⎯⎯[23/104]⎯[22m[39m

[41m[1m FAIL [22m[49m tests/sites/provider-adapters.test.ts[2m > [22mumbrella deployment provider adapters[2m > [22mbuilds its provider loader in a form a production bundler cannot replace
[31m[1mAssertionError[22m: expected '/**\n * Deployment-owned provider ada…' to match /typeof __filename === "string" \? __f…/[39m

[32m- Expected:[39m
/typeof __filename === "string" \? __filename : import\.meta\.url/

[31m+ Received:[39m
"/**
 * Deployment-owned provider adapters for the umbrella identity plane.
 *
 * The package contracts stay provider-neutral. This module is the only place the
 * deployable site knows how Neon rows, a Better Auth HTTP instance, and Stripe's
 * API map onto those contracts. It deliberately exposes a small query/client seam
 * so the default gate can mock every provider call without a database or network.
 */
import { createHash } from \"node:crypto\";
import type { NeonQueryFunction } from \"@neondatabase/serverless\";
import { isDeepStrictEqual } from \"node:util\";
import {
  mapBetterAuthAuthentication,
  type Awaitable,
  type BetterAuthAuthentication,
  type BetterAuthInstanceLike,
  type IdentityAdapter,
  type IdentityStore,
} from \"@sceneaxi/auth\";
import {
  CHECKOUT_METADATA_KEYS,
  CONNECT_STORE_CONFLICT_CODE,
  createCheckoutSessionIntent,
  createCreditStore,
  snapshotHostedResponse,
  saleEntryKeys,
  validateCreditReconciliationRecord,
  validateReconciliationQuery,
  type PurchaseHistoryPage,
  type HostedCallStore,
  type CheckoutSettlement,
  type ConnectAccountRecord,
  type ConnectOnboardingIntent,
  type ConnectPayoutIntent,
  type ConnectPayoutOutcome,
  type ConnectStatusRecord,
  type ConnectStore,
  type CreditStore,
  type CreditStoreAdapter,
  type CreditsSaleSettlement,
  type LiveModeAuthorizationAudit,
  connectPayoutMatchesMoneySplit,
  validateConnectAccountRecord,
  validateConnectOnboardingIntent,
  validateConnectPayoutIntent,
  validateConnectPayoutOutcome,
  validateConnectStatusRecord,
  validateMoneySplitRecord,
} from \"@sceneaxi/billing\";

export { CHECKOUT_METADATA_KEYS };

export type { CheckoutSettlement, CreditStore };

export {
  BILLING_REFUSE_REASONS,
  checkoutPurposeGrantsCredits,
  checkoutPurposeSettlesElsewhere,
  loadLedgerState,
  persistCreditPackChargeEvent,
  parseCheckoutCompletedEvent,
  persistCheckoutCompletedGrant,
  verifyStripeWebhookSignature,
} from \"@sceneaxi/billing\";

/** PostgreSQL scalar, timestamp, array and JSON column values. */
export type SqlValue = string | number | bigint | boolean | null | undefined | Date | readonly SqlValue[] | { readonly [key: string]: SqlValue };

/** Raw SDK output is untrusted. Column decoders below construct domain values. */
type NeonRow = Awaited<ReturnType<NeonQueryFunction<false, false>>>[number];

// Preserve the SDK raw-output seam (including existing unknown-column clients).
// Never trust a column until requiredString/requiredInteger/etc. validate it.
export type SqlRow = Readonly<NeonRow>;

type SqlColumnInput = SqlRow[keyof SqlRow];

type ProviderJson = string | number | boolean | null | readonly ProviderJson[] | ProviderJsonObject;

type ProviderJsonObject = { readonly [key: string]: ProviderJson };

/** The two owned provider packages expose callable factories/constructors or nested namespaces. */
type ProviderModule = string | number | bigint | boolean | symbol | null | undefined | ProviderNamespace | ProviderCallable | ProviderConstructor;

type ProviderCallable = (...args: never[]) => void;

type ProviderConstructor = new (key: string) => StripeClientLike;

type ProviderExportName = \"neon\" | \"default\" | \"Stripe\";

type ProviderNamespace = { readonly [exportName: string]: ProviderModule };

function isString<Value>(value: Value): value is Value & string { return typeof value === \"string\"; }

function isNumber<Value>(value: Value): value is Value & number { return typeof value === \"number\"; }

function isBigInt<Value>(value: Value): value is Value & bigint { return typeof value === \"bigint\"; }

function isBoolean<Value>(value: Value): value is Value & boolean { return typeof value === \"boolean\"; }

function isObject<Value>(value: Value): value is Value & object { return typeof value === \"object\" && value !== null; }

function isCallable<Value>(value: Value): value is Value & ((...args: never[]) => object) { return isBoundaryCallableValue(value); }

function isJsonObject<Value>(value: Value): value is Value & ProviderJsonObject { return isBoundaryObjectValue(value) && value !== null; }

type NeonRuntimeQuery = Readonly<{
  query(text: string, values?: ReadonlyArray<unknown>): Promise<ReadonlyArray<SqlRow>>;
  transaction(
    queries: ReadonlyArray<Promise<ReadonlyArray<SqlRow>>>,
  ): Promise<ReadonlyArray<ReadonlyArray<SqlRow>>>;
}>;

export type SqlStatement = Readonly<{
  readonly text: string;
  readonly values: ReadonlyArray<unknown>;
}>;

/** The mockable subset of a Neon HTTP client used by these adapters. */
export type NeonDatabase = Readonly<{
  query(
    text: string,
    values?: ReadonlyArray<unknown>,
  ): Promise<ReadonlyArray<SqlRow>>;
  /** Required for the two-ledger-leg + share commit. */
  transaction?(
    statements: ReadonlyArray<SqlStatement>,
  ): Promise<ReadonlyArray<ReadonlyArray<SqlRow>>>;
}>;

/** The provider-neutral intent type, kept on the billing package's public seam. */
type CheckoutIntent = Extract<
  ReturnType<typeof createCheckoutSessionIntent>,
  { readonly ok: true }
>[\"value\"];

type StoredUser = NonNullable<
  Awaited<ReturnType<IdentityStore[\"findUserById\"]>>
>;

type StoredSession = NonNullable<
  Awaited<ReturnType<IdentityStore[\"findSession\"]>>
>;

type StoredAccount = NonNullable<
  Awaited<ReturnType<CreditStore[\"findAccountByUserId\"]>>
>;

type StoredEntry = Awaited<
  ReturnType<CreditStore[\"listEntries\"]>
>[number];

type StoredShare = CreditsSaleSettlement[\"share\"];

type HeldSettlement = { share: StoredShare; buyerEntry?: StoredEntry | undefined; creatorEntry?: StoredEntry | undefined };

type HostedReservation = { status: Awaited<ReturnType<HostedCallStore[\"reserve\"]>>[\"status\"]; response?: unknown };

type SessionHeaders = { authorization: string; \"content-type\": string; cookie?: string };

type StoredReconciliation = Parameters<CreditStore[\"appendOrReplayReconciliation\"]>[0];

const RECONCILIATION_COLUMNS = \"event_id, mode, intent_id, user_id, charge_id, event_type, reason, amount, currency, dispute_id, dispute_status, occurred_at, payload_digest\";

function reconciliationFromRow(row: SqlRow): StoredReconciliation {
  const parsed = validateCreditReconciliationRecord({
    schemaVersion: 1,
    kind: \"sceneaxi.credit-reconciliation-record\",
    eventId: row[\"event_id\"], mode: row[\"mode\"], intentId: row[\"intent_id\"], userId: row[\"user_id\"],
    chargeId: row[\"charge_id\"], eventType: row[\"event_type\"], reason: row[\"reason\"],
    amount: requiredInteger(row, \"amount\"), currency: row[\"currency\"],
    disputeId: row[\"dispute_id\"], disputeStatus: row[\"dispute_status\"],
    occurredAt: requiredDateTime(row, \"occurred_at\"), payloadDigest: row[\"payload_digest\"],
  });

  if (!parsed.ok) throw new Error(parsed.message);

  return parsed.value;
}

function firstRow(rows: ReadonlyArray<SqlRow>): SqlRow | undefined {
  return rows[0];
}

function requiredString(row: SqlRow, key: string): string {
  const value = row[key];

  if (!isString(value) || value.length === 0) {
    throw new Error(`provider row is missing string column ${key}`);
  }

  return value;
}

function requiredInteger(row: SqlRow, key: string): number {
  const value = row[key];

  const number =
    isNumber(value)
      ? value
      : isBigInt(value)
        ? Number(value)
        : isString(value)
          ? Number(value)
          : Number.NaN;

  if (!Number.isSafeInteger(number)) {
    throw new Error(`provider row is missing safe integer column ${key}`);
  }

  return number;
}

function checkoutPaymentStatus(
  value: string | null | undefined,
): CheckoutSettlement[\"paymentStatus\"] | undefined {
  switch (value) {
    case \"paid\":
    case \"unpaid\":
    case \"no_payment_required\":
      return value;
    default:
      return undefined;
  }
}

function safeInteger(value: SqlColumnInput): number | undefined {
  const number =
    isNumber(value)
      ? value
      : isBigInt(value)
        ? Number(value)
        : isString(value)
          ? Number(value)
          : Number.NaN;

  return Number.isSafeInteger(number) ? number : undefined;
}

function optionalInteger(row: SqlRow, key: string): number | undefined {
  const value = row[key];

  if (value === null || value === undefined) return undefined;

  const number =
    isNumber(value)
      ? value
      : isBigInt(value)
        ? Number(value)
        : isString(value)
          ? Number(value)
          : Number.NaN;

  return Number.isSafeInteger(number) ? number : undefined;
}

function requiredBoolean(row: SqlRow, key: string): boolean {
  const value = row[key];

  if (!isBoolean(value)) {
    throw new Error(`provider row is missing boolean column ${key}`);
  }

  return value;
}

function requiredDateTime(row: SqlRow, key: string): string {
  const value = row[key];
  const date = value instanceof Date ? value : isString(value) ? new Date(value) : undefined;

  if (date === undefined || !Number.isFinite(date.getTime())) {
    throw new Error(`provider row is missing date-time column ${key}`);
  }

  return date.toISOString();
}

/**
 * Kids is refused on this path independently of `@sceneaxi/auth`.
 *
 * The `sessions` table's own CHECK constraint excludes `'kids'` for the same
 * reason, so a Kids surface can neither be written by this store nor mapped out
 * of a row it should never have held.
 */
function identitySurface(value: SqlColumnInput): StoredSession[\"surface\"] {
  switch (value) {
    case \"web-shell\":
    case \"desktop-shell\":
    case \"site\":
      return value;
    case \"kids\":
      throw new Error(\"umbrella identity provider denies the Kids surface\");
    default:
      throw new Error(\"provider row contains an unknown identity surface\");
  }
}

function ledgerMovement(value: SqlColumnInput): StoredEntry[\"movement\"] {
  switch (value) {
    case \"grant\":
    case \"debit\":
    case \"adjustment\":
      return value;
    default:
      throw new Error(\"provider row contains an unknown ledger movement\");
  }
}

function checkoutPurpose(value: SqlColumnInput): CheckoutIntent[\"purpose\"] {
  switch (value) {
    case \"credit-pack\":
    case \"catalog-listing\":
      return value;
    default:
      throw new Error(\"provider row contains an unknown checkout purpose\");
  }
}

function billingMode(value: SqlColumnInput): CheckoutIntent[\"mode\"] {
  switch (value) {
    case \"test\":
    case \"live\":
      return value;
    default:
      throw new Error(\"provider row contains an unknown billing mode\");
  }
}

function userFromRow(row: SqlRow): StoredUser {
  return Object.freeze({
    schemaVersion: 1 as const,
    kind: \"sceneaxi.user\" as const,
    userId: requiredString(row, \"user_id\"),
    email: requiredString(row, \"email\").trim().toLowerCase(),
    emailVerified: requiredBoolean(row, \"email_verified\"),
    disabled: requiredBoolean(row, \"disabled\"),
    createdAt: requiredDateTime(row, \"created_at\"),
  });
}

function sessionFromRow(row: SqlRow): StoredSession {
  return Object.freeze({
    schemaVersion: 1 as const,
    kind: \"sceneaxi.session\" as const,
    sessionId: requiredString(row, \"session_id\"),
    userId: requiredString(row, \"user_id\"),
    surface: identitySurface(row[\"surface\"]),
    issuedAt: requiredDateTime(row, \"issued_at\"),
    expiresAt: requiredDateTime(row, \"expires_at\"),
    tokenDigest: requiredString(row, \"token_digest\"),
  });
}

function accountFromRow(row: SqlRow): StoredAccount {
  return Object.freeze({
    schemaVersion: 1 as const,
    kind: \"sceneaxi.credit-account\" as const,
    accountId: requiredString(row, \"account_id\"),
    userId: requiredString(row, \"user_id\"),
    createdAt: requiredDateTime(row, \"created_at\"),
  });
}

function entryFromRow(row: SqlRow): StoredEntry {
  return Object.freeze({
    schemaVersion: 1 as const,
    kind: \"sceneaxi.credit-ledger-entry\" as const,
    entryId: requiredString(row, \"entry_id\"),
    accountId: requiredString(row, \"account_id\"),
    sequence: requiredInteger(row, \"sequence\"),
    movement: ledgerMovement(row[\"movement\"]),
    delta: requiredInteger(row, \"delta\"),
    balanceAfter: requiredInteger(row, \"balance_after\"),
    reason: requiredString(row, \"reason\"),
    idempotencyKey: requiredString(row, \"idempotency_key\"),
    occurredAt: requiredDateTime(row, \"occurred_at\"),
  });
}

function shareFromRow(row: SqlRow): StoredShare {
  return Object.freeze({
    schemaVersion: 1 as const,
    kind: \"sceneaxi.creator-share-record\" as const,
    saleId: requiredString(row, \"sale_id\"),
    listingId: requiredString(row, \"listing_id\"),
    buyerUserId: requiredString(row, \"buyer_user_id\"),
    creatorUserId: requiredString(row, \"creator_user_id\"),
    grossCredits: requiredInteger(row, \"gross_credits\"),
    creatorCredits: requiredInteger(row, \"creator_credits\"),
    platformCredits: requiredInteger(row, \"platform_credits\"),
    basisPoints: requiredInteger(row, \"basis_points\"),
    occurredAt: requiredDateTime(row, \"occurred_at\"),
  });
}

const ENTRY_COLUMNS =
  \"entry_id, account_id, sequence, movement, delta, balance_after, reason, idempotency_key, occurred_at\";

const ACCOUNT_COLUMNS = \"account_id, user_id, created_at\";

const USER_COLUMNS = \"user_id, email, email_verified, disabled, created_at\";

const SESSION_COLUMNS =
  \"session_id, user_id, surface, issued_at, expires_at, token_digest\";

function accountIdFor(userId: string): string {
  return `acct_${createHash(\"sha256\").update(userId, \"utf8\").digest(\"hex\").slice(0, 32)}`;
}

/** Build a Neon HTTP client without making Neon a dependency of SceneAxi core. */
export function createNeonDatabase(
  connectionString: string,
  load: SiteModuleLoader = requireSiteModule,
): NeonDatabase {
  const neonFactory = moduleFunctionExport(load(\"@neondatabase/serverless\"), [
    \"neon\",
    \"default\",
  ]);

  if (!isCallable(neonFactory)) throw new Error(\"Neon provider is unavailable\");
  // SAFETY: callable export is resolved from trusted @neondatabase/serverless, whose neon factory accepts a connection URL.
  const sql = (neonFactory as (url: string) => NeonRuntimeQuery)(connectionString);

  const query = async (
    text: string,
    values: ReadonlyArray<unknown> = [],
  ): Promise<ReadonlyArray<SqlRow>> => {
    const rows = await sql.query(text, [...values]);

    return rows.map((row) => Object.freeze({ ...row }));
  };

  return Object.freeze({
    query,
    async transaction(statements) {
      const results = await sql.transaction(
        statements.map((statement) => sql.query(statement.text, [...statement.values])),
      );

      return results.map((rows) =>
        rows.map((row) => Object.freeze({ ...row })),
      );
    },
  });
}

export type NeonIdentityStore = IdentityStore &
  Readonly<{
    /** Called after provider authentication; both rows are idempotent. */
    ensureUserAndCreditAccount(
      authentication: BetterAuthAuthentication,
      now: number,
    ): Promise<void>;
  }>;

/**
 * Map the deployment's Neon rows onto the existing IdentityStore contract.
 * Provisioning is one CTE: the user and its one credit account become visible
 * together, and both inserts are `ON CONFLICT DO NOTHING`.
 */
export function createNeonIdentityStore(database: NeonDatabase): NeonIdentityStore {
  const findUser = async (where: string, value: string): Promise<StoredUser | undefined> => {
    const rows = await database.query(
      `SELECT ${USER_COLUMNS} FROM users WHERE ${where} = $1 LIMIT 1`,
      [value],
    );

    const row = firstRow(rows);

    return row === undefined ? undefined : userFromRow(row);
  };

  return Object.freeze({
    async findUserByEmail(normalizedEmail) {
      return findUser(\"email\", normalizedEmail.trim().toLowerCase());
    },
    async findUserById(userId) {
      return findUser(\"user_id\", userId);
    },
    async putSession(session) {
      await database.query(
        `INSERT INTO sessions (${SESSION_COLUMNS}) VALUES ($1, $2, $3, $4, $5, $6)
         ON CONFLICT (session_id) DO UPDATE SET
           user_id = EXCLUDED.user_id,
           surface = EXCLUDED.surface,
           issued_at = EXCLUDED.issued_at,
           expires_at = EXCLUDED.expires_at,
           token_digest = EXCLUDED.token_digest`,
        [
          session.sessionId,
          session.userId,
          identitySurface(session.surface),
          session.issuedAt,
          session.expiresAt,
          session.tokenDigest,
        ],
      );
    },
    async findSession(sessionId) {
      const rows = await database.query(
        `SELECT ${SESSION_COLUMNS} FROM sessions WHERE session_id = $1 LIMIT 1`,
        [sessionId],
      );

      const row = firstRow(rows);

      return row === undefined ? undefined : sessionFromRow(row);
    },
    async deleteSession(session) {
      const rows = await database.query(
        `DELETE FROM sessions
         WHERE session_id = $1 AND user_id = $2 AND surface = $3
           AND issued_at = $4 AND expires_at = $5 AND token_digest = $6
         RETURNING session_id`,
        [
          session.sessionId,
          session.userId,
          identitySurface(session.surface),
          session.issuedAt,
          session.expiresAt,
          session.tokenDigest,
        ],
      );

      return firstRow(rows) !== undefined;
    },
    async ensureUserAndCreditAccount(authentication, now) {
      const userId = authentication.user.id;
      const email = authentication.user.email.trim().toLowerCase();

      if (userId.length === 0 || email.length === 0) {
        throw new Error(\"identity provider returned an empty user identity\");
      }

      const accountId = accountIdFor(userId);
      // The identity provider owns the address and its verification state, so both
      // columns are reconciled on every authentication rather than frozen at the
      // first one. `disabled` and `created_at` are deployment-owned and stay
      // untouched, and the credit account is still created at most once — its own
      // conflict target is `user_id`, and `DO UPDATE` makes `ensured_user` return
      // exactly one row on both the insert and the conflict path.
      await database.query(
        `WITH ensured_user AS (
           INSERT INTO users (${USER_COLUMNS})
           VALUES ($1, $2, $3, false, $4)
           ON CONFLICT (user_id) DO UPDATE
             SET email = EXCLUDED.email,
                 email_verified = EXCLUDED.email_verified
           RETURNING user_id
         )
         INSERT INTO credit_accounts (account_id, user_id, created_at)
         SELECT $5, user_id, $4 FROM ensured_user
         ON CONFLICT (user_id) DO NOTHING`,
        [userId, email, authentication.user.emailVerified, new Date(now).toISOString(), accountId],
      );
    },
  });
}

/** Decorate Better Auth authentication with deployment-owned provisioning. */
export function createProvisioningIdentityAdapter(options: {
  readonly adapter: IdentityAdapter;
  provision(authentication: BetterAuthAuthentication): Awaitable<void>;
  readonly clock: () => number;
}): IdentityAdapter {
  return Object.freeze({
    async authenticate(credentials) {
      // Kids is denied by name here, not upstream: this adapter owns a
      // deployment write, so it refuses before the provider is even asked and
      // before any SceneAxi row can exist for a Kids surface.
      if (credentials.surface === \"kids\") {
        throw new Error(\"umbrella identity provider denies the Kids surface\");
      }

      const authentication = await options.adapter.authenticate(credentials);

      if (authentication === undefined) return undefined;

      // Validate the provider envelope before it can create a SceneAxi row. The
      // identity port performs the same check again; this one protects the
      // deployment's provisioning side effect.
      const mapped = mapBetterAuthAuthentication({
        authentication,
        surface: credentials.surface,
        issuedAt: options.clock(),
      });

      if (mapped === undefined) return authentication;
      await options.provision(authentication);

      return authentication;
    },
  });
}

/** Raw provider shape used by the Stripe adapters and deterministic tests. */
export type StripeSession = Readonly<{
  readonly url?: string;
  readonly id?: string;
  readonly payment_status?: string | null;
  readonly amount_total?: number | null;
  readonly currency?: string | null;
  readonly line_items?: Readonly<{
    readonly data?: ReadonlyArray<Readonly<{
      readonly quantity?: number | null;
      readonly price?: string | Readonly<{ readonly id: string }> | null;
    }>>;
  }> | null;
}>;

export type StripeSessionCreateParams = Readonly<{
  readonly mode: \"payment\";
  readonly line_items: ReadonlyArray<Readonly<{ readonly price: string; readonly quantity: 1 }>>;
  readonly payment_method_types: ReadonlyArray<\"card\">;
  readonly success_url: string;
  readonly cancel_url: string;
  readonly client_reference_id: string;
  readonly metadata: Readonly<Record<string, string>>;
  readonly payment_intent_data: Readonly<{
    readonly metadata: Readonly<Record<string, string>>;
  }>;
}>;

export type StripeCharge = Readonly<{
  id: string;
  amount: number;
  currency: string;
  livemode: boolean;
  metadata: Readonly<Record<string, string>>;
}>;

export type StripeClientLike = Readonly<{
  readonly charges?: Readonly<{ retrieve(id: string): Promise<StripeCharge> }>;
  readonly checkout: Readonly<{
    readonly sessions: Readonly<{
      create(
        params: StripeSessionCreateParams,
        options?: Readonly<{ readonly idempotencyKey?: string }>,
      ): Promise<StripeSession>;
      retrieve(
        id: string,
        params?: Readonly<{ readonly expand?: ReadonlyArray<string> }>,
      ): Promise<StripeSession>;
    }>;
  }>;
}>;

/**
 * Node's own `require`, reached through `process.getBuiltinModule` rather than an
 * imported `createRequire`.
 *
 * The import form is one webpack recognises and rewrites. Both provider
 * specifiers arrive through the injected `load` parameter below, so the bundler
 * can extract no dependency from `createRequire(import.meta.url)` and replaces it
 * with an empty context module that throws `MODULE_NOT_FOUND` for every
 * specifier. Both constructors would then fail on any production `next build`,
 * and `createDeploymentPlaneHandles` catches those failures into ordinary
 * provider absence — so a fully configured deployment would report exactly the
 * state an unconfigured one does. `process.getBuiltinModule` is opaque to the
 * bundler, which leaves the loader as Node's real `require` resolving the two
 * packages `next.config.ts` keeps external and traces into the deployed function.
 */
const requireSiteModule: SiteModuleLoader = process
  .getBuiltinModule(\"module\")
  .createRequire(siteModuleAnchor());

/**
 * The file Node resolves the two provider specifiers relative to.
 *
 * The bundler inlines `import.meta.url` as this source file's build-time path,
 * which the deployed function does not have, so resolution would walk up a
 * directory tree that is not there. `__filename` is the emitted chunk's own
 * runtime path inside the deployed function, whose root is where the traced
 * `node_modules` lives; it is absent when this module runs unbundled as ESM
 * (the gate, `next dev`), where `import.meta.url` is the real path.
 */
/** A candidate is an anchor only when it matches Node's selected CJS/ESM resolution source. */
function isResolutionAnchor<Value>(value: Value): value is Value & string {
  return value === (typeof __filename !== \"undefined\" ? __filename : import.meta.url);
}

function siteModuleAnchor(): string {
  const moduleUrl = import.meta.url;

  // In ESM this candidate is always the anchor; a differing CJS anchor proves __filename exists.
  return isResolutionAnchor(moduleUrl) ? moduleUrl : __filename;
}

export function createStripeClient(
  secretKey: string,
  load: SiteModuleLoader = requireSiteModule,
): StripeClientLike {
  if (!secretKey.startsWith(\"sk_test_\")) {
    throw new Error(\"umbrella Stripe adapter accepts TEST keys only\");
  }

  const constructor = moduleFunctionExport(load(\"stripe\"), [\"default\", \"Stripe\"]);

  if (!isCallable(constructor)) throw new Error(\"Stripe provider is unavailable\");

  // SAFETY: callable export comes from trusted stripe; its default/Stripe export is the client constructor.
  return new (constructor as new (key: string) => StripeClientLike)(secretKey);
}

/**
 * Identity- and price-equality between a persisted intent and the one a caller
 * just built for the same idempotency key.
 *
 * `createdAt` is excluded deliberately. `intentId` is derived from the
 * idempotency key alone, while `createdAt` is stamped from the clock at build
 * time, so a legitimate replay of one rendered checkout — a double-submitted
 * form, a resubmit after a failed provider call — carries the same identity and
 * the same price with a later timestamp. Comparing it would turn exactly the
 * retry the stable key exists to absorb into a hard persistence failure. The
 * database agrees: migration 0003 makes `credits`, `unit_amount`, `currency`,
 * and `stripe_price_id` immutable and leaves `created_at` operational.
 */
function sameIntent(left: CheckoutIntent, right: CheckoutIntent): boolean {
  return (
    left.schemaVersion === right.schemaVersion &&
    left.kind === right.kind &&
    left.intentId === right.intentId &&
    left.userId === right.userId &&
    left.purpose === right.purpose &&
    left.itemId === right.itemId &&
    left.credits === right.credits &&
    left.unitAmount === right.unitAmount &&
    left.currency === right.currency &&
    left.stripePriceId === right.stripePriceId &&
    left.mode === right.mode &&
    left.successUrl === right.successUrl &&
    left.cancelUrl === right.cancelUrl &&
    left.idempotencyKey === right.idempotencyKey
  );
}

function intentFromRow(row: SqlRow): CheckoutIntent {
  const purpose = checkoutPurpose(requiredString(row, \"purpose\"));
  const mode = billingMode(requiredString(row, \"mode\"));
  const credits = optionalInteger(row, \"credits\");

  const base = {
    schemaVersion: 1 as const,
    kind: \"sceneaxi.checkout-session-intent\" as const,
    intentId: requiredString(row, \"intent_id\"),
    userId: requiredString(row, \"user_id\"),
    purpose,
    itemId: requiredString(row, \"item_id\"),
    unitAmount: requiredInteger(row, \"unit_amount\"),
    currency: requiredString(row, \"currency\").trim().toLowerCase(),
    stripePriceId: requiredString(row, \"stripe_price_id\"),
    mode,
    successUrl: requiredString(row, \"success_url\"),
    cancelUrl: requiredString(row, \"cancel_url\"),
    idempotencyKey: requiredString(row, \"idempotency_key\"),
    createdAt: requiredDateTime(row, \"created_at\"),
  };

  if (purpose === \"credit-pack\") {
    if (credits === undefined) throw new Error(\"credit-pack intent row has no credits\");

    return Object.freeze({ ...base, credits });
  }

  return Object.freeze(base);
}

function sameEntry(left: StoredEntry | undefined, right: StoredEntry | undefined): boolean {
  if (left === undefined || right === undefined) return left === right;

  return (
    left.schemaVersion === right.schemaVersion &&
    left.kind === right.kind &&
    left.entryId === right.entryId &&
    left.accountId === right.accountId &&
    left.sequence === right.sequence &&
    left.movement === right.movement &&
    left.delta === right.delta &&
    left.balanceAfter === right.balanceAfter &&
    left.reason === right.reason &&
    left.idempotencyKey === right.idempotencyKey &&
    left.occurredAt === right.occurredAt
  );
}

function sameShare(left: StoredShare, right: StoredShare): boolean {
  return (
    left.schemaVersion === right.schemaVersion &&
    left.kind === right.kind &&
    left.saleId === right.saleId &&
    left.listingId === right.listingId &&
    left.buyerUserId === right.buyerUserId &&
    left.creatorUserId === right.creatorUserId &&
    left.grossCredits === right.grossCredits &&
    left.creatorCredits === right.creatorCredits &&
    left.platformCredits === right.platformCredits &&
    left.basisPoints === right.basisPoints &&
    left.occurredAt === right.occurredAt
  );
}

function statementForEntry(entry: StoredEntry): SqlStatement {
  return Object.freeze({
    text: `INSERT INTO credit_ledger_entries (${ENTRY_COLUMNS})
           VALUES ($1, $2, $3, $4, $5, $6, $7, $8, $9)`,
    values: [
      entry.entryId,
      entry.accountId,
      entry.sequence,
      entry.movement,
      entry.delta,
      entry.balanceAfter,
      entry.reason,
      entry.idempotencyKey,
      entry.occurredAt,
    ],
  });
}

/** Raw Neon adapter. The returned adapter is wrapped immediately below. */
export function createNeonCreditStoreAdapter(
  database: NeonDatabase,
): CreditStoreAdapter {
  const findAccount = async (
    where: string,
    value: string,
  ): Promise<StoredAccount | undefined> => {
    const rows = await database.query(
      `SELECT ${ACCOUNT_COLUMNS} FROM credit_accounts WHERE ${where} = $1 LIMIT 1`,
      [value],
    );

    const row = firstRow(rows);

    return row === undefined ? undefined : accountFromRow(row);
  };

  const findEntryByKey = async (
    idempotencyKey: string,
  ): Promise<StoredEntry | undefined> => {
    const rows = await database.query(
      `SELECT ${ENTRY_COLUMNS} FROM credit_ledger_entries WHERE idempotency_key = $1 LIMIT 1`,
      [idempotencyKey],
    );

    const row = firstRow(rows);

    return row === undefined ? undefined : entryFromRow(row);
  };

  const findShare = async (saleId: string): Promise<StoredShare | undefined> => {
    const rows = await database.query(
      `SELECT sale_id, listing_id, buyer_user_id, creator_user_id, gross_credits,
              creator_credits, platform_credits, basis_points, occurred_at
       FROM creator_share_records WHERE sale_id = $1 LIMIT 1`,
      [saleId],
    );

    const row = firstRow(rows);

    return row === undefined ? undefined : shareFromRow(row);
  };

  const findReconciliation: CreditStore[\"findReconciliation\"] = async (mode, eventId) => {
    const row = firstRow(await database.query(
      `SELECT ${RECONCILIATION_COLUMNS} FROM credit_reconciliation_records WHERE mode = $1 AND event_id = $2 LIMIT 1`,
      [mode, eventId],
    ));

    return row === undefined ? undefined : reconciliationFromRow(row);
  };

  return Object.freeze({
    hostedCalls: createNeonHostedCallStore(database),
    findReconciliation,
    async listReconciliations(query) {
      const scoped = query === undefined ? undefined : validateReconciliationQuery(query);

      const rows = scoped === undefined
        ? await database.query(`SELECT ${RECONCILIATION_COLUMNS} FROM credit_reconciliation_records ORDER BY occurred_at, mode, event_id`)
        : await database.query(`SELECT ${RECONCILIATION_COLUMNS} FROM credit_reconciliation_records
            WHERE user_id = $1 AND ($2::text[] IS NULL OR intent_id = ANY($2::text[]))
              AND ($3::timestamptz IS NULL OR (occurred_at, mode, event_id) > ($3::timestamptz, $4::text, $5::text))
            ORDER BY occurred_at, mode, event_id LIMIT $6`,
          [scoped.userId, scoped.intentIds ?? null, scoped.after?.occurredAt ?? null, scoped.after?.mode ?? null, scoped.after?.eventId ?? null, scoped.limit]);

      return Object.freeze(rows.map(reconciliationFromRow));
    },
    async listPurchaseEntries(accountId, intentIds) {
      if (intentIds.length > 50) throw new Error(\"invalid purchase page\");

      const rows = await database.query(`SELECT ${ENTRY_COLUMNS} FROM credit_ledger_entries
        WHERE account_id = $1 AND EXISTS (SELECT 1 FROM unnest(string_to_array(reason, ';')) AS anchor
          WHERE btrim(anchor) = ANY($2::text[])) ORDER BY sequence LIMIT 100`,
        [accountId, intentIds.map((id) => `intent:${id}`)]);

      return Object.freeze(rows.map(entryFromRow));
    },
    async appendOrReplayReconciliation(record) {
      const row = firstRow(await database.query(
        `INSERT INTO credit_reconciliation_records (${RECONCILIATION_COLUMNS})
         VALUES ($1, $2, $3, $4, $5, $6, $7, $8, $9, $10, $11, $12, $13)
         ON CONFLICT (mode, event_id) DO NOTHING RETURNING ${RECONCILIATION_COLUMNS}`,
        [record.eventId, record.mode, record.intentId, record.userId, record.chargeId, record.eventType, record.reason, record.amount, record.currency, record.disputeId, record.disputeStatus, record.occurredAt, record.payloadDigest],
      ));

      if (row !== undefined) return { record: reconciliationFromRow(row), replayed: false };
      const held = await findReconciliation(record.mode, record.eventId);

      if (held === undefined) throw new Error(\"Reconciliation conflict returned no committed record\");

      return { record: held, replayed: true };
    },
    async findAccountByUserId(userId) {
      return findAccount(\"user_id\", userId);
    },
    async findAccountById(accountId) {
      return findAccount(\"account_id\", accountId);
    },
    async listEntries(accountId) {
      const rows = await database.query(
        `SELECT ${ENTRY_COLUMNS}
         FROM credit_ledger_entries WHERE account_id = $1 ORDER BY sequence ASC`,
        [accountId],
      );

      return Object.freeze(rows.map(entryFromRow));
    },
    async appendEntry(entry) {
      await database.query(
        `INSERT INTO credit_ledger_entries (${ENTRY_COLUMNS})
         VALUES ($1, $2, $3, $4, $5, $6, $7, $8, $9)`,
        [
          entry.entryId,
          entry.accountId,
          entry.sequence,
          entry.movement,
          entry.delta,
          entry.balanceAfter,
          entry.reason,
          entry.idempotencyKey,
          entry.occurredAt,
        ],
      );
    },
    async appendOrReplayEntry(entry) {
      const inserted = await database.query(
        `INSERT INTO credit_ledger_entries (${ENTRY_COLUMNS})
         VALUES ($1, $2, $3, $4, $5, $6, $7, $8, $9)
         ON CONFLICT (idempotency_key) DO NOTHING
         RETURNING ${ENTRY_COLUMNS}`,
        [
          entry.entryId,
          entry.accountId,
          entry.sequence,
          entry.movement,
          entry.delta,
          entry.balanceAfter,
          entry.reason,
          entry.idempotencyKey,
          entry.occurredAt,
        ],
      );

      const insertedRow = firstRow(inserted);

      if (insertedRow !== undefined) {
        return Object.freeze({ entry: entryFromRow(insertedRow), replayed: false });
      }

      const existing = await findEntryByKey(entry.idempotencyKey);

      if (existing === undefined) {
        throw new Error(\"credit entry conflict returned no committed row\");
      }

      return Object.freeze({ entry: existing, replayed: true });
    },
    async settleCreditsSale(settlement) {
      const existing = await findShare(settlement.share.saleId);

      if (existing !== undefined) {
        const keys = saleEntryKeys(settlement.share.saleId);

        const held: HeldSettlement = { share: existing };

        if (settlement.buyerEntry !== undefined) held.buyerEntry = await findEntryByKey(keys.buyer);

        if (settlement.creatorEntry !== undefined) held.creatorEntry = await findEntryByKey(keys.creator);
        Object.freeze(held);

        if (
          sameShare(held.share, settlement.share) &&
          sameEntry(held.buyerEntry, settlement.buyerEntry) &&
          sameEntry(held.creatorEntry, settlement.creatorEntry)
        ) {
          return Object.freeze({ replayed: true });
        }

        throw new Error(\"credit sale already exists with different settlement evidence\");
      }

      const accountChecks = [
        ...(settlement.buyerEntry === undefined ? [] : [settlement.buyerEntry]),
        ...(settlement.creatorEntry === undefined ? [] : [settlement.creatorEntry]),
      ];

      for (const entry of accountChecks) {
        const account = await findAccount(\"account_id\", entry.accountId);

        const expectedUserId =
          entry === settlement.buyerEntry
            ? settlement.share.buyerUserId
            : settlement.share.creatorUserId;

        if (account === undefined || account.userId !== expectedUserId) {
          throw new Error(\"credit sale entry does not belong to its settlement party\");
        }
      }

      if (database.transaction === undefined) {
        throw new Error(\"credit sale persistence requires a Neon transaction\");
      }

      const statements: SqlStatement[] = [];

      if (settlement.buyerEntry !== undefined) {
        statements.push(statementForEntry(settlement.buyerEntry));
      }

      if (settlement.creatorEntry !== undefined) {
        statements.push(statementForEntry(settlement.creatorEntry));
      }

      statements.push({
        text: `INSERT INTO creator_share_records
               (sale_id, listing_id, buyer_user_id, creator_user_id, gross_credits,
                creator_credits, platform_credits, basis_points, occurred_at)
               VALUES ($1, $2, $3, $4, $5, $6, $7, $8, $9)`,
        values: [
          settlement.share.saleId,
          settlement.share.listingId,
          settlement.share.buyerUserId,
          settlement.share.creatorUserId,
          settlement.share.grossCredits,
          settlement.share.creatorCredits,
          settlement.share.platformCredits,
          settlement.share.basisPoints,
          settlement.share.occurredAt,
        ],
      });
      await database.transaction(statements);

      return Object.freeze({ replayed: false });
    },
  });
}

/** Durable reservation/result state. Missing migration or uncertain state refuses,
 * never a process-local fallback or expired-lease provider retry. */
export function createNeonHostedCallStore(database: NeonDatabase): HostedCallStore {
  const values = (operation: Parameters<HostedCallStore[\"reserve\"]>[0]) => [operation.accountId, operation.idempotencyKey, operation.amount, operation.reason, operation.model, operation.operation];

  return Object.freeze({
    async reserve(operation) {
      const row = firstRow(await database.query(
        \"SELECT * FROM sceneaxi_reserve_hosted_call($1, $2, $3, $4, $5, $6, $7::timestamptz)\",
        [...values(operation), new Date(operation.now).toISOString()],
      ));

      const status = row?.[\"status\"];

      if (status !== \"acquired\" && status !== \"pending\" && status !== \"response-ready\" && status !== \"completed\" && status !== \"insufficient\" && status !== \"conflict\") throw new Error(\"invalid hosted reservation outcome\");

      const outcome: HostedReservation = { status };

      if (status === \"response-ready\") {
        const snapshot = snapshotHostedResponse(row?.[\"response\"]);

        if (snapshot === undefined) throw new Error(\"hosted response is not bounded JSON\");
        outcome.response = snapshot.value;
      }

      return Object.freeze(outcome);
    },
    async saveResponse(operation, response) {
      const snapshot = snapshotHostedResponse(response);

      if (snapshot === undefined) throw new Error(\"hosted response is not bounded JSON\");
      const json = snapshot.json;

      const rows = await database.query(`UPDATE hosted_model_operations SET status = 'response-ready', response = $7::jsonb
        WHERE account_id = $1 AND idempotency_key = $2 AND amount = $3 AND reason = $4 AND model = $5 AND operation = $6 AND status = 'pending' RETURNING idempotency_key`, [...values(operation), json]);

      if (rows.length !== 1) throw new Error(\"hosted response persistence unconfirmed\");
    },
    async finish(operation) {
      const rows = await database.query(`UPDATE hosted_model_operations SET status = 'completed'
        WHERE account_id = $1 AND idempotency_key = $2 AND amount = $3 AND reason = $4 AND model = $5 AND operation = $6
          AND status IN ('response-ready', 'completed')
          AND EXISTS (SELECT 1 FROM credit_ledger_entries WHERE account_id = $1 AND idempotency_key = $2 AND delta = -$3 AND reason = $4 AND movement = 'debit') RETURNING idempotency_key`, values(operation));

      if (rows.length !== 1) throw new Error(\"hosted completion has no confirmed debit\");
    },
    async release(operation) {
      const rows = await database.query(`DELETE FROM hosted_model_operations
        WHERE account_id = $1 AND idempotency_key = $2 AND amount = $3 AND reason = $4 AND model = $5 AND operation = $6 AND status = 'pending'
          AND NOT EXISTS (SELECT 1 FROM credit_ledger_entries WHERE idempotency_key = $2) RETURNING idempotency_key`, values(operation));

      if (rows.length !== 1) throw new Error(\"only a confirmed uncharged failure releases a reservation\");
    },
  });
}

/** The only credit store constructor exposed to the deployment wiring. */
export function createNeonCreditStore(database: NeonDatabase): CreditStore {
  return createCreditStore(createNeonCreditStoreAdapter(database));
}

const CONNECT_ACCOUNT_COLUMNS =
  \"creator_user_id, stripe_account_id, mode, provider_request_id, created_at\";

const CONNECT_ONBOARDING_COLUMNS =
  \"onboarding_intent_id, creator_user_id, stripe_account_id, expires_at, mode, idempotency_key, provider_request_id, created_at\";

const CONNECT_STATUS_COLUMNS =
  \"status_id, creator_user_id, stripe_account_id, onboarding_complete, payouts_enabled, requirements_due, provider_request_id, observed_at\";

const CONNECT_PAYOUT_COLUMNS =
  \"payout_intent_id, sale_id, creator_user_id, stripe_account_id, gross_minor, creator_minor, platform_minor, currency, basis_points, mode, idempotency_key, requested_at\";

const CONNECT_OUTCOME_COLUMNS =
  \"payout_outcome_id, payout_intent_id, status, provider_payout_id, provider_evidence_id, provider_message, observed_at\";

const validatedRecord = <Value>(
  candidate: SqlRow,
  validate: (value: SqlRow) =>
    | Readonly<{ ok: true; value: Value }>
    | Readonly<{ ok: false }>,
  label: string,
): Value => {
  const result = validate(candidate);

  if (!result.ok) throw new Error(`invalid persisted ${label}`);

  return result.value;
};

const accountFromConnectRow = (row: SqlRow): ConnectAccountRecord =>
  validatedRecord({
    schemaVersion: 1,
    kind: \"sceneaxi.connect-account-record\",
    creatorUserId: requiredString(row, \"creator_user_id\"),
    stripeAccountId: requiredString(row, \"stripe_account_id\"),
    mode: requiredString(row, \"mode\"),
    providerRequestId: requiredString(row, \"provider_request_id\"),
    createdAt: requiredDateTime(row, \"created_at\"),
  }, validateConnectAccountRecord, \"Connect account\");

const onboardingFromConnectRow = (row: SqlRow): ConnectOnboardingIntent =>
  validatedRecord({
    schemaVersion: 1,
    kind: \"sceneaxi.connect-onboarding-intent\",
    onboardingIntentId: requiredString(row, \"onboarding_intent_id\"),
    creatorUserId: requiredString(row, \"creator_user_id\"),
    stripeAccountId: requiredString(row, \"stripe_account_id\"),
    expiresAt: requiredDateTime(row, \"expires_at\"),
    mode: requiredString(row, \"mode\"),
    idempotencyKey: requiredString(row, \"idempotency_key\"),
    providerRequestId: requiredString(row, \"provider_request_id\"),
    createdAt: requiredDateTime(row, \"created_at\"),
  }, validateConnectOnboardingIntent, \"Connect onboarding intent\");

const statusFromConnectRow = (row: SqlRow): ConnectStatusRecord =>
  validatedRecord({
    schemaVersion: 1,
    kind: \"sceneaxi.connect-status-record\",
    statusId: requiredString(row, \"status_id\"),
    creatorUserId: requiredString(row, \"creator_user_id\"),
    stripeAccountId: requiredString(row, \"stripe_account_id\"),
    onboardingComplete: row[\"onboarding_complete\"],
    payoutsEnabled: row[\"payouts_enabled\"],
    requirementsDue: row[\"requirements_due\"],
    providerRequestId: requiredString(row, \"provider_request_id\"),
    observedAt: requiredDateTime(row, \"observed_at\"),
  }, validateConnectStatusRecord, \"Connect status\");

const payoutIntentFromConnectRow = (row: SqlRow): ConnectPayoutIntent =>
  validatedRecord({
    schemaVersion: 1,
    kind: \"sceneaxi.connect-payout-intent\",
    payoutIntentId: requiredString(row, \"payout_intent_id\"),
    saleId: requiredString(row, \"sale_id\"),
    creatorUserId: requiredString(row, \"creator_user_id\"),
    stripeAccountId: requiredString(row, \"stripe_account_id\"),
    grossMinor: requiredInteger(row, \"gross_minor\"),
    creatorMinor: requiredInteger(row, \"creator_minor\"),
    platformMinor: requiredInteger(row, \"platform_minor\"),
    currency: requiredString(row, \"currency\").trim(),
    basisPoints: requiredInteger(row, \"basis_points\"),
    mode: requiredString(row, \"mode\"),
    idempotencyKey: requiredString(row, \"idempotency_key\"),
    requestedAt: requiredDateTime(row, \"requested_at\"),
  }, validateConnectPayoutIntent, \"Connect payout intent\");

const payoutOutcomeFromConnectRow = (row: SqlRow): ConnectPayoutOutcome =>
  validatedRecord({
    schemaVersion: 1,
    kind: \"sceneaxi.connect-payout-outcome\",
    payoutOutcomeId: requiredString(row, \"payout_outcome_id\"),
    payoutIntentId: requiredString(row, \"payout_intent_id\"),
    status: requiredString(row, \"status\"),
    providerPayoutId: row[\"provider_payout_id\"],
    providerEvidenceId: requiredString(row, \"provider_evidence_id\"),
    providerMessage: requiredString(row, \"provider_message\"),
    observedAt: requiredDateTime(row, \"observed_at\"),
  }, validateConnectPayoutOutcome, \"Connect payout outcome\");

const samePersisted = isDeepStrictEqual;

/** Durable ConnectStore over the migration-owned append-only tables. */
export function createNeonConnectStore(database: NeonDatabase): ConnectStore {
  const one = async <Value>(
    text: string,
    values: ReadonlyArray<unknown>,
    map: (row: SqlRow) => Value,
  ): Promise<Value | undefined> => {
    const row = firstRow(await database.query(text, values));

    return row === undefined ? undefined : map(row);
  };

  const conflict = (): never => {
    throw Object.assign(new Error(\"connect store: idempotency conflict\"), {
      code: CONNECT_STORE_CONFLICT_CODE,
    });
  };

  const transact = async (statements: ReadonlyArray<SqlStatement>) => {
    if (database.transaction === undefined) throw new Error(\"Connect persistence requires a Neon transaction\");

    try {
      return await database.transaction(statements);
    } catch (error) {
      if (isObject(error) && \"code\" in error && error.code === \"23505\") conflict();
      throw error;
    }
  };

  const readOnboarding = (key: string) => one(
    `SELECT ${CONNECT_ONBOARDING_COLUMNS} FROM stripe_connect_onboarding_intents WHERE idempotency_key = $1 LIMIT 1`,
    [key], onboardingFromConnectRow,
  );

  const readAccount = (creator: string) => one(
    `SELECT ${CONNECT_ACCOUNT_COLUMNS} FROM stripe_connect_accounts WHERE creator_user_id = $1 LIMIT 1`,
    [creator], accountFromConnectRow,
  );

  const readPayoutIntent = (key: string) => one(
    `SELECT ${CONNECT_PAYOUT_COLUMNS} FROM stripe_connect_payout_intents WHERE idempotency_key = $1 LIMIT 1`,
    [key], payoutIntentFromConnectRow,
  );

  const readSplit = (saleId: string) => one(
    `SELECT sale_id, listing_id, buyer_user_id, creator_user_id, gross_minor, creator_minor, platform_minor, currency, basis_points, mode, occurred_at FROM money_split_records WHERE sale_id = $1 LIMIT 1`,
    [saleId], (row) => validatedRecord({
      schemaVersion: 1,
      kind: \"sceneaxi.money-split-record\",
      saleId: requiredString(row, \"sale_id\"),
      listingId: requiredString(row, \"listing_id\"),
      buyerUserId: requiredString(row, \"buyer_user_id\"),
      creatorUserId: requiredString(row, \"creator_user_id\"),
      grossMinor: requiredInteger(row, \"gross_minor\"),
      creatorMinor: requiredInteger(row, \"creator_minor\"),
      platformMinor: requiredInteger(row, \"platform_minor\"),
      currency: requiredString(row, \"currency\").trim(),
      basisPoints: requiredInteger(row, \"basis_points\"),
      mode: requiredString(row, \"mode\"),
      occurredAt: requiredDateTime(row, \"occurred_at\"),
    }, validateMoneySplitRecord, \"money split\"),
  );

  return Object.freeze({
    findAccountByCreatorUserId: readAccount,
    findOnboardingIntent: readOnboarding,
    async commitOnboarding({ account, intent }) {
      const validAccount = validatedRecord(account, validateConnectAccountRecord, \"Connect account\");
      const validIntent = validatedRecord(intent, validateConnectOnboardingIntent, \"Connect onboarding intent\");

      if (validAccount.creatorUserId !== validIntent.creatorUserId || validAccount.stripeAccountId !== validIntent.stripeAccountId || validAccount.mode !== validIntent.mode) throw new Error(\"connect store: onboarding account does not match intent\");

      const inserted = await transact([
        { text: `INSERT INTO stripe_connect_accounts (${CONNECT_ACCOUNT_COLUMNS}) VALUES ($1, $2, $3, $4, $5) ON CONFLICT DO NOTHING`, values: [validAccount.creatorUserId, validAccount.stripeAccountId, validAccount.mode, validAccount.providerRequestId, validAccount.createdAt] },
        { text: `INSERT INTO stripe_connect_onboarding_intents (${CONNECT_ONBOARDING_COLUMNS}) VALUES ($1, $2, $3, $4, $5, $6, $7, $8) ON CONFLICT DO NOTHING RETURNING onboarding_intent_id`, values: [validIntent.onboardingIntentId, validIntent.creatorUserId, validIntent.stripeAccountId, validIntent.expiresAt, validIntent.mode, validIntent.idempotencyKey, validIntent.providerRequestId, validIntent.createdAt] },
      ]);

      const [heldAccount, heldIntent] = await Promise.all([readAccount(validAccount.creatorUserId), readOnboarding(validIntent.idempotencyKey)]);

      if (heldAccount === undefined || heldIntent === undefined) return conflict();

      if (heldAccount.stripeAccountId !== validAccount.stripeAccountId || heldAccount.mode !== validAccount.mode || !samePersisted(heldIntent, validIntent)) conflict();

      return Object.freeze({ account: heldAccount, intent: heldIntent, replayed: (inserted[1]?.length ?? 0) === 0 });
    },
    async appendStatus(candidate) {
      const status = validatedRecord(candidate, validateConnectStatusRecord, \"Connect status\");
      const inserted = await database.query(`INSERT INTO stripe_connect_status_records (${CONNECT_STATUS_COLUMNS}) VALUES ($1, $2, $3, $4, $5, $6, $7, $8) ON CONFLICT (status_id) DO NOTHING RETURNING ${CONNECT_STATUS_COLUMNS}`, [status.statusId, status.creatorUserId, status.stripeAccountId, status.onboardingComplete, status.payoutsEnabled, status.requirementsDue, status.providerRequestId, status.observedAt]);
      const insertedRow = firstRow(inserted);

      const held = insertedRow === undefined
        ? await one(`SELECT ${CONNECT_STATUS_COLUMNS} FROM stripe_connect_status_records WHERE status_id = $1`, [status.statusId], statusFromConnectRow)
        : statusFromConnectRow(insertedRow);

      if (held === undefined) throw new Error(\"connect store: status insert returned no row\");

      if (!samePersisted(held, status)) conflict();

      return Object.freeze({ record: held, replayed: insertedRow === undefined });
    },
    latestStatus: (accountId) => one(`SELECT ${CONNECT_STATUS_COLUMNS} FROM stripe_connect_status_records WHERE stripe_account_id = $1 ORDER BY observed_at DESC LIMIT 1`, [accountId], statusFromConnectRow),
    findPayoutIntent: readPayoutIntent,
    async findPayoutOutcome(intentId) {
      return one(`SELECT ${CONNECT_OUTCOME_COLUMNS} FROM stripe_connect_payout_outcomes WHERE payout_intent_id = $1 LIMIT 1`, [intentId], payoutOutcomeFromConnectRow);
    },
    async commitPayoutIntent({ split: candidateSplit, intent: candidateIntent }) {
      const split = validatedRecord(candidateSplit, validateMoneySplitRecord, \"money split\");
      const intent = validatedRecord(candidateIntent, validateConnectPayoutIntent, \"Connect payout intent\");

      if (!connectPayoutMatchesMoneySplit(intent, split)) throw new Error(\"connect store: payout intent does not match money split\");

      const inserted = await transact([
        { text: `INSERT INTO money_split_records (sale_id, listing_id, buyer_user_id, creator_user_id, gross_minor, creator_minor, platform_minor, currency, basis_points, mode, occurred_at) VALUES ($1, $2, $3, $4, $5, $6, $7, $8, $9, $10, $11) ON CONFLICT DO NOTHING`, values: [split.saleId, split.listingId, split.buyerUserId, split.creatorUserId, split.grossMinor, split.creatorMinor, split.platformMinor, split.currency, split.basisPoints, split.mode, split.occurredAt] },
        // The intent is written only against a held split identical to this one, so a
        // conflicting pre-existing split can never commit a payout beside it.
        { text: `INSERT INTO stripe_connect_payout_intents (${CONNECT_PAYOUT_COLUMNS}) SELECT $1::text, $2::text, $3::text, $4::text, $5::bigint, $6::bigint, $7::bigint, $8::char(3), $9::integer, $10::text, $11::text, $12::timestamptz WHERE EXISTS (SELECT 1 FROM money_split_records WHERE sale_id = $2 AND listing_id = $13 AND buyer_user_id = $14 AND creator_user_id = $3 AND gross_minor = $5 AND creator_minor = $6 AND platform_minor = $7 AND currency = $8 AND basis_points = $9 AND mode = $10 AND occurred_at = $15::timestamptz) ON CONFLICT DO NOTHING RETURNING payout_intent_id`, values: [intent.payoutIntentId, intent.saleId, intent.creatorUserId, intent.stripeAccountId, intent.grossMinor, intent.creatorMinor, intent.platformMinor, intent.currency, intent.basisPoints, intent.mode, intent.idempotencyKey, intent.requestedAt, split.listingId, split.buyerUserId, split.occurredAt] },
      ]);

      const [heldSplit, heldIntent] = await Promise.all([readSplit(split.saleId), readPayoutIntent(intent.idempotencyKey)]);

      if (heldSplit === undefined) throw new Error(\"connect store: payout commit returned no split\");

      if (!samePersisted(heldSplit, split)) return conflict();

      if (heldIntent === undefined || !samePersisted(heldIntent, intent)) return conflict();

      return Object.freeze({ split: heldSplit, intent: heldIntent, replayed: (inserted[1]?.length ?? 0) === 0 });
    },
    async appendPayoutOutcome(candidate) {
      const outcome = validatedRecord(candidate, validateConnectPayoutOutcome, \"Connect payout outcome\");
      const inserted = await database.query(`INSERT INTO stripe_connect_payout_outcomes (${CONNECT_OUTCOME_COLUMNS}) VALUES ($1, $2, $3, $4, $5, $6, $7) ON CONFLICT DO NOTHING RETURNING ${CONNECT_OUTCOME_COLUMNS}`, [outcome.payoutOutcomeId, outcome.payoutIntentId, outcome.status, outcome.providerPayoutId, outcome.providerEvidenceId, outcome.providerMessage, outcome.observedAt]);
      const insertedRow = firstRow(inserted);

      if (insertedRow !== undefined) return Object.freeze({ record: payoutOutcomeFromConnectRow(insertedRow), replayed: false });
      const held = await one(`SELECT ${CONNECT_OUTCOME_COLUMNS} FROM stripe_connect_payout_outcomes WHERE payout_outcome_id = $1 OR payout_intent_id = $2 LIMIT 1`, [outcome.payoutOutcomeId, outcome.payoutIntentId], payoutOutcomeFromConnectRow);

      if (held === undefined) throw new Error(\"connect store: payout outcome insert returned no row\");

      if (!samePersisted(held, outcome)) conflict();

      return Object.freeze({ record: held, replayed: true });
    },
  });
}

/** Neon audit writer. The database trigger makes every recorded statement immutable. */
export function createNeonLiveModeAuditSink(database: NeonDatabase): (audit: LiveModeAuthorizationAudit) => Promise<void> {
  return async (audit) => {
    await database.query(
      `INSERT INTO stripe_live_mode_authorization_audit (schema_version, kind, source, authorized_by, authorized_on, fingerprint, record) VALUES ($1, $2, $3, $4, $5, $6, $7)`,
      [audit.schemaVersion, audit.kind, audit.source, audit.authorizedBy, audit.authorizedOn, audit.fingerprint, audit.record],
    );
  };
}

export type CheckoutIntentStore = Readonly<{
  persistIntent(intent: CheckoutIntent): Promise<CheckoutIntent>;
  findIntent(intentId: string): Promise<CheckoutIntent | undefined>;
}>;

export function createNeonCheckoutIntentStore(
  database: NeonDatabase,
): CheckoutIntentStore & Readonly<{
  listByUserId(userId: string, page?: PurchaseHistoryPage): Promise<ReadonlyArray<CheckoutIntent>>;
}> {
  const readIntent = async (intentId: string): Promise<CheckoutIntent | undefined> => {
    const rows = await database.query(
      `SELECT intent_id, user_id, purpose, item_id, credits, unit_amount, currency,
              stripe_price_id, mode, success_url, cancel_url, idempotency_key, created_at
       FROM checkout_session_intents WHERE intent_id = $1 LIMIT 1`,
      [intentId],
    );

    const row = firstRow(rows);

    return row === undefined ? undefined : intentFromRow(row);
  };

  return Object.freeze({
    async persistIntent(intent) {
      await database.query(
        `INSERT INTO checkout_session_intents
           (intent_id, user_id, purpose, item_id, credits, unit_amount, currency,
            stripe_price_id, mode, success_url, cancel_url, idempotency_key, created_at)
         VALUES ($1, $2, $3, $4, $5, $6, $7, $8, $9, $10, $11, $12, $13)
         ON CONFLICT (intent_id) DO NOTHING`,
        [
          intent.intentId,
          intent.userId,
          intent.purpose,
          intent.itemId,
          intent.credits ?? null,
          intent.unitAmount,
          intent.currency,
          intent.stripePriceId,
          intent.mode,
          intent.successUrl,
          intent.cancelUrl,
          intent.idempotencyKey,
          intent.createdAt,
        ],
      );
      const held = await readIntent(intent.intentId);

      if (held === undefined || !sameIntent(held, intent)) {
        throw new Error(\"checkout intent conflict or persistence failure\");
      }

      return held;
    },
    findIntent: readIntent,
    async listByUserId(userId, page) {
      const limit = page?.limit ?? 50;

      if (!Number.isSafeInteger(limit) || limit < 1 || limit > 51 || (page?.before !== undefined && (!Number.isFinite(Date.parse(page.before.createdAt)) || !/^[A-Za-z0-9._-]{1,128}$/.test(page.before.intentId)))) throw new Error(\"invalid checkout history page\");

      const rows = await database.query(
        `SELECT intent_id, user_id, purpose, item_id, credits, unit_amount, currency,
                stripe_price_id, mode, success_url, cancel_url, idempotency_key, created_at
         FROM checkout_session_intents WHERE user_id = $1 AND purpose = 'credit-pack'
           AND ($2::timestamptz IS NULL OR (created_at, intent_id) < ($2::timestamptz, $3::text))
         ORDER BY created_at DESC, intent_id DESC LIMIT $4`,
        [userId, page?.before?.createdAt ?? null, page?.before?.intentId ?? null, limit],
      );

      return Object.freeze(rows.map(intentFromRow));
    },
  });
}

/**
 * The response headers this client reads.
 *
 * `getSetCookie()` is the only faithful reader of a multi-value `Set-Cookie`
 * answer, so it is preferred; `get()` is the fallback for a transport that does
 * not implement it. Both are optional, because a caller may inject a transport
 * that exposes no headers at all — that costs the cookie path, not the client.
 */
export type ProviderResponseHeaders = Readonly<{
  get(name: string): string | null;
  getSetCookie?(): ReadonlyArray<string>;
}>;

/** Better Auth's standard sign-in response, reached over an injected HTTP client. */
export type ProviderFetch = (
  input: string,
  init?: Readonly<RequestInit>,
) => Promise<Readonly<{
  readonly ok: boolean;
  readonly status: number;
  readonly headers?: ProviderResponseHeaders | undefined;
  json(): Promise<ProviderJson>;
}> >;

function recordOf(value: ProviderJson | undefined): ProviderJsonObject | undefined {
  return isJsonObject(value) ? value : undefined;
}

/** Loader shape shared by the provider constructors, injectable for tests. */
export type SiteModuleLoader = (specifier: string) => ProviderModule;

function moduleNamespaceOf(value: ProviderModule): ProviderNamespace | undefined {
  if (!isCallable(value) && !isObject(value)) return undefined;

  // SAFETY: object/function check permits property reads; optional export slots cover every JavaScript value require can expose.
  return value as ProviderNamespace;
}

/**
 * Resolve a callable provider export across the shapes `require()` can return:
 * the callable itself (CommonJS `module.exports = fn`), an ES namespace holding
 * it, or a namespace nesting one inside the other. Resolving only `[\"default\"]`
 * of an object namespace misses the CommonJS shape stripe-node actually ships,
 * and the miss is indistinguishable from an unconfigured deployment.
 */
function moduleFunctionExport(loaded: ProviderModule, names: ReadonlyArray<ProviderExportName>): ProviderModule {
  const seen = new Set<ProviderModule>();
  let candidate: ProviderModule = loaded;

  while (candidate !== undefined && candidate !== null && !seen.has(candidate)) {
    if (isCallable(candidate)) return candidate;
    seen.add(candidate);
    const namespace = moduleNamespaceOf(candidate);

    if (namespace === undefined) return undefined;
    candidate = names
      .map((name) => namespace[name])
      .find((value) => value !== undefined && value !== null);
  }

  return undefined;
}

function stringValue(value: ProviderJson | undefined): string {
  return isString(value) ? value : \"\";
}

/**
 * Split a folded `Set-Cookie` header back into its values.
 *
 * A single joined header is ambiguous — an `Expires=Wed, 09 Jun 2027 …`
 * attribute contains the same separator — so the split only fires before a
 * `name=` that carries no whitespace, which no date attribute produces.
 */
const SET_COOKIE_SEPARATOR = /,\\s*(?=[^\\s;,=]+=)/;

/**
 * Rebuild the `Cookie` header a provider issued its session under.
 *
 * Stock Better Auth resolves `get-session` from the session cookie it just set;
 * only the `bearer()` plugin reads the token from an `Authorization` header. The
 * lookup therefore replays the issued cookie **and** sends the bearer token, so
 * neither provider configuration is a silent sign-in failure.
 */
function issuedCookieHeader(headers: ProviderResponseHeaders | undefined): string | undefined {
  if (headers === undefined) return undefined;

  const issued =
    isCallable(headers.getSetCookie)
      ? [...headers.getSetCookie()]
      : (headers.get(\"set-cookie\") ?? \"\").split(SET_COOKIE_SEPARATOR);

  const pairs = issued
    .map((value) => (value.split(\";\")[0] ?? \"\").trim())
    .filter((pair) => pair.length > 0 && pair.includes(\"=\"));

  return pairs.length === 0 ? undefined : pairs.join(\"; \");
}

export type ProviderSessionRevoker = Readonly<{
  /** Resolves only after the provider confirms revocation, including an already absent session. */
  revokeSession(token: string): Promise<void>;
}>;

/**
 * Create the small Better Auth instance shape consumed by @sceneaxi/auth. The
 * provider remains external; this site never stores a password or implements a
 * second credential verifier.
 *
 * Better Auth answers `POST /api/auth/sign-in/email` with `{ redirect, token,
 * user }` and no session record, so the session this boundary needs — its id,
 * owner, and expiry — is read back from `GET /api/auth/get-session`. That lookup
 * carries both credentials the provider may accept — the issued session cookie
 * and the issued token as a bearer header — because stock Better Auth reads the
 * cookie while the `bearer()` plugin reads the header, and neither choice is
 * observable from here. A provider that does return a session inline is used
 * as-is. No field is inferred from the other half of the answer: a provider that
 * does not state the session's id, owner, or expiry produces an envelope
 * `mapBetterAuthAuthentication` refuses, which is the intended fail-closed
 * outcome rather than a session attributed to a user the provider never named.
 * A lookup that accepts the request but names no session is a provider
 * configuration fault, not a rejected password, and is thrown as one so it
 * cannot be read as \"wrong credentials\".
 */
export function createBetterAuthHttpClient(options: {
  readonly origin: string;
  readonly fetch: ProviderFetch;
}): BetterAuthInstanceLike & ProviderSessionRevoker {
  const origin = new URL(options.origin).origin;

  async function readSessionRecord(
    token: string,
    cookie: string | undefined,
  ): Promise<
    Readonly<{
      readonly session: ProviderJsonObject;
      readonly user: ProviderJsonObject | undefined;
    }>
  > {
      const headers: SessionHeaders = { authorization: `Bearer ${token}`, \"content-type\": \"application/json\" };

      if (cookie !== undefined) headers.cookie = cookie;
      const response = await options.fetch(`${origin}/api/auth/get-session`, { method: \"GET\", headers });

    if (response.status === 401 || response.status === 403) {
      throw new Error(`Better Auth session lookup denied after sign-in (${response.status})`);
    }

    if (!response.ok) {
      throw new Error(`Better Auth session lookup failed (${response.status})`);
    }

    const payload = recordOf(await response.json());
    const session = recordOf(payload?.[\"session\"]);

    if (session === undefined) {
      throw new Error(
        \"Better Auth session lookup named no session for the issued token; the provider must honour the issued session cookie or accept the token as a bearer credential\",
      );
    }

    return Object.freeze({ session, user: recordOf(payload?.[\"user\"]) });
  }

  return Object.freeze({
    async revokeSession(token: string) {
      const response = await options.fetch(`${origin}/api/auth/sign-out`, {
        method: \"POST\",
        headers: {
          authorization: `Bearer ${token}`,
          \"content-type\": \"application/json\",
          origin,
        },
        body: \"{}\",
        redirect: \"error\",
        cache: \"no-store\",
      });

      if (!response.ok) throw new Error(`Better Auth sign-out failed (${response.status})`);
      const payload = recordOf(await response.json());

      if (payload?.[\"success\"] !== true) {
        throw new Error(\"Better Auth did not confirm session revocation\");
      }

      // Better Auth sign-out reports success even when its database deletion throws.
      const verified = await options.fetch(`${origin}/api/auth/get-session`, {
        method: \"GET\",
        headers: { authorization: `Bearer ${token}` },
        redirect: \"error\",
        cache: \"no-store\",
      });

      if (!verified.ok || (await verified.json()) !== null) {
        throw new Error(\"Better Auth session revocation could not be verified\");
      }
    },
    api: Object.freeze({
      async signInEmail(input: { body: { email: string; password: string } }) {
        const { body } = input;

        const response = await options.fetch(`${origin}/api/auth/sign-in/email`, {
          method: \"POST\",
          headers: { \"content-type\": \"application/json\", origin },
          redirect: \"error\",
          cache: \"no-store\",
          body: JSON.stringify(body),
        });

        if (response.status === 401 || response.status === 403) return undefined;

        if (!response.ok) throw new Error(`Better Auth sign-in failed (${response.status})`);
        const payload = recordOf(await response.json());
        let user = recordOf(payload?.[\"user\"]);
        let providerSession = recordOf(payload?.[\"session\"]);
        const issuedToken = stringValue(payload?.[\"token\"]);

        if (providerSession === undefined) {
          if (issuedToken.length === 0) {
            throw new Error(\"Better Auth sign-in returned neither a session nor a token\");
          }

          const resolved = await readSessionRecord(issuedToken, issuedCookieHeader(response.headers));
          providerSession = resolved.session;
          user = resolved.user ?? user;
        }

        return {
          user: {
            id: stringValue(user?.[\"id\"]),
            email: stringValue(user?.[\"email\"]),
            emailVerified: user?.[\"emailVerified\"] === true,
          },
          session: {
            id: stringValue(providerSession?.[\"id\"]),
            token: issuedToken || stringValue(providerSession?.[\"token\"]),
            userId: stringValue(providerSession?.[\"userId\"]),
            expiresAt: stringValue(providerSession?.[\"expiresAt\"]),
          },
        };
      },
    }),
  });
}

export function createStripeCheckoutSessionAdapter(options: {
  readonly stripe: StripeClientLike;
  readonly intents: CheckoutIntentStore;
}): {
  createCheckoutSession(
    intent: CheckoutIntent,
  ): Promise<{ readonly redirectUrl: string }>;
} {
  return Object.freeze({
    async createCheckoutSession(intent) {
      // This adapter is deliberately TEST-only. The billing package remains the
      // authority for the named live refusal; this provider refuses a direct live
      // call too, so no deployment wiring can turn a key into a live charge.
      if (intent.mode !== \"test\") throw new Error(\"umbrella checkout adapter is test-only\");
      const persisted = await options.intents.persistIntent(intent);

      const metadata = Object.freeze({
        [CHECKOUT_METADATA_KEYS.userId]: persisted.userId,
        [CHECKOUT_METADATA_KEYS.purpose]: persisted.purpose,
        [CHECKOUT_METADATA_KEYS.itemId]: persisted.itemId,
        [CHECKOUT_METADATA_KEYS.intentId]: persisted.intentId,
      });

      const session = await options.stripe.checkout.sessions.create(
        {
          mode: \"payment\",
          line_items: [{ price: persisted.stripePriceId, quantity: 1 }],
          payment_method_types: [\"card\"],
          success_url: persisted.successUrl,
          cancel_url: persisted.cancelUrl,
          client_reference_id: persisted.intentId,
          metadata,
          // Stripe copies this metadata onto the PaymentIntent and its Charge. A signed
          // `charge.refunded` event can therefore be rebound to this immutable intent
          // without trusting caller input or guessing which purchase was refunded.
          payment_intent_data: { metadata },
        },
        { idempotencyKey: persisted.idempotencyKey },
      );

      if (!isString(session.url) || !session.url.startsWith(\"https://\")) {
        throw new Error(\"Stripe returned no secure checkout URL\");
      }

      return Object.freeze({ redirectUrl: session.url });
    },
  });
}

export function createStripeCheckoutEvidenceAdapter(options: {
  readonly stripe: StripeClientLike;
  readonly intents: CheckoutIntentStore;
}): Readonly<{
  findIntent(intentId: string): Promise<CheckoutIntent | undefined>;
  retrieveSettlement(
    sessionId: string,
  ): Promise<CheckoutSettlement | undefined>;
  retrieveCharge(chargeId: string): Promise<StripeCharge>;
}> {
  return Object.freeze({
    findIntent: options.intents.findIntent,
    async retrieveCharge(chargeId) {
      if (options.stripe.charges === undefined) throw new Error(\"Stripe Charge retrieval is unavailable\");

      return options.stripe.charges.retrieve(chargeId);
    },
    async retrieveSettlement(sessionId) {
      const session = await options.stripe.checkout.sessions.retrieve(sessionId, {
        expand: [\"line_items.data.price\"],
      });

      const line = session.line_items?.data?.[0];
      const price = line?.price;

      const stripePriceId =
        isString(price)
          ? price
          : price === null || price === undefined
            ? undefined
            : price.id;

      const paymentStatus = checkoutPaymentStatus(session.payment_status);
      const amountTotal = safeInteger(session.amount_total);
      const currency = session.currency;
      const quantity = safeInteger(line?.quantity);

      if (
        paymentStatus === undefined ||
        amountTotal === undefined ||
        !isString(currency) ||
        quantity === undefined ||
        !isString(stripePriceId)
      ) {
        return undefined;
      }

      return Object.freeze({
        sessionId: isString(session.id) ? session.id : \"\",
        paymentStatus,
        amountTotal,
        currency,
        quantity,
        stripePriceId,
      });
    },
  });
}

export type DeploymentProviderOverrides = Readonly<{
  readonly database?: NeonDatabase | undefined;
  readonly betterAuth?: (BetterAuthInstanceLike & Partial<ProviderSessionRevoker>) | undefined;
  readonly stripe?: StripeClientLike | undefined;
  readonly fetch?: ProviderFetch | undefined;
}>;

/**
 * Loopback hosts, matched as whole hostnames.
 *
 * `URL.hostname` renders an IPv6 literal with its brackets, so both spellings
 * are listed rather than stripped.
 */
const LOOPBACK_AUTH_HOSTS: ReadonlySet<string> = new Set([
  \"localhost\",
  \"127.0.0.1\",
  \"[::1]\",
]);

/**
 * Resolve a remote auth origin without turning malformed config into a provider.
 *
 * Plaintext HTTP is accepted only for an exact loopback host: this client POSTs a
 * member's email and password to whatever origin resolves here, so a prefix match
 * would let `http://localhost.example` — a real remote host — collect them.
 */
export function resolveBetterAuthOrigin(value: string | undefined): string | undefined {
  if (value === undefined || value.trim().length === 0) return undefined;

  try {
    const url = new URL(value);

    if (url.protocol === \"https:\") return url.origin;

    if (url.protocol !== \"http:\") return undefined;

    return LOOPBACK_AUTH_HOSTS.has(url.hostname) ? url.origin : undefined;
  } catch {
    return undefined;
  }
}

export function resolveNonEmptyEnv(
  env: Readonly<Record<string, string | undefined>>,
  key: string,
): string | undefined {
  const value = env[key]?.trim();

  return value === undefined || value.length === 0 ? undefined : value;
}

export function providerFetch(): ProviderFetch | undefined {
  return isCallable(globalThis.fetch) ? globalThis.fetch.bind(globalThis) : undefined;
}

export const SCENEAXI_PROVIDER_ENTRYPOINT_CATALOG = Object.freeze({
  \"sites/umbrella/src/lib/provider-adapters.ts\": createStripeClient,
});

type BoundaryObjectValue = object | null;

type BoundaryCallableValue = (...args: never[]) => void;

function isBoundaryCallableValue<Input>(value: Input): value is Input & BoundaryCallableValue & object {
  return typeof value === \"function\";
}

function isBoundaryObjectValue<Input>(value: Input): value is Input & Readonly<BoundaryObjectValue> {
  return typeof value === \"object\";
}
"

[36m [2m❯[22m tests/sites/provider-adapters.test.ts:[2m1243:24[22m[39m
    [90m1241|[39m         expect(source).toMatch(/process\s*\.getBuiltinModule\("module"…
    [90m1242|[39m         [34mexpect[39m(source)[33m.[39mnot[33m.[39m[34mtoMatch[39m([36m/from "node:module"/[39m)[33m;[39m
    [90m1243|[39m         expect(source).toMatch(/typeof __filename === "string" \? __fi…
    [90m   |[39m                        [31m^[39m
    [90m1244|[39m         // Tracing cannot see the specifiers either, so the deployed f…
    [90m1245|[39m         [90m// holds the packages because the config pins them.[39m

[31m[2m⎯⎯⎯⎯⎯⎯⎯⎯⎯⎯⎯⎯⎯⎯⎯⎯⎯⎯⎯⎯⎯[24/104]⎯[22m[39m

[41m[1m FAIL [22m[49m packages/cli/test/capabilities.test.ts[2m > [22mbounded CLI capabilities through the real binary[2m > [22mcovers every real command leaf and rejects inherited names at every group depth
[31m[1mError[22m: Test timed out in 60000ms.
If this is a long-running test, pass a timeout value as the last argument or configure it globally with "testTimeout".[39m
[36m [2m❯[22m packages/cli/test/capabilities.test.ts:[2m31:3[22m[39m
    [90m 29|[39m   }
    [90m 30|[39m
    [90m 31|[39m   it("covers every real command leaf and rejects inherited names at ev…
    [90m   |[39m   [31m^[39m
    [90m 32|[39m     [35mlet[39m leaves [33m=[39m [34m0[39m[33m;[39m
    [90m 33|[39m

[31m[2m⎯⎯⎯⎯⎯⎯⎯⎯⎯⎯⎯⎯⎯⎯⎯⎯⎯⎯⎯⎯⎯[25/104]⎯[22m[39m

[41m[1m FAIL [22m[49m packages/importers/test/asset-preparation-bounds.test.ts[2m > [22mbounded off-main asset preparation[2m > [22mprepares actual maximum bytes without blocking main heartbeat or changing canonical evidence
[31m[1mError[22m: Test timed out in 60000ms.
If this is a long-running test, pass a timeout value as the last argument or configure it globally with "testTimeout".[39m
[36m [2m❯[22m packages/importers/test/asset-preparation-bounds.test.ts:[2m147:3[22m[39m
    [90m145|[39m     })[33m;[39m
    [90m146|[39m
    [90m147|[39m   it("prepares actual maximum bytes without blocking main heartbeat or…
    [90m   |[39m   [31m^[39m
    [90m148|[39m     [35mconst[39m f [33m=[39m [34mfixture[39m()[33m;[39m
    [90m149|[39m     [35mconst[39m gaps[33m:[39m number[] [33m=[39m [][33m;[39m [35mlet[39m previous [33m=[39m performance[33m.[39m[34mnow[39m()[33m;[39m

[31m[2m⎯⎯⎯⎯⎯⎯⎯⎯⎯⎯⎯⎯⎯⎯⎯⎯⎯⎯⎯⎯⎯[26/104]⎯[22m[39m


[2m Test Files [22m [1m[31m5 failed[39m[22m[2m | [22m[1m[32m375 passed[39m[22m[90m (380)[39m
[2m      Tests [22m [1m[31m104 failed[39m[22m[2m | [22m[1m[32m5173 passed[39m[22m[90m (5277)[39m
[2m   Start at [22m 23:00:27
[2m   Duration [22m 459.12s[2m (transform 84.35s, setup 0ms, import 762.38s, tests 2089.05s, environment 561ms)[22m

[ELIFECYCLE] Test failed. See above for more details.
[ELIFECYCLE] Command failed with exit code 1.
