$ pnpm run --silent check:syntax && pnpm run --silent check:boundaries && pnpm run --silent check:contracts && pnpm run --silent check:traceability && pnpm run --silent check:sites && pnpm run --silent check:desktop && pnpm run --silent check:publish-ready && pnpm run --silent build && pnpm run --silent test && pnpm run --silent lint
syntax check OK — 464 source files parse as TypeScript modules
boundary check OK — 27 packages verified against dependency-matrix.json
contract check OK — 5 shared authoring jobs valid, doc table matches, E1+E2 bound to one list; plugin capability registry 1.0.0 seed pinned to 1 reviewed capability and schema-locked; plugin-manifest inert example schema-locked; 3 test-mode credit packs schema-locked, doc-bound, and bundled-module-bound; 8 entitlement capabilities schema-locked, free path intact, doc-bound; 4 test-mode catalog listings schema-locked, all price modes covered, doc-bound, and bundled-module-bound; 3 open-path policy rows schema-locked, no shipping claim, Kids refuse-only, doc-bound
traceability check OK — 109 requirements and live surfaces accounted
sites check OK — 4 deployable sites verified (separate install roots, matrix-listed, no committed secrets)
desktop check OK — 3 desktop app(s) verified (separate install roots, matrix-listed, privileged imports confined, no committed secrets)
publish-ready check OK — 17 checks over the documented consumer surface, the 0.0.0 version plan, and the pinned engine SDK archive (no registry publish authority)

[1m[30m[46m RUN [49m[39m[22m [36mv4.1.11 [39m[90m/tmp/sceneaxi-comprehensive-owned-xd4gdfl1[39m

 [32m✓[39m packages/billing/test/stripe-checkout.test.ts [2m([22m[2m74 tests[22m[2m)[22m[32m 92[2mms[22m[39m
 [32m✓[39m tests/e2e/auth-credits-refuse-matrix.test.ts [2m([22m[2m20 tests[22m[2m)[22m[32m 91[2mms[22m[39m
 [32m✓[39m tests/sites/identity-plane-wiring.test.ts [2m([22m[2m112 tests[22m[2m)[22m[32m 210[2mms[22m[39m
 [32m✓[39m tests/sites/provider-adapters.test.ts [2m([22m[2m49 tests[22m[2m)[22m[33m 2173[2mms[22m[39m
     [33m[2m✓[22m[39m compiles the formerly supported unknown-column SDK consumer without assertions [33m 2048[2mms[22m[39m
 [32m✓[39m tests/desktop/desktop-byo-secure-storage.test.ts [2m([22m[2m31 tests[22m[2m)[22m[32m 300[2mms[22m[39m
[90mstderr[2m | tests/e2e/desktop-linux-bridge-golden.test.ts[2m > [22m[2mdesktop bridge — the packaged app's engine paths are real[2m > [22m[2mbuilds a real WebGLRenderer on the canvas path, so node must refuse it
[22m[39mTHREE.WebGLRenderer: THREE.WebGLRenderer: Error creating WebGL context.

 [32m✓[39m apps/desktop-shell/test/chrome.test.ts [2m([22m[2m42 tests[22m[2m)[22m[33m 3252[2mms[22m[39m
     [33m[2m✓[22m[39m makes every action a real button and keeps prompt order in the DOM [33m 400[2mms[22m[39m
     [33m[2m✓[22m[39m never renders a control kind the model did not assign [33m 533[2mms[22m[39m
 [32m✓[39m tests/docs/production-activation.test.ts [2m([22m[2m11 tests[22m[2m)[22m[32m 94[2mms[22m[39m
 [32m✓[39m tests/e2e/editor-catalog-intake-golden.test.ts [2m([22m[2m32 tests[22m[2m)[22m[33m 4587[2mms[22m[39m
     [33m[2m✓[22m[39m refuses anonymous, preview, Kids, unsupported, malformed, and unavailable inputs before writes [33m 543[2mms[22m[39m
     [33m[2m✓[22m[39m survives provider recreation, replays identically and never auto-lists [33m 2131[2mms[22m[39m
 [32m✓[39m tests/desktop/desktop-project-browser.test.ts [2m([22m[2m11 tests[22m[2m)[22m[33m 2222[2mms[22m[39m
     [33m[2m✓[22m[39m binds browser metadata, authoring status, and scene projection to one document hash [33m 327[2mms[22m[39m
     [33m[2m✓[22m[39m refuses distinct manifest identities that alias one path and mismatched media metadata [33m 350[2mms[22m[39m
     [33m[2m✓[22m[39m refreshes changed asset validation without reparsing an unchanged document [33m 399[2mms[22m[39m
 [32m✓[39m tests/e2e/rarity-provider-desktop-golden.test.ts [2m([22m[2m30 tests[22m[2m)[22m[33m 5194[2mms[22m[39m
     [33m[2m✓[22m[39m stages a real diff, accepts atomically, reopens, and presents the replayed kernel evidence [33m 597[2mms[22m[39m
     [33m[2m✓[22m[39m keeps the composed scene open path identical whether or not rarity is accepted [33m 505[2mms[22m[39m
     [33m[2m✓[22m[39m plays and kernel-verifies a legacy evidence-less rarity namespace [33m 335[2mms[22m[39m
     [33m[2m✓[22m[39m replays an identical event and refuses changed request bytes under that event id [33m 525[2mms[22m[39m
     [33m[2m✓[22m[39m refuses a tampered accepted provenance before Run can claim a result [33m 324[2mms[22m[39m
 [32m✓[39m packages/billing/test/hosted-ai.test.ts [2m([22m[2m51 tests[22m[2m)[22m[32m 193[2mms[22m[39m
 [31m❯[39m tests/e2e/desktop-linux-bridge-golden.test.ts [2m([22m[2m58 tests[22m[2m | [22m[31m2 failed[39m[2m)[22m[33m 6881[2mms[22m[39m
   [32m✓[39m observes real fake-DOM attribute transitions and disconnects without callbacks[32m 8[2mms[22m[39m
     [32m✓[39m preserves an existing composed document without adding rarity identity[32m 201[2mms[22m[39m
     [32m✓[39m preserves a legacy project until its registered migration is reviewed and committed[32m 39[2mms[22m[39m
     [32m✓[39m handshakes with its identity and the closed action set[32m 100[2mms[22m[39m
     [32m✓[39m validates registered commands before dispatch and preserves independent Kids denial[32m 85[2mms[22m[39m
     [33m[2m✓[22m[39m serves authored presentation catalogs with the composed MountableScene [33m 514[2mms[22m[39m
     [32m✓[39m withholds a texture-bound material override without blanking the desktop viewport[32m 227[2mms[22m[39m
     [32m✓[39m mounts the served scene on the one Three core without claiming pixels[32m 297[2mms[22m[39m
     [32m✓[39m builds a real WebGLRenderer on the canvas path, so node must refuse it[32m 5[2mms[22m[39m
     [32m✓[39m runs the shared authoring session: propose, accept, undo — never a fork[32m 169[2mms[22m[39m
     [32m✓[39m restarts the authoring session and re-reads the active document[32m 41[2mms[22m[39m
     [32m✓[39m refuses an authoring documentPath that leaves the project directory[32m 30[2mms[22m[39m
     [32m✓[39m refuses a documentPath that leaves the project through a symlink[32m 41[2mms[22m[39m
     [32m✓[39m accepts only a real frame-report shape, and hands it to the observer[32m 21[2mms[22m[39m
     [32m✓[39m refuses unknown actions, malformed requests, and unknown authoring ops by name[32m 22[2mms[22m[39m
     [32m✓[39m derives the document from renderDesktopChrome and injects runtime marker and renderer[32m 48[2mms[22m[39m
[31m     [31m×[31m activates only after runtime binding and preserves refusal across profiles[39m[32m 64[2mms[22m[39m
     [33m[2m✓[22m[39m reports runtime absence, request failure, and in-flight product state through mounted chrome [33m 381[2mms[22m[39m
     [32m✓[39m moves a rarity proposal into actionable review and both safe evidence views[32m 31[2mms[22m[39m
     [32m✓[39m reports an idempotent rarity replay as a replay, not as a staged proposal[32m 51[2mms[22m[39m
     [32m✓[39m keeps accepted rarity evidence when an unrelated proposal is rejected[32m 92[2mms[22m[39m
     [32m✓[39m keeps a staged rarity proposal's evidence on screen through Play[32m 197[2mms[22m[39m
     [32m✓[39m keeps staged evidence in the dock while Play reports accepted evidence[32m 134[2mms[22m[39m
     [32m✓[39m renders the run's full safe provenance through the shared formatter[32m 90[2mms[22m[39m
     [32m✓[39m refuses malformed numeric evidence and owns product-session attribution[32m 2[2mms[22m[39m
     [32m✓[39m updates Assistant output when its rarity proposal settles[32m 6[2mms[22m[39m
     [32m✓[39m associates settlement only with the displayed rarity result[32m 4[2mms[22m[39m
     [32m✓[39m clears rarity evidence when the bound project root changes[32m 74[2mms[22m[39m
     [32m✓[39m keeps rarity evidence when Remove Recent leaves the active project bound[32m 143[2mms[22m[39m
     [32m✓[39m keeps rarity evidence when Undo reverts an unrelated Save[32m 141[2mms[22m[39m
     [32m✓[39m reconciles displayed evidence to the namespace returned by Reload[32m 91[2mms[22m[39m
     [32m✓[39m reconciles each rarity presentation surface to accepted provenance[32m 251[2mms[22m[39m
     [32m✓[39m retires displayed evidence when Reload proves document-not-found[32m 197[2mms[22m[39m
     [32m✓[39m retires displayed evidence when Reload proves RARITY_OUTCOME_MISMATCH[32m 204[2mms[22m[39m
     [32m✓[39m retains displayed evidence when Reload cannot read the document[32m 94[2mms[22m[39m
     [32m✓[39m retains accepted evidence through unreadable recovery restart[32m 133[2mms[22m[39m
     [32m✓[39m settles and invalidates a staged rarity proposal on recovery restart[32m 149[2mms[22m[39m
     [32m✓[39m refreshes mounted chrome after a late local-RPC settlement[32m 134[2mms[22m[39m
[31m     [31m×[31m refreshes every mounted surface after a rarity retirement event[39m[33m 1135[2mms[22m[39m
     [32m✓[39m retires rarity evidence when Undo takes the accepted namespace back out[32m 166[2mms[22m[39m
     [32m✓[39m retires rarity evidence when the rarity proposal itself is rejected[32m 108[2mms[22m[39m
     [32m✓[39m starts Sculpt object as the registered Local Build and mounts its registered result[32m 175[2mms[22m[39m
     [32m✓[39m answers every manipulator the emitted chrome document declares[32m 86[2mms[22m[39m
     [32m✓[39m abandons a job that never settles and names the timeout[32m 2[2mms[22m[39m
     [32m✓[39m returns a ready job that wins the abandonment race[32m 6[2mms[22m[39m
     [32m✓[39m does not consume a newer job that wins the abandonment race[32m 1[2mms[22m[39m
     [32m✓[39m keeps a ready rarity job observable until local-RPC settlement[32m 1[2mms[22m[39m
     [32m✓[39m retries terminal rarity acknowledgement without targeting a newer job[32m 0[2mms[22m[39m
     [32m✓[39m does not claim Retry is safe when abandonment refuses or cannot be confirmed[32m 0[2mms[22m[39m
     [32m✓[39m adopts a retained assistant job when the renderer initializes[32m 71[2mms[22m[39m
     [32m✓[39m recovers a busy retained job before Retry starts fresh work[32m 181[2mms[22m[39m
     [32m✓[39m carries a refused job's redacted reason and detail into one poll outcome[32m 1[2mms[22m[39m
     [32m✓[39m projects a settled Build job into the read-only inspection view[32m 0[2mms[22m[39m
     [32m✓[39m starts Build and Agent through the bridge and refuses every other composer mode[32m 117[2mms[22m[39m
     [32m✓[39m keeps the composer unavailable until viewport controls are bound[32m 4[2mms[22m[39m
     [33m[2m✓[22m[39m synchronizes the mounted viewport scene and restores it after a refused replacement [33m 305[2mms[22m[39m
     [32m✓[39m shares one event name per surface with the shell[32m 0[2mms[22m[39m
     [32m✓[39m lets the pixels meta claim only what a frame really reported[32m 0[2mms[22m[39m
 [32m✓[39m tests/e2e/desktop-hierarchy-golden.test.ts [2m([22m[2m17 tests[22m[2m)[22m[33m 3083[2mms[22m[39m
     [33m[2m✓[22m[39m preserves stale refusal until an explicit current selection recovers it [33m 307[2mms[22m[39m
     [33m[2m✓[22m[39m refuses inconsistent asset manifests across hierarchy and Play before copy recovery [33m 537[2mms[22m[39m
 [32m✓[39m packages/plugin-host/test/load-refuse.test.ts [2m([22m[2m32 tests[22m[2m)[22m[33m 1061[2mms[22m[39m
     [33m[2m✓[22m[39m evaluates the complete hostApi v1 range dialect [33m 321[2mms[22m[39m
 [32m✓[39m packages/plugin-host/test/refuse-matrix.test.ts [2m([22m[2m27 tests[22m[2m)[22m[33m 820[2mms[22m[39m
 [32m✓[39m packages/schemas/test/catalog-pipeline.test.ts [2m([22m[2m32 tests[22m[2m)[22m[32m 45[2mms[22m[39m
 [32m✓[39m packages/billing/test/revenue-share.test.ts [2m([22m[2m52 tests[22m[2m)[22m[32m 163[2mms[22m[39m
[90mstderr[2m | packages/engine-presentation/test/three-presentation.test.ts[2m > [22m[2mThree presentation core — sculpt backend[2m > [22m[2mbuilds a real WebGLRenderer for the canvas path
[22m[39mTHREE.WebGLRenderer: THREE.WebGLRenderer: Error creating WebGL context.

 [32m✓[39m packages/schemas/test/sculpt.test.ts [2m([22m[2m41 tests[22m[2m)[22m[32m 203[2mms[22m[39m
 [32m✓[39m packages/engine-presentation/test/three-presentation.test.ts [2m([22m[2m28 tests[22m[2m)[22m[32m 227[2mms[22m[39m
 [32m✓[39m packages/schemas/test/rarity.test.ts [2m([22m[2m35 tests[22m[2m)[22m[32m 165[2mms[22m[39m
 [32m✓[39m packages/schemas/test/scene-composition.test.ts [2m([22m[2m32 tests[22m[2m)[22m[33m 320[2mms[22m[39m
 [32m✓[39m packages/engine-kernel/test/rarity.test.ts [2m([22m[2m22 tests[22m[2m)[22m[32m 234[2mms[22m[39m
 [32m✓[39m tests/e2e/runtime-provenance-refusal.test.ts [2m([22m[2m19 tests[22m[2m)[22m[32m 165[2mms[22m[39m
 [32m✓[39m tests/db/schema-lockstep.test.ts [2m([22m[2m44 tests[22m[2m)[22m[32m 63[2mms[22m[39m
 [32m✓[39m packages/site-kit/test/catalog-server-fetch.test.ts [2m([22m[2m50 tests[22m[2m)[22m[33m 1291[2mms[22m[39m
     [33m[2m✓[22m[39m reads through the real own-session handler seam without a provider or socket [33m 993[2mms[22m[39m
 [32m✓[39m packages/schemas/test/delivery-handoff.test.ts [2m([22m[2m15 tests[22m[2m)[22m[32m 52[2mms[22m[39m
 [32m✓[39m packages/billing/test/fixture-commerce.test.ts [2m([22m[2m24 tests[22m[2m)[22m[32m 139[2mms[22m[39m
 [32m✓[39m tests/e2e/catalog-fixture-commerce-golden.test.ts [2m([22m[2m5 tests[22m[2m)[22m[32m 44[2mms[22m[39m
 [31m❯[39m tests/e2e/desktop-product-loop-golden.test.ts [2m([22m[2m14 tests[22m[2m | [22m[31m4 failed[39m[2m)[22m[33m 12060[2mms[22m[39m
[31m     [31m×[31m executes the emitted Web asset-path decision in the mounted chrome[39m[33m 715[2mms[22m[39m
[31m     [31m×[31m renders the active proposal and atomically accepts, rejects, and refuses stale hashes[39m[33m 583[2mms[22m[39m
[31m     [31m×[31m drives profile switching, open, save recovery, and viewport play through the emitted UI[39m[33m 464[2mms[22m[39m
     [33m[2m✓[22m[39m selects, reviews, saves, reopens, and plays the starter entity translation [33m 760[2mms[22m[39m
     [33m[2m✓[22m[39m rejects a staged Translation X edit without writing the document [33m 761[2mms[22m[39m
     [32m✓[39m names the host's inspection refusal instead of hiding the entity panel[32m 265[2mms[22m[39m
     [33m[2m✓[22m[39m clears the entity panel when a re-open is refused [33m 322[2mms[22m[39m
     [33m[2m✓[22m[39m names recovery and a staged proposal separately when Stage refuses [33m 635[2mms[22m[39m
     [33m[2m✓[22m[39m raises and records the real conflict when a typed edit stages against a moved document [33m 1197[2mms[22m[39m
     [33m[2m✓[22m[39m switches to Build when the entity is selected from another mode [33m 690[2mms[22m[39m
     [33m[2m✓[22m[39m selects any composed instance and redraws accepted transforms and add/remove settlement [33m 3886[2mms[22m[39m
     [33m[2m✓[22m[39m keeps staged create review visible through dirty browser Open [33m 1076[2mms[22m[39m
[31m     [31m×[31m settles queued and in-flight selection before profile change[39m[32m 278[2mms[22m[39m
     [33m[2m✓[22m[39m names the diagnostic the conflict dialog is actually reporting [33m 427[2mms[22m[39m
 [32m✓[39m tests/e2e/auth-credits-golden.test.ts [2m([22m[2m3 tests[22m[2m)[22m[32m 108[2mms[22m[39m
 [32m✓[39m tests/desktop/desktop-project-lifecycle.test.ts [2m([22m[2m12 tests[22m[2m)[22m[33m 473[2mms[22m[39m
 [32m✓[39m packages/billing/test/stripe-connect.test.ts [2m([22m[2m20 tests[22m[2m)[22m[32m 39[2mms[22m[39m
 [32m✓[39m packages/schemas/test/plugin-manifest.test.ts [2m([22m[2m20 tests[22m[2m)[22m[32m 53[2mms[22m[39m
 [32m✓[39m tests/e2e/desktop-web-export-golden.test.ts [2m([22m[2m39 tests[22m[2m)[22m[33m 13489[2mms[22m[39m
     [33m[2m✓[22m[39m packages a non-model asset from the same validated manifest entry [33m 507[2mms[22m[39m
     [33m[2m✓[22m[39m exports identical projects into byte-identical contained bundles and replays safely [33m 873[2mms[22m[39m
     [33m[2m✓[22m[39m projects every valid document identity into a valid handoff display name [33m 406[2mms[22m[39m
     [33m[2m✓[22m[39m never replaces a directory raced into the content address [33m 307[2mms[22m[39m
     [33m[2m✓[22m[39m adds the native publisher only to the Linux runtime build [33m 5820[2mms[22m[39m
     [33m[2m✓[22m[39m classifies delayed asset close failures and still closes the source [33m 318[2mms[22m[39m
     [33m[2m✓[22m[39m refuses assets beyond the aggregate budget before reading their bytes [33m 310[2mms[22m[39m
     [33m[2m✓[22m[39m retries after publication is interrupted before the content address [33m 335[2mms[22m[39m
 [32m✓[39m packages/site-kit/test/refuse-matrix.test.ts [2m([22m[2m82 tests[22m[2m)[22m[32m 279[2mms[22m[39m
 [32m✓[39m tests/desktop/desktop-scene-property.test.ts [2m([22m[2m12 tests[22m[2m)[22m[33m 1771[2mms[22m[39m
 [32m✓[39m packages/provider-openrouter/test/adapter.test.ts [2m([22m[2m26 tests[22m[2m)[22m[32m 276[2mms[22m[39m
[90mstderr[2m | desktop/linux/test/legacy-linux-smoke.test.ts[2m > [22m[2mprivate modal migration to canonical Submit/Approve forms through the real host[2m > [22m[2mdefines real prefab content via fields, writes only on Save and rejects invalid references
[22m[39m
Warning! Happy DOM has JavaScript evaluation enabled and is running in an insecure environment.

A VM Context is not an isolated environment, and if you run untrusted code you are at risk of RCE (Remote Code Execution) attacks. The attacker can escape the VM and run code at process level.

It is recommended to disable code generation and freeze all builtins at process level by running node with the flags "--disallow-code-generation-from-strings" and "--frozen-intrinsics". You can suppress this warning by setting "suppressInsecureJavaScriptEnvironmentWarning" to "true" at your own risk.

For more information, see https://github.com/capricorn86/happy-dom/wiki/JavaScript-Evaluation-Warning



 [32m✓[39m tests/e2e/assistant-panel-golden.test.ts [2m([22m[2m12 tests[22m[2m)[22m[32m 89[2mms[22m[39m
[90mstdout[2m | packages/importers/test/contained-gltf.test.ts[2m > [22m[2mAP-08 reparses16x8MiB canonical binary bytes and refuses the seventeenth asset
[22m[39m{"task":"AP-PERF","case":"16x8MiB-and-count17","durationMs":9523,"maxRssKiB":834800,"platform":"linux","arch":"x64"}

 [32m✓[39m tests/e2e/desktop-editor-command-forms-golden.test.ts [2m([22m[2m17 tests[22m[2m)[22m[33m 15602[2mms[22m[39m
     [33m[2m✓[22m[39m installs a user-supplied contained package through Change Review [33m 1491[2mms[22m[39m
     [33m[2m✓[22m[39m removes only a package returned by the preceding package inspection [33m 721[2mms[22m[39m
     [33m[2m✓[22m[39m commits only the digest returned by the preceding migration proposal [33m 463[2mms[22m[39m
     [33m[2m✓[22m[39m uses the inspected extension seam and displays its named refusal [33m 660[2mms[22m[39m
     [33m[2m✓[22m[39m reviews and commits an input-action rebind with the inspected base version [33m 987[2mms[22m[39m
     [33m[2m✓[22m[39m never commits a reviewed rebind from Submit alone [33m 651[2mms[22m[39m
     [33m[2m✓[22m[39m withdraws Approve when the reviewed rebind is edited [33m 1059[2mms[22m[39m
     [33m[2m✓[22m[39m reviews and commits a reset against the inspected settings version [33m 1124[2mms[22m[39m
     [33m[2m✓[22m[39m inspects input actions through the command form and refuses rebind until inspected [33m 388[2mms[22m[39m
     [33m[2m✓[22m[39m evaluates physics with user-selected steps without changing project bytes [33m 1437[2mms[22m[39m
     [33m[2m✓[22m[39m inspects prefabs and disables instance, override, and refresh until a definition exists [33m 364[2mms[22m[39m
     [33m[2m✓[22m[39m defines selected scene entities through review and persists only after acceptance [33m 789[2mms[22m[39m
     [33m[2m✓[22m[39m instances an inspected prefab under a selected scene entity [33m 983[2mms[22m[39m
     [33m[2m✓[22m[39m overrides an inspected prefab instance through the shared review flow [33m 1051[2mms[22m[39m
     [33m[2m✓[22m[39m refreshes an inspected stale prefab definition through review [33m 1750[2mms[22m[39m
     [33m[2m✓[22m[39m changes the viewport source only after Play creates a session [33m 1667[2mms[22m[39m
[90mstderr[2m | desktop/linux/test/legacy-linux-smoke.test.ts[2m > [22m[2mprivate modal migration to canonical Submit/Approve forms through the real host[2m > [22m[2mreviews and commits persisted bindings, updates keyboard dispatch, then reviews reset
[22m[39m
Warning! Happy DOM has JavaScript evaluation enabled and is running in an insecure environment.

A VM Context is not an isolated environment, and if you run untrusted code you are at risk of RCE (Remote Code Execution) attacks. The attacker can escape the VM and run code at process level.

It is recommended to disable code generation and freeze all builtins at process level by running node with the flags "--disallow-code-generation-from-strings" and "--frozen-intrinsics". You can suppress this warning by setting "suppressInsecureJavaScriptEnvironmentWarning" to "true" at your own risk.

For more information, see https://github.com/capricorn86/happy-dom/wiki/JavaScript-Evaluation-Warning



[90mstdout[2m | packages/importers/test/contained-gltf.test.ts[2m > [22m[2mAP-PERF admits250000 triangles and refuses250001 deterministically
[22m[39m{"task":"AP-PERF","case":"triangles250000-and250001","durationMs":718,"maxRssKiB":834800,"platform":"linux","arch":"x64"}

 [32m✓[39m packages/importers/test/contained-gltf.test.ts [2m([22m[2m18 tests[22m[2m)[22m[33m 13760[2mms[22m[39m
     [33m[2m✓[22m[39m AP-02 imports/reloads indexed shared vertices preserving exact bytes and refuses invalid index controls [33m 318[2mms[22m[39m
     [33m[2m✓[22m[39m AP-05 refuses lexical destination links for initial import, reload and recovery [33m 405[2mms[22m[39m
     [33m[2m✓[22m[39m admits accessor count250000 and rejects250001 with a real backing buffer [33m 337[2mms[22m[39m
     [33m[2m✓[22m[39m admits the8MiB byte ceiling and refuses the next byte; URI schemes stay refused [33m 305[2mms[22m[39m
   [33m[2m✓[22m[39m AP-08 reparses16x8MiB canonical binary bytes and refuses the seventeenth asset [33m 9538[2mms[22m[39m
   [33m[2m✓[22m[39m AP-05 preserves aliases and removes only owned temporary files after a copy-time race [33m 870[2mms[22m[39m
   [33m[2m✓[22m[39m AP-PERF admits250000 triangles and refuses250001 deterministically [33m 729[2mms[22m[39m
(node:2434754) ExperimentalWarning: Transform Types is an experimental feature and might change at any time
(Use `node --trace-warnings ...` to show where the warning was created)
[90mstderr[2m | desktop/linux/test/legacy-linux-smoke.test.ts[2m > [22m[2mprivate modal migration to canonical Submit/Approve forms through the real host[2m > [22m[2mrefuses empty scope, malformed JSON and edited/stale approvals without writing settings
[22m[39m
Warning! Happy DOM has JavaScript evaluation enabled and is running in an insecure environment.

A VM Context is not an isolated environment, and if you run untrusted code you are at risk of RCE (Remote Code Execution) attacks. The attacker can escape the VM and run code at process level.

It is recommended to disable code generation and freeze all builtins at process level by running node with the flags "--disallow-code-generation-from-strings" and "--frozen-intrinsics". You can suppress this warning by setting "suppressInsecureJavaScriptEnvironmentWarning" to "true" at your own risk.

For more information, see https://github.com/capricorn86/happy-dom/wiki/JavaScript-Evaluation-Warning



 [32m✓[39m desktop/linux/test/local-rpc.test.ts [2m([22m[2m10 tests[22m[2m)[22m[33m 745[2mms[22m[39m
 [32m✓[39m tests/e2e/desktop-linux-bridge-assistant-golden.test.ts [2m([22m[2m9 tests[22m[2m)[22m[33m 645[2mms[22m[39m
     [33m[2m✓[22m[39m mounts, transforms, and resets a replacement local assistant artifact [33m 317[2mms[22m[39m
 [32m✓[39m tests/e2e/asset-pipeline-golden.test.ts [2m([22m[2m6 tests[22m[2m)[22m[33m 1981[2mms[22m[39m
     [33m[2m✓[22m[39m admits every required family with deterministic validation, preview, provenance, and contained copies [33m 876[2mms[22m[39m
     [33m[2m✓[22m[39m stages digest hot reload by stable identity and keeps accepted bytes untouched until approval [33m 308[2mms[22m[39m
     [33m[2m✓[22m[39m keeps model identity and canonical-byte Play loading intact across an approved reload [33m 442[2mms[22m[39m
(node:2434754) ExperimentalWarning: Transform Types is an experimental feature and might change at any time
(Use `node --trace-warnings ...` to show where the warning was created)
 [32m✓[39m tests/e2e/desktop-control-inventory-golden.test.ts [2m([22m[2m6 tests[22m[2m)[22m[33m 3452[2mms[22m[39m
     [33m[2m✓[22m[39m renders stale hierarchy recovery until an explicit selection succeeds [33m 678[2mms[22m[39m
     [33m[2m✓[22m[39m serializes rapid hierarchy selections before staging from the latest one [33m 784[2mms[22m[39m
     [33m[2m✓[22m[39m makes every presentation control produce an observable state change [33m 785[2mms[22m[39m
     [33m[2m✓[22m[39m keeps unsupported or unmounted controls at named refusal states [33m 396[2mms[22m[39m
     [33m[2m✓[22m[39m turns standalone product actions into observable named outcomes [33m 526[2mms[22m[39m
[90mstderr[2m | desktop/linux/test/legacy-linux-smoke.test.ts[2m > [22m[2mprivate modal migration to canonical Submit/Approve forms through the real host[2m > [22m[2mexposes all eight missing commands and keeps Kids mutation controls refused
[22m[39m
Warning! Happy DOM has JavaScript evaluation enabled and is running in an insecure environment.

A VM Context is not an isolated environment, and if you run untrusted code you are at risk of RCE (Remote Code Execution) attacks. The attacker can escape the VM and run code at process level.

It is recommended to disable code generation and freeze all builtins at process level by running node with the flags "--disallow-code-generation-from-strings" and "--frozen-intrinsics". You can suppress this warning by setting "suppressInsecureJavaScriptEnvironmentWarning" to "true" at your own risk.

For more information, see https://github.com/capricorn86/happy-dom/wiki/JavaScript-Evaluation-Warning



 [32m✓[39m tests/e2e/desktop-scene-property-golden.test.ts [2m([22m[2m7 tests[22m[2m)[22m[33m 4464[2mms[22m[39m
     [33m[2m✓[22m[39m stages desktop properties through registered hierarchy authority [33m 390[2mms[22m[39m
     [33m[2m✓[22m[39m reviews without writing, saves atomically, reopens persisted bytes, and plays the saved transform [33m 892[2mms[22m[39m
     [33m[2m✓[22m[39m produces byte-identical canonical output through protocol, CLI, and desktop [33m 577[2mms[22m[39m
     [33m[2m✓[22m[39m settles selected transforms and add/remove through review, persistence, undo, and Play [33m 1417[2mms[22m[39m
     [33m[2m✓[22m[39m keeps canonical transform and add bytes identical across desktop, protocol, and CLI [33m 883[2mms[22m[39m
 [32m✓[39m tests/e2e/hosted-ai-metering-golden.test.ts [2m([22m[2m9 tests[22m[2m)[22m[32m 59[2mms[22m[39m
(node:2434754) ExperimentalWarning: Transform Types is an experimental feature and might change at any time
(Use `node --trace-warnings ...` to show where the warning was created)
[90mstderr[2m | tests/e2e/umbrella-editor-viewport-golden.test.ts[2m > [22m[2mentitled editor viewport — the composed scene reaches the Three core[2m > [22m[2mbuilds a real WebGLRenderer on the canvas path, so node must refuse it
[22m[39mTHREE.WebGLRenderer: THREE.WebGLRenderer: Error creating WebGL context.

 [32m✓[39m tests/e2e/desktop-provider-host-golden.test.ts [2m([22m[2m9 tests[22m[2m)[22m[33m 358[2mms[22m[39m
 [32m✓[39m tests/e2e/umbrella-editor-viewport-golden.test.ts [2m([22m[2m18 tests[22m[2m)[22m[33m 796[2mms[22m[39m
(node:2434754) ExperimentalWarning: Transform Types is an experimental feature and might change at any time
(Use `node --trace-warnings ...` to show where the warning was created)
 [32m✓[39m desktop/linux/test/legacy-linux-smoke.test.ts [2m([22m[2m6 tests[22m[2m)[22m[33m 9641[2mms[22m[39m
     [33m[2m✓[22m[39m defines real prefab content via fields, writes only on Save and rejects invalid references [33m 2850[2mms[22m[39m
     [33m[2m✓[22m[39m reviews and commits persisted bindings, updates keyboard dispatch, then reviews reset [33m 1374[2mms[22m[39m
     [33m[2m✓[22m[39m refuses empty scope, malformed JSON and edited/stale approvals without writing settings [33m 1366[2mms[22m[39m
     [33m[2m✓[22m[39m exposes all eight missing commands and keeps Kids mutation controls refused [33m 594[2mms[22m[39m
     [33m[2m✓[22m[39m persists nonroot create/reparent, Y transform and named smoke-body across a fresh session without premature writes [33m 2529[2mms[22m[39m
     [33m[2m✓[22m[39m executes the actual built child CLI handshake and rejects a missing descriptor, without skips [33m 923[2mms[22m[39m
(node:2434754) ExperimentalWarning: Transform Types is an experimental feature and might change at any time
(Use `node --trace-warnings ...` to show where the warning was created)
 [32m✓[39m tests/sites/umbrella-visual.test.ts [2m([22m[2m88 tests[22m[2m)[22m[33m 840[2mms[22m[39m
     [33m[2m✓[22m[39m edits, saves and reopens exact canonical document bytes with increasing revisions [33m 619[2mms[22m[39m
 [32m✓[39m packages/authoring-core/test/model-provider-port.test.ts [2m([22m[2m32 tests[22m[2m)[22m[32m 37[2mms[22m[39m
 [32m✓[39m tests/sites/maintenance-compat.test.ts [2m([22m[2m12 tests[22m[2m)[22m[33m 1526[2mms[22m[39m
 [32m✓[39m tests/e2e/desktop-project-browser-golden.test.ts [2m([22m[2m1 test[22m[2m)[22m[33m 3652[2mms[22m[39m
     [33m[2m✓[22m[39m lists, selects, opens, restores, and safely refuses protected mutation through the real seams [33m 3651[2mms[22m[39m
(node:2434754) ExperimentalWarning: Transform Types is an experimental feature and might change at any time
(Use `node --trace-warnings ...` to show where the warning was created)
 [32m✓[39m desktop/linux/test/prepared-asset-handoff.test.ts [2m([22m[2m10 tests[22m[2m)[22m[33m 9583[2mms[22m[39m
     [33m[2m✓[22m[39m stages actual worker E1 compactly, accepts identical bytes, and preserves source evidence/stable reload ID [33m 5497[2mms[22m[39m
     [33m[2m✓[22m[39m admits maximum original bytes with a compact response and the unchanged 100ms heartbeat bound [33m 1548[2mms[22m[39m
     [33m[2m✓[22m[39m rejects changed source bytes between worker response and admission [33m 944[2mms[22m[39m
     [33m[2m✓[22m[39m refuses source symlinks and forged prepared request fields without document/copy writes [33m 1421[2mms[22m[39m
Switched to a new branch 'other'
Switched to branch 'main'
 [32m✓[39m packages/authoring-core/test/journal-recovery.test.ts [2m([22m[2m33 tests[22m[2m)[22m[32m 261[2mms[22m[39m
 [32m✓[39m packages/auth/test/identity-port.test.ts [2m([22m[2m41 tests[22m[2m)[22m[32m 89[2mms[22m[39m
 [32m✓[39m tests/sites/catalog-storefronts.test.ts [2m([22m[2m84 tests[22m[2m)[22m[32m 232[2mms[22m[39m
 [32m✓[39m apps/web-shell/test/assistant-panel.test.ts [2m([22m[2m57 tests[22m[2m)[22m[33m 493[2mms[22m[39m
     [33m[2m✓[22m[39m bounds 120 UTF-8 exchanges by both count and serialized bytes and reports dropped history [33m 378[2mms[22m[39m
HEAD is now at 0ade83e main
 [32m✓[39m apps/web-shell/test/account-panel.test.ts [2m([22m[2m33 tests[22m[2m)[22m[32m 129[2mms[22m[39m
 [32m✓[39m packages/authoring-core/test/project-git.test.ts [2m([22m[2m46 tests[22m[2m)[22m[33m 30090[2mms[22m[39m
     [33m[2m✓[22m[39m stages only explicit paths and prepares but never creates a commit [33m 1607[2mms[22m[39m
     [33m[2m✓[22m[39m publishes validated objects in SHA-256 repositories [33m 667[2mms[22m[39m
     [33m[2m✓[22m[39m never follows an object target introduced during publication [33m 554[2mms[22m[39m
     [33m[2m✓[22m[39m never publishes through a fanout moved outside the object store [33m 546[2mms[22m[39m
     [33m[2m✓[22m[39m contains Git repository overrides inside the selected project [33m 703[2mms[22m[39m
     [33m[2m✓[22m[39m terminates blocking Git subprocesses with a stable diagnostic [33m 10049[2mms[22m[39m
     [33m[2m✓[22m[39m refuses Git control-file indirections and gitlinks before inspection [33m 331[2mms[22m[39m
     [33m[2m✓[22m[39m preserves both sides when a canonical file is renamed [33m 1059[2mms[22m[39m
     [33m[2m✓[22m[39m bounds untracked rename candidates before Git reads their paths [33m 315[2mms[22m[39m
     [33m[2m✓[22m[39m reports an explicit rollback when prospective evidence is too large [33m 550[2mms[22m[39m
     [33m[2m✓[22m[39m refuses a selected file replaced by a directory before index publication [33m 502[2mms[22m[39m
     [33m[2m✓[22m[39m preserves a leading UTF-8 BOM in exact Git filenames [33m 638[2mms[22m[39m
     [33m[2m✓[22m[39m refuses a selected file that changes during prospective validation and cleans up [33m 572[2mms[22m[39m
     [33m[2m✓[22m[39m validates symlink and executable modes before index publication [33m 1439[2mms[22m[39m
     [33m[2m✓[22m[39m uses the live index lock protocol and discards a blocked prospective index [33m 482[2mms[22m[39m
     [33m[2m✓[22m[39m refuses changes to complete unselected index semantics [33m 598[2mms[22m[39m
     [33m[2m✓[22m[39m rolls back if HEAD becomes detached during final publication validation [33m 611[2mms[22m[39m
     [33m[2m✓[22m[39m reports a disappeared prospective index as rolled back [33m 518[2mms[22m[39m
     [33m[2m✓[22m[39m stages captured bytes without executing a filter introduced after preflight [33m 932[2mms[22m[39m
     [33m[2m✓[22m[39m refuses evidence that cannot cross every local client transport [33m 307[2mms[22m[39m
     [33m[2m✓[22m[39m returns a stable refusal for malformed journal storage without leaking a lock [33m 524[2mms[22m[39m
     [33m[2m✓[22m[39m distinguishes completed, recoverable, and active authoring journal state [33m 972[2mms[22m[39m
     [33m[2m✓[22m[39m releases commit-preparation authority after evidence failure [33m 945[2mms[22m[39m
     [33m[2m✓[22m[39m reports conflicts read-only and refuses every unsafe mutation state before index changes [33m 1012[2mms[22m[39m
     [33m[2m✓[22m[39m reads authoring state live from one opaque authority [33m 581[2mms[22m[39m
[90mstderr[2m | apps/web-shell/test/inspector-app.test.ts[2m > [22m[2mserved inspector production regressions[2m > [22m[2mpermits root review, clears rejected diff and reconciles uncertain acceptance without retrying writes
[22m[39m
Warning! Happy DOM has JavaScript evaluation enabled and is running in an insecure environment.

A VM Context is not an isolated environment, and if you run untrusted code you are at risk of RCE (Remote Code Execution) attacks. The attacker can escape the VM and run code at process level.

It is recommended to disable code generation and freeze all builtins at process level by running node with the flags "--disallow-code-generation-from-strings" and "--frozen-intrinsics". You can suppress this warning by setting "suppressInsecureJavaScriptEnvironmentWarning" to "true" at your own risk.

For more information, see https://github.com/capricorn86/happy-dom/wiki/JavaScript-Evaluation-Warning



 [32m✓[39m tests/sites/site-seams.test.ts [2m([22m[2m321 tests[22m[2m)[22m[33m 460[2mms[22m[39m
 [32m✓[39m apps/web-shell/test/inspector-app.test.ts [2m([22m[2m27 tests[22m[2m)[22m[33m 302[2mms[22m[39m
 [32m✓[39m apps/desktop-shell/test/visual-model-tree.test.ts [2m([22m[2m1 test[22m[2m)[22m[32m 225[2mms[22m[39m
 [32m✓[39m apps/desktop-shell/test/app.test.ts [2m([22m[2m31 tests[22m[2m)[22m[33m 691[2mms[22m[39m
 [32m✓[39m apps/desktop-shell/test/minimum-window.test.ts [2m([22m[2m5 tests[22m[2m)[22m[33m 2980[2mms[22m[39m
     [33m[2m✓[22m[39m focuses the real named refusal when opened below minimum and falls back safely on restore [33m 722[2mms[22m[39m
     [33m[2m✓[22m[39m does not return focus to a removed opener [33m 559[2mms[22m[39m
     [33m[2m✓[22m[39m dismisses a menu on refusal and returns to its trigger only after resizing [33m 563[2mms[22m[39m
     [33m[2m✓[22m[39m dismisses dialogs without reopening them and restores their original opener [33m 624[2mms[22m[39m
     [33m[2m✓[22m[39m uses either dimension, allows the exact minimum and does not steal moved focus [33m 511[2mms[22m[39m
 [32m✓[39m apps/desktop-shell/test/legacy-editor-compat.test.ts [2m([22m[2m8 tests[22m[2m)[22m[33m 2600[2mms[22m[39m
     [33m[2m✓[22m[39m confirms only approved current game replies after synchronous denial [33m 391[2mms[22m[39m
     [33m[2m✓[22m[39m confirms only approved current web replies after synchronous denial [33m 320[2mms[22m[39m
     [33m[2m✓[22m[39m denies refused, mismatching and cancelled project requests without restoration [33m 1103[2mms[22m[39m
     [33m[2m✓[22m[39m rejects stale root, profile and generation approvals [33m 579[2mms[22m[39m
 [32m✓[39m packages/authoring-core/test/project-model.test.ts [2m([22m[2m26 tests[22m[2m)[22m[33m 6157[2mms[22m[39m
     [33m[2m✓[22m[39m creates/reviews/rejects/saves/reopens with canonical bytes and refuses every escape without writes [33m 4674[2mms[22m[39m
     [33m[2m✓[22m[39m recovers a genuinely abruptly terminated apply with durable scratch files and stale locks [33m 1223[2mms[22m[39m
 [32m✓[39m tests/e2e/desktop-cli-local-bridge-golden.test.ts [2m([22m[2m4 tests[22m[2m)[22m[33m 10920[2mms[22m[39m
     [33m[2m✓[22m[39m discovers the desktop and shares its real propose/apply authoring session [33m 3430[2mms[22m[39m
     [33m[2m✓[22m[39m keeps local authoring unmetered and refuses absent BYOK or hosted routes by name [33m 2129[2mms[22m[39m
     [33m[2m✓[22m[39m returns one project inspection to UI, CLI, and local-assistant clients before explicit migration [33m 1800[2mms[22m[39m
     [33m[2m✓[22m[39m returns and prepares the same contained Git evidence through the CLI tool adapter [33m 3560[2mms[22m[39m
[90mstderr[2m | apps/web-shell/test/dev-server.test.ts[2m > [22m[2mthe started server serves the inspector[2m > [22m[2mkeeps the hash-authorized served inspector interactive with invalid/reject focus return and no write
[22m[39m
Warning! Happy DOM has JavaScript evaluation enabled and is running in an insecure environment.

A VM Context is not an isolated environment, and if you run untrusted code you are at risk of RCE (Remote Code Execution) attacks. The attacker can escape the VM and run code at process level.

It is recommended to disable code generation and freeze all builtins at process level by running node with the flags "--disallow-code-generation-from-strings" and "--frozen-intrinsics". You can suppress this warning by setting "suppressInsecureJavaScriptEnvironmentWarning" to "true" at your own risk.

For more information, see https://github.com/capricorn86/happy-dom/wiki/JavaScript-Evaluation-Warning



 [32m✓[39m apps/web-shell/test/dev-server.test.ts [2m([22m[2m25 tests[22m[2m)[22m[33m 1080[2mms[22m[39m
 [32m✓[39m apps/desktop-shell/test/visual-tokens.test.ts [2m([22m[2m26 tests[22m[2m)[22m[33m 991[2mms[22m[39m
     [33m[2m✓[22m[39m dims an inert control by paint, never by compositing [33m 332[2mms[22m[39m
 [32m✓[39m packages/authoring-core/test/local-project-build.test.ts [2m([22m[2m30 tests[22m[2m)[22m[33m 1640[2mms[22m[39m
     [33m[2m✓[22m[39m does not execute bootstrap-symlink substituted in the owned namespace at spawn [33m 317[2mms[22m[39m
 [32m✓[39m apps/desktop-shell/test/visual-model-settings.test.ts [2m([22m[2m1 test[22m[2m)[22m[33m 331[2mms[22m[39m
   [33m[2m✓[22m[39m renders settings forms with the model's declared controls [33m 329[2mms[22m[39m
 [32m✓[39m tests/desktop/desktop-macos-packaging.test.ts [2m([22m[2m10 tests[22m[2m)[22m[33m 2022[2mms[22m[39m
     [33m[2m✓[22m[39m keeps every noncanonical release context non-linkable [33m 1265[2mms[22m[39m
     [33m[2m✓[22m[39m verifies the recorded commit against the checkout instead of trusting its shape [33m 383[2mms[22m[39m
     [33m[2m✓[22m[39m smokes the packaging contract and refuses every absent release input [33m 352[2mms[22m[39m
 [31m❯[39m tests/e2e/desktop-control-dispatch-real-bridge-golden.test.ts [2m([22m[2m31 tests[22m[2m | [22m[31m5 failed[39m[2m)[22m[33m 22862[2mms[22m[39m
     [33m[2m✓[22m[39m excludes Ask because the real GUI uses the assistant action rather than a registered command invocation [33m 1100[2mms[22m[39m
     [33m[2m✓[22m[39m does not claim Apply Build without the private live-viewport persistence callback [33m 430[2mms[22m[39m
[31m     [31m×[31m proves animation-apply from its GUI control[39m[33m 602[2mms[22m[39m
     [33m[2m✓[22m[39m proves animation-evaluate from its GUI control [33m 969[2mms[22m[39m
     [33m[2m✓[22m[39m proves animation-inspect from its GUI control [33m 963[2mms[22m[39m
     [33m[2m✓[22m[39m proves animation-scrub from its GUI control [33m 1009[2mms[22m[39m
     [33m[2m✓[22m[39m proves assistant-byo-build from its GUI control [33m 1086[2mms[22m[39m
     [33m[2m✓[22m[39m proves assistant-cancel from its GUI control [33m 519[2mms[22m[39m
     [33m[2m✓[22m[39m proves assistant-local-agent from its GUI control [33m 370[2mms[22m[39m
     [33m[2m✓[22m[39m proves assistant-local-build from its GUI control [33m 331[2mms[22m[39m
     [33m[2m✓[22m[39m proves assistant-status from its GUI control [33m 821[2mms[22m[39m
     [33m[2m✓[22m[39m proves change-review-accept from its GUI control [33m 961[2mms[22m[39m
     [33m[2m✓[22m[39m proves change-review-reject from its GUI control [33m 764[2mms[22m[39m
[31m     [31m×[31m proves effect-apply from its GUI control[39m[33m 773[2mms[22m[39m
     [33m[2m✓[22m[39m proves effect-inspect from its GUI control [33m 800[2mms[22m[39m
[31m     [31m×[31m proves environment-apply from its GUI control[39m[33m 896[2mms[22m[39m
     [33m[2m✓[22m[39m proves environment-inspect from its GUI control [33m 374[2mms[22m[39m
[31m     [31m×[31m proves material-apply from its GUI control[39m[33m 526[2mms[22m[39m
     [32m✓[39m proves material-inspect from its GUI control[32m 276[2mms[22m[39m
[31m     [31m×[31m proves physics-apply from its GUI control[39m[33m 706[2mms[22m[39m
     [33m[2m✓[22m[39m proves physics-inspect from its GUI control [33m 591[2mms[22m[39m
     [33m[2m✓[22m[39m proves play-inspect from its GUI control [33m 929[2mms[22m[39m
     [33m[2m✓[22m[39m proves run-reset from its GUI control [33m 692[2mms[22m[39m
     [33m[2m✓[22m[39m proves run-stop from its GUI control [33m 938[2mms[22m[39m
     [33m[2m✓[22m[39m proves scene-hierarchy-inspect from its GUI control [33m 484[2mms[22m[39m
     [33m[2m✓[22m[39m proves scene-object-create from its GUI control [33m 844[2mms[22m[39m
     [33m[2m✓[22m[39m proves scene-object-remove from its GUI control [33m 737[2mms[22m[39m
     [33m[2m✓[22m[39m proves scene-object-reparent from its GUI control [33m 613[2mms[22m[39m
     [33m[2m✓[22m[39m proves scene-property-set from its GUI control [33m 618[2mms[22m[39m
     [33m[2m✓[22m[39m proves scene-selection-set from its GUI control [33m 931[2mms[22m[39m
     [33m[2m✓[22m[39m proves scene-transform-apply from its GUI control [33m 1206[2mms[22m[39m
 [32m✓[39m tests/e2e/scene-composition-golden.test.ts [2m([22m[2m1 test[22m[2m)[22m[33m 523[2mms[22m[39m
     [33m[2m✓[22m[39m composes, mounts, and opens a multi-object scene with stable digests [33m 521[2mms[22m[39m
 [32m✓[39m tests/e2e/input-actions-golden.test.ts [2m([22m[2m5 tests[22m[2m)[22m[32m 133[2mms[22m[39m
 [32m✓[39m tests/e2e/profile-kids-refuse-golden.test.ts [2m([22m[2m13 tests[22m[2m)[22m[32m 29[2mms[22m[39m
 [32m✓[39m tests/e2e/profile-game-scene-golden.test.ts [2m([22m[2m3 tests[22m[2m)[22m[33m 580[2mms[22m[39m
     [33m[2m✓[22m[39m authors, composes, mounts, replays, and emits stable evidence through the profile [33m 429[2mms[22m[39m
 [32m✓[39m tests/e2e/desktop-provider-authoring-engine-golden.test.ts [2m([22m[2m3 tests[22m[2m)[22m[33m 1200[2mms[22m[39m
     [33m[2m✓[22m[39m drives BYOK through the privileged port, Change Review, persist/reopen, and play [33m 963[2mms[22m[39m
 [32m✓[39m apps/desktop-shell/test/product-loop.test.ts [2m([22m[2m6 tests[22m[2m)[22m[32m 216[2mms[22m[39m
 [32m✓[39m tests/e2e/cli-golden-path.test.ts [2m([22m[2m1 test[22m[2m)[22m[32m 171[2mms[22m[39m
 [32m✓[39m tests/desktop/desktop-linux-seams.test.ts [2m([22m[2m13 tests[22m[2m)[22m[32m 154[2mms[22m[39m
 [32m✓[39m packages/authoring-core/test/final-acceptance.test.ts [2m([22m[2m65 tests[22m[2m)[22m[33m 12279[2mms[22m[39m
     [33m[2m✓[22m[39m recovers on Linux with procfs unavailable and never opens a procfs file [33m 903[2mms[22m[39m
     [33m[2m✓[22m[39m refuses an actual tmp creation collision without following or deleting the hostile symlink [33m 780[2mms[22m[39m
     [33m[2m✓[22m[39m refuses an actual bak creation collision without following or deleting the hostile symlink [33m 1133[2mms[22m[39m
     [33m[2m✓[22m[39m runs the real project init positive path [33m 632[2mms[22m[39m
     [33m[2m✓[22m[39m runs the real project migrate positive path [33m 449[2mms[22m[39m
     [33m[2m✓[22m[39m runs the real project new positive path [33m 476[2mms[22m[39m
     [33m[2m✓[22m[39m runs the real project dev positive path [33m 508[2mms[22m[39m
     [33m[2m✓[22m[39m runs the real project test positive path [33m 349[2mms[22m[39m
     [33m[2m✓[22m[39m runs the real project capture positive path [33m 520[2mms[22m[39m
     [33m[2m✓[22m[39m runs the real project report positive path [33m 815[2mms[22m[39m
     [33m[2m✓[22m[39m runs the real project propose positive path [33m 820[2mms[22m[39m
     [33m[2m✓[22m[39m runs the real project apply positive path [33m 782[2mms[22m[39m
     [33m[2m✓[22m[39m names the real project init unknown-flag refusal without mutations [33m 802[2mms[22m[39m
     [33m[2m✓[22m[39m names the real project dev unknown-flag refusal without mutations [33m 593[2mms[22m[39m
     [33m[2m✓[22m[39m names the real project test unknown-flag refusal without mutations [33m 430[2mms[22m[39m
     [33m[2m✓[22m[39m names the real project report unknown-flag refusal without mutations [33m 387[2mms[22m[39m
     [33m[2m✓[22m[39m names the real project propose unknown-flag refusal without mutations [33m 418[2mms[22m[39m
     [33m[2m✓[22m[39m names the real project apply unknown-flag refusal without mutations [33m 357[2mms[22m[39m
 [32m✓[39m tests/e2e/plugin-capability-golden.test.ts [2m([22m[2m9 tests[22m[2m)[22m[32m 242[2mms[22m[39m
 [32m✓[39m tests/e2e/importers-plugin-golden.test.ts [2m([22m[2m5 tests[22m[2m)[22m[32m 73[2mms[22m[39m
 [32m✓[39m tests/contracts/no-committed-secrets.test.ts [2m([22m[2m16 tests[22m[2m)[22m[33m 1291[2mms[22m[39m
 [31m❯[39m tests/e2e/desktop-command-interactions-golden.test.ts [2m([22m[2m99 tests[22m[2m | [22m[31m4 failed[39m[2m)[22m[33m 38099[2mms[22m[39m
     [33m[2m✓[22m[39m invokes project-new from its menu [33m 1169[2mms[22m[39m
     [32m✓[39m invokes project-new from the palette[32m 247[2mms[22m[39m
     [32m✓[39m invokes project-new from Ctrl/Cmd+N[32m 240[2mms[22m[39m
     [32m✓[39m does not invoke project-new from text entry[32m 163[2mms[22m[39m
     [33m[2m✓[22m[39m invokes project-open from its menu [33m 491[2mms[22m[39m
     [33m[2m✓[22m[39m invokes project-open from the palette [33m 335[2mms[22m[39m
     [32m✓[39m invokes project-open from Ctrl/Cmd+O[32m 253[2mms[22m[39m
     [32m✓[39m does not invoke project-open from text entry[32m 146[2mms[22m[39m
     [32m✓[39m invokes project-save from its menu[32m 290[2mms[22m[39m
     [33m[2m✓[22m[39m invokes project-save from the palette [33m 569[2mms[22m[39m
     [32m✓[39m invokes project-save from Ctrl/Cmd+S[32m 159[2mms[22m[39m
     [33m[2m✓[22m[39m does not invoke project-save from text entry [33m 325[2mms[22m[39m
     [32m✓[39m invokes project-git-status from its menu[32m 219[2mms[22m[39m
     [32m✓[39m invokes project-git-status from the palette[32m 237[2mms[22m[39m
     [32m✓[39m invokes project-git-diff from its menu[32m 122[2mms[22m[39m
     [33m[2m✓[22m[39m invokes project-git-diff from the palette [33m 537[2mms[22m[39m
     [33m[2m✓[22m[39m invokes project-git-stage from its menu [33m 607[2mms[22m[39m
     [33m[2m✓[22m[39m invokes project-git-stage from the palette [33m 485[2mms[22m[39m
     [32m✓[39m invokes project-git-commit-prepare from its menu[32m 290[2mms[22m[39m
     [32m✓[39m invokes project-git-commit-prepare from the palette[32m 174[2mms[22m[39m
     [32m✓[39m invokes ship-export-web from its menu[32m 216[2mms[22m[39m
     [32m✓[39m invokes ship-export-web from the palette[32m 207[2mms[22m[39m
     [33m[2m✓[22m[39m invokes package-inspect from its menu [33m 364[2mms[22m[39m
     [33m[2m✓[22m[39m invokes package-inspect from the palette [33m 343[2mms[22m[39m
     [32m✓[39m invokes package-install from its menu[32m 217[2mms[22m[39m
     [33m[2m✓[22m[39m invokes package-install from the palette [33m 370[2mms[22m[39m
     [33m[2m✓[22m[39m invokes package-remove from its menu [33m 502[2mms[22m[39m
     [33m[2m✓[22m[39m invokes package-remove from the palette [33m 665[2mms[22m[39m
     [33m[2m✓[22m[39m invokes workspace-layout-inspect from its menu [33m 447[2mms[22m[39m
     [33m[2m✓[22m[39m invokes workspace-layout-inspect from the palette [33m 398[2mms[22m[39m
     [32m✓[39m invokes workspace-layout-apply from its menu[32m 279[2mms[22m[39m
     [33m[2m✓[22m[39m invokes workspace-layout-apply from the palette [33m 494[2mms[22m[39m
     [33m[2m✓[22m[39m invokes workspace-layout-reset from its menu [33m 312[2mms[22m[39m
     [32m✓[39m invokes workspace-layout-reset from the palette[32m 229[2mms[22m[39m
     [32m✓[39m invokes project-migration-propose from its menu[32m 283[2mms[22m[39m
     [32m✓[39m invokes project-migration-propose from the palette[32m 267[2mms[22m[39m
     [33m[2m✓[22m[39m invokes project-migration-commit from its menu [33m 406[2mms[22m[39m
     [32m✓[39m invokes project-migration-commit from the palette[32m 298[2mms[22m[39m
     [33m[2m✓[22m[39m invokes project-migration-recover from its menu [33m 347[2mms[22m[39m
     [32m✓[39m invokes project-migration-recover from the palette[32m 295[2mms[22m[39m
     [33m[2m✓[22m[39m invokes project-build from its menu [33m 525[2mms[22m[39m
     [32m✓[39m invokes project-build from the palette[32m 206[2mms[22m[39m
     [33m[2m✓[22m[39m invokes extension-inspect from its menu [33m 1034[2mms[22m[39m
     [33m[2m✓[22m[39m invokes extension-inspect from the palette [33m 713[2mms[22m[39m
     [32m✓[39m invokes extension-start from its menu[32m 245[2mms[22m[39m
     [32m✓[39m invokes extension-start from the palette[32m 280[2mms[22m[39m
     [33m[2m✓[22m[39m invokes profile-inspect from its menu [33m 366[2mms[22m[39m
     [33m[2m✓[22m[39m invokes profile-inspect from the palette [33m 416[2mms[22m[39m
     [32m✓[39m invokes project-inspect from its menu[32m 173[2mms[22m[39m
     [32m✓[39m invokes project-inspect from the palette[32m 225[2mms[22m[39m
     [32m✓[39m invokes input-actions-inspect from its menu[32m 203[2mms[22m[39m
     [32m✓[39m invokes input-actions-inspect from the palette[32m 182[2mms[22m[39m
     [33m[2m✓[22m[39m invokes input-action-rebind from its menu [33m 330[2mms[22m[39m
     [33m[2m✓[22m[39m invokes input-action-rebind from the palette [33m 506[2mms[22m[39m
     [32m✓[39m invokes input-actions-reset from its menu[32m 191[2mms[22m[39m
     [32m✓[39m invokes input-actions-reset from the palette[32m 264[2mms[22m[39m
     [32m✓[39m invokes scene-prefab-inspect from its menu[32m 217[2mms[22m[39m
     [32m✓[39m invokes scene-prefab-inspect from the palette[32m 188[2mms[22m[39m
     [33m[2m✓[22m[39m invokes scene-prefab-define from its menu [33m 560[2mms[22m[39m
     [33m[2m✓[22m[39m invokes scene-prefab-define from the palette [33m 316[2mms[22m[39m
     [33m[2m✓[22m[39m invokes scene-prefab-instance from its menu [33m 315[2mms[22m[39m
     [32m✓[39m invokes scene-prefab-instance from the palette[32m 210[2mms[22m[39m
     [33m[2m✓[22m[39m invokes scene-prefab-override from its menu [33m 562[2mms[22m[39m
     [33m[2m✓[22m[39m invokes scene-prefab-override from the palette [33m 645[2mms[22m[39m
     [33m[2m✓[22m[39m invokes scene-prefab-refresh from its menu [33m 331[2mms[22m[39m
     [33m[2m✓[22m[39m invokes scene-prefab-refresh from the palette [33m 393[2mms[22m[39m
     [33m[2m✓[22m[39m invokes viewport-source-set from its menu [33m 426[2mms[22m[39m
     [32m✓[39m invokes viewport-source-set from the palette[32m 260[2mms[22m[39m
     [32m✓[39m invokes physics-evaluate from its menu[32m 292[2mms[22m[39m
     [32m✓[39m invokes physics-evaluate from the palette[32m 286[2mms[22m[39m
     [33m[2m✓[22m[39m invokes edit-undo from its menu [33m 404[2mms[22m[39m
     [33m[2m✓[22m[39m invokes edit-undo from the palette [33m 375[2mms[22m[39m
     [33m[2m✓[22m[39m invokes edit-undo from Ctrl/Cmd+Z [33m 709[2mms[22m[39m
     [33m[2m✓[22m[39m does not invoke edit-undo from text entry [33m 554[2mms[22m[39m
     [33m[2m✓[22m[39m invokes edit-redo from its menu [33m 653[2mms[22m[39m
     [33m[2m✓[22m[39m invokes edit-redo from the palette [33m 647[2mms[22m[39m
     [32m✓[39m invokes edit-redo from Ctrl/Cmd+Shift+Z[32m 267[2mms[22m[39m
     [33m[2m✓[22m[39m does not invoke edit-redo from text entry [33m 304[2mms[22m[39m
     [33m[2m✓[22m[39m invokes run-play from its menu [33m 487[2mms[22m[39m
     [32m✓[39m invokes run-play from the palette[32m 284[2mms[22m[39m
     [32m✓[39m invokes run-play from Ctrl/Cmd+P[32m 155[2mms[22m[39m
     [32m✓[39m does not invoke run-play from text entry[32m 167[2mms[22m[39m
     [32m✓[39m stages an inspector mutation through the shared Change Review proposal[32m 147[2mms[22m[39m
     [33m[2m✓[22m[39m stages all four inspector mutation types through Change Review [33m 648[2mms[22m[39m
     [33m[2m✓[22m[39m restores a rebind into the emitted accelerator resolver and labels [33m 409[2mms[22m[39m
     [33m[2m✓[22m[39m keeps command accelerators active from the recent-project chooser [33m 868[2mms[22m[39m
     [33m[2m✓[22m[39m refuses Export Web by name when no project is open [33m 512[2mms[22m[39m
     [33m[2m✓[22m[39m refuses incomplete contained Git evidence without rendering it [33m 891[2mms[22m[39m
     [33m[2m✓[22m[39m stages exact evidence paths without lossy text parsing [33m 706[2mms[22m[39m
     [33m[2m✓[22m[39m retires Ship evidence when the project becomes dirty [33m 499[2mms[22m[39m
     [33m[2m✓[22m[39m names the in-flight refusal when a command is re-invoked mid-request [33m 521[2mms[22m[39m
     [33m[2m✓[22m[39m keeps Undo refused when availability refreshes during a request [33m 741[2mms[22m[39m
     [33m[2m✓[22m[39m refuses Undo rather than dropping a staged proposal with the Save it reverses [33m 448[2mms[22m[39m
     [32m✓[39m exposes persisted Undo availability after a renderer relaunch[32m 216[2mms[22m[39m
[31m     [31m×[31m keeps Undo inert while journal recovery is pending[39m[32m 189[2mms[22m[39m
[31m     [31m×[31m names the refusal when an accelerator reaches an unavailable command[39m[32m 266[2mms[22m[39m
[31m     [31m×[31m names the Kids refusal when an accelerator is pressed on that profile[39m[33m 306[2mms[22m[39m
[31m     [31m×[31m ignores a Shift-modified chord that no menu advertises[39m[33m 347[2mms[22m[39m
     [33m[2m✓[22m[39m shows and dismisses the real refusal returned by a command [33m 504[2mms[22m[39m
 [32m✓[39m tests/e2e/sculpt-quality-golden.test.ts [2m([22m[2m1 test[22m[2m)[22m[33m 340[2mms[22m[39m
     [33m[2m✓[22m[39m opens both multi-pass demos through Mount, kernel, and existing Minimum E2 with stable digests [33m 338[2mms[22m[39m
 [32m✓[39m tests/e2e/asset-ingestion-golden.test.ts [2m([22m[2m9 tests[22m[2m)[22m[33m 3669[2mms[22m[39m
     [33m[2m✓[22m[39m carries imported clips through Play without changing authoring bytes [33m 751[2mms[22m[39m
     [33m[2m✓[22m[39m keeps Reject byte-clean, accepts atomically, and reopens undefined triangles with '#ffffff' [33m 376[2mms[22m[39m
     [33m[2m✓[22m[39m keeps Reject byte-clean, accepts atomically, and reopens 'OPAQUE' triangles with '#ffffff' [33m 313[2mms[22m[39m
     [33m[2m✓[22m[39m keeps Reject byte-clean, accepts atomically, and reopens 'OPAQUE' triangles with '#3399e6' [33m 365[2mms[22m[39m
     [33m[2m✓[22m[39m refuses BLEND materials through desktop and CLI without writing project bytes [33m 400[2mms[22m[39m
     [33m[2m✓[22m[39m refuses UNKNOWN materials through desktop and CLI without writing project bytes [33m 436[2mms[22m[39m
     [33m[2m✓[22m[39m produces byte-identical accepted desktop and CLI projects [33m 572[2mms[22m[39m
 [32m✓[39m tests/db/migrate-process.test.ts [2m([22m[2m3 tests[22m[2m)[22m[33m 1268[2mms[22m[39m
     [33m[2m✓[22m[39m applies once, no-ops on rerun, refuses checksum drift, and honors dry-run [33m 695[2mms[22m[39m
     [33m[2m✓[22m[39m adopts verified migrations only when tracking is absent or empty [33m 446[2mms[22m[39m
 [32m✓[39m tests/e2e/hybrid-sculpt-golden.test.ts [2m([22m[2m1 test[22m[2m)[22m[32m 139[2mms[22m[39m
 [32m✓[39m apps/desktop-shell/test/prepared-asset-handoff.test.ts [2m([22m[2m12 tests[22m[2m)[22m[32m 161[2mms[22m[39m
 [32m✓[39m tests/e2e/desktop-physics-golden.test.ts [2m([22m[2m4 tests[22m[2m)[22m[33m 3041[2mms[22m[39m
     [33m[2m✓[22m[39m opts into initialized Rapier through review, refuses an absent host, and reopens identically [33m 1775[2mms[22m[39m
     [33m[2m✓[22m[39m authors bodies through review and replays identical Play snapshots without writing [33m 764[2mms[22m[39m
 [32m✓[39m packages/auth/test/role-guard.test.ts [2m([22m[2m21 tests[22m[2m)[22m[32m 48[2mms[22m[39m
 [32m✓[39m tests/e2e/desktop-animation-golden.test.ts [2m([22m[2m2 tests[22m[2m)[22m[33m 960[2mms[22m[39m
     [33m[2m✓[22m[39m authors clips through review, scrubs without writing, and replays identical Play samples [33m 796[2mms[22m[39m
 [32m✓[39m apps/desktop-shell/test/ui-kit.test.ts [2m([22m[2m8 tests[22m[2m)[22m[32m 67[2mms[22m[39m
 [32m✓[39m tests/docs/traceability-runtime-surfaces.test.ts [2m([22m[2m6 tests[22m[2m)[22m[32m 290[2mms[22m[39m
[90mstderr[2m | tests/e2e/umbrella-live-open-golden.test.ts[2m > [22m[2mumbrella live open path — served scene reaches the Three core[2m > [22m[2mbuilds a real WebGLRenderer on the canvas path, so node must refuse it
[22m[39mTHREE.WebGLRenderer: THREE.WebGLRenderer: Error creating WebGL context.

 [32m✓[39m tests/e2e/umbrella-live-open-golden.test.ts [2m([22m[2m7 tests[22m[2m)[22m[33m 374[2mms[22m[39m
 [32m✓[39m tests/e2e/desktop-linux-bridge-play-golden.test.ts [2m([22m[2m3 tests[22m[2m)[22m[33m 545[2mms[22m[39m
     [33m[2m✓[22m[39m opens a real kernel scene session through the orchestrator, deterministically [33m 393[2mms[22m[39m
 [32m✓[39m tests/e2e/desktop-project-lifecycle-golden.test.ts [2m([22m[2m1 test[22m[2m)[22m[33m 1732[2mms[22m[39m
     [33m[2m✓[22m[39m drives first launch, create, cancel, open, recent removal, and restart over the preload-shaped host [33m 1730[2mms[22m[39m
 [32m✓[39m tests/e2e/desktop-assistant-ask-golden.test.ts [2m([22m[2m3 tests[22m[2m)[22m[33m 955[2mms[22m[39m
     [33m[2m✓[22m[39m answers Ask from typed hierarchy state identically across clients and writes no bytes [33m 501[2mms[22m[39m
     [33m[2m✓[22m[39m stages a local Build through Change Review and undoes it [33m 368[2mms[22m[39m
 [32m✓[39m tests/contracts/injected-credit-pack-drift.test.ts [2m([22m[2m19 tests[22m[2m)[22m[33m 12458[2mms[22m[39m
     [33m[2m✓[22m[39m control: the unmodified tree passes [33m 802[2mms[22m[39m
     [33m[2m✓[22m[39m fails when the bundled module drifts from the fixture [33m 934[2mms[22m[39m
     [33m[2m✓[22m[39m fails when an archived economic row changes in both committed copies [33m 622[2mms[22m[39m
     [33m[2m✓[22m[39m fails when an appended revision carries no pinned digest [33m 565[2mms[22m[39m
     [33m[2m✓[22m[39m fails when a pinned archived revision row is deleted [33m 426[2mms[22m[39m
     [33m[2m✓[22m[39m fails when the bundled module stops being a parseable catalog literal [33m 707[2mms[22m[39m
     [33m[2m✓[22m[39m still reads the catalog export when the module grows a second frozen export [33m 814[2mms[22m[39m
     [33m[2m✓[22m[39m still detects drift when the module grows a second frozen export [33m 847[2mms[22m[39m
     [33m[2m✓[22m[39m fails when a pack changes in the fixture but not in the doc table [33m 528[2mms[22m[39m
     [33m[2m✓[22m[39m fails when a pack is added to the fixture but not to the doc table [33m 794[2mms[22m[39m
     [33m[2m✓[22m[39m fails when two current revisions have the same packId [33m 487[2mms[22m[39m
     [33m[2m✓[22m[39m fails on a duplicate stripePriceId [33m 457[2mms[22m[39m
     [33m[2m✓[22m[39m fails on a duplicate revisionId [33m 518[2mms[22m[39m
     [33m[2m✓[22m[39m fails when a current revision id does not resolve [33m 769[2mms[22m[39m
     [33m[2m✓[22m[39m fails when a live price id is committed [33m 496[2mms[22m[39m
     [33m[2m✓[22m[39m fails when the catalog claims live mode [33m 555[2mms[22m[39m
     [33m[2m✓[22m[39m fails when the doc lockstep markers are missing [33m 750[2mms[22m[39m
     [33m[2m✓[22m[39m fails when the doc stops naming the canonical fixture path [33m 696[2mms[22m[39m
     [33m[2m✓[22m[39m fails when the fixture file is deleted [33m 683[2mms[22m[39m
 [32m✓[39m tests/e2e/desktop-prefab-golden.test.ts [2m([22m[2m2 tests[22m[2m)[22m[33m 2143[2mms[22m[39m
     [33m[2m✓[22m[39m defines, instances, overrides, and inspects the same resolved graph across clients [33m 996[2mms[22m[39m
     [33m[2m✓[22m[39m refuses a source refresh that would silently drop overrides [33m 1142[2mms[22m[39m
 [32m✓[39m tests/e2e/desktop-assistant-scene-loop-golden.test.ts [2m([22m[2m3 tests[22m[2m)[22m[32m 277[2mms[22m[39m
 [32m✓[39m tests/e2e/contained-git-golden.test.ts [2m([22m[2m3 tests[22m[2m)[22m[33m 2470[2mms[22m[39m
     [33m[2m✓[22m[39m returns one repository state and commit-preparation evidence across desktop, CLI, and local-agent clients [33m 1727[2mms[22m[39m
     [33m[2m✓[22m[39m refuses a second process owner and releases the root lease synchronously [33m 598[2mms[22m[39m
 [32m✓[39m tests/contracts/injected-open-path-drift.test.ts [2m([22m[2m12 tests[22m[2m)[22m[33m 6192[2mms[22m[39m
     [33m[2m✓[22m[39m control: the unmodified tree passes [33m 715[2mms[22m[39m
     [33m[2m✓[22m[39m fails when a row claims shipping readiness [33m 582[2mms[22m[39m
     [33m[2m✓[22m[39m fails when the Kids row stops being refuse-only [33m 524[2mms[22m[39m
     [33m[2m✓[22m[39m fails when the Kids row gains an operation [33m 585[2mms[22m[39m
     [33m[2m✓[22m[39m fails when a row drops its committed evidence [33m 705[2mms[22m[39m
     [33m[2m✓[22m[39m fails when a row names evidence that no longer exists [33m 499[2mms[22m[39m
     [33m[2m✓[22m[39m fails when a row changes in the fixture but not in the doc table [33m 403[2mms[22m[39m
     [33m[2m✓[22m[39m fails when a profile is added to the fixture but not to the doc table [33m 371[2mms[22m[39m
     [33m[2m✓[22m[39m fails on a duplicate profile row [33m 424[2mms[22m[39m
     [33m[2m✓[22m[39m fails when the doc lockstep markers are missing [33m 463[2mms[22m[39m
     [33m[2m✓[22m[39m fails when the doc stops naming the canonical fixture path [33m 436[2mms[22m[39m
     [33m[2m✓[22m[39m fails when the fixture file is unreadable [33m 478[2mms[22m[39m
 [32m✓[39m tests/contracts/injected-listing-drift.test.ts [2m([22m[2m13 tests[22m[2m)[22m[33m 7391[2mms[22m[39m
     [33m[2m✓[22m[39m control: the unmodified tree passes [33m 575[2mms[22m[39m
     [33m[2m✓[22m[39m fails when the bundled module drifts from the fixture [33m 791[2mms[22m[39m
     [33m[2m✓[22m[39m fails when the bundled module stops being a parseable listing literal [33m 459[2mms[22m[39m
     [33m[2m✓[22m[39m fails when a listing price changes in the fixture but not in the doc table [33m 648[2mms[22m[39m
     [33m[2m✓[22m[39m fails when a credits-only listing gains a dormant money price [33m 586[2mms[22m[39m
     [33m[2m✓[22m[39m fails when a credits listing loses its credit price [33m 839[2mms[22m[39m
     [33m[2m✓[22m[39m fails when a listed price is not positive [33m 458[2mms[22m[39m
     [33m[2m✓[22m[39m fails when a price mode stops being covered [33m 640[2mms[22m[39m
     [33m[2m✓[22m[39m fails on a duplicate listing id [33m 646[2mms[22m[39m
     [33m[2m✓[22m[39m fails when a live price id is committed [33m 434[2mms[22m[39m
     [33m[2m✓[22m[39m fails when the listing set claims live mode [33m 396[2mms[22m[39m
     [33m[2m✓[22m[39m fails when the doc lockstep markers are missing [33m 326[2mms[22m[39m
     [33m[2m✓[22m[39m fails when the doc stops naming the canonical fixture path [33m 585[2mms[22m[39m
 [32m✓[39m tests/desktop/desktop-windows-packaging.test.ts [2m([22m[2m9 tests[22m[2m)[22m[33m 351[2mms[22m[39m
 [32m✓[39m tests/e2e/desktop-transform-golden.test.ts [2m([22m[2m3 tests[22m[2m)[22m[33m 753[2mms[22m[39m
     [33m[2m✓[22m[39m makes viewport-style deltas and numeric entry share one command result [33m 521[2mms[22m[39m
 [32m✓[39m tests/e2e/full-editor-transactions-golden.test.ts [2m([22m[2m4 tests[22m[2m)[22m[32m 49[2mms[22m[39m
 [32m✓[39m tests/e2e/desktop-asset-import-order-golden.test.ts [2m([22m[2m4 tests[22m[2m)[22m[33m 2204[2mms[22m[39m
     [33m[2m✓[22m[39m imports aaa-sorts-first.gltf and Play still composes [33m 784[2mms[22m[39m
     [33m[2m✓[22m[39m imports zzz-sorts-last.gltf and Play still composes [33m 330[2mms[22m[39m
     [33m[2m✓[22m[39m hot reloads a model that sorts first and Play still composes [33m 453[2mms[22m[39m
     [33m[2m✓[22m[39m imports after transform edits and after a second import that sorts first [33m 635[2mms[22m[39m
 [32m✓[39m tests/docs/capability-matrix-audit.test.ts [2m([22m[2m4 tests[22m[2m)[22m[32m 23[2mms[22m[39m
 [32m✓[39m tests/e2e/desktop-package-golden.test.ts [2m([22m[2m2 tests[22m[2m)[22m[32m 247[2mms[22m[39m
 [32m✓[39m packages/schemas/test/input-action-registry.test.ts [2m([22m[2m46 tests[22m[2m)[22m[32m 93[2mms[22m[39m
 [32m✓[39m tests/e2e/desktop-chrome-frame-command-interactions-golden.test.ts [2m([22m[2m7 tests[22m[2m)[22m[33m 4115[2mms[22m[39m
     [33m[2m✓[22m[39m closes an open menu when focus leaves it by keyboard [33m 746[2mms[22m[39m
     [33m[2m✓[22m[39m keeps a menu within its root and closes after the trigger loses focus [33m 316[2mms[22m[39m
     [33m[2m✓[22m[39m closes an open menu when the click lands outside it [33m 603[2mms[22m[39m
     [33m[2m✓[22m[39m returns focus to the menu trigger when Escape closes the menu [33m 1097[2mms[22m[39m
     [33m[2m✓[22m[39m returns focus to the menu trigger when a menu item is invoked [33m 736[2mms[22m[39m
     [33m[2m✓[22m[39m moves between menu items with the arrow keys its role advertises [33m 399[2mms[22m[39m
 [32m✓[39m tests/e2e/profile-web-golden-path.test.ts [2m([22m[2m1 test[22m[2m)[22m[32m 45[2mms[22m[39m
 [32m✓[39m tests/e2e/desktop-capability-matrix-audit.test.ts [2m([22m[2m2 tests[22m[2m)[22m[32m 44[2mms[22m[39m
 [32m✓[39m tests/e2e/desktop-extension-seams-golden.test.ts [2m([22m[2m2 tests[22m[2m)[22m[32m 224[2mms[22m[39m
 [32m✓[39m tests/publish/injected-publish-violations.test.ts [2m([22m[2m53 tests[22m[2m)[22m[33m 32217[2mms[22m[39m
     [33m[2m✓[22m[39m control: the unmodified tree passes [33m 556[2mms[22m[39m
     [33m[2m✓[22m[39m refuses replacing the deterministic Rapier build or changing its replay pin [33m 320[2mms[22m[39m
     [33m[2m✓[22m[39m fails when a package stops being private [33m 321[2mms[22m[39m
     [33m[2m✓[22m[39m covers a workspace tier that pnpm-workspace.yaml grows [33m 354[2mms[22m[39m
     [33m[2m✓[22m[39m refuses a workspace glob whose depth it does not read [33m 775[2mms[22m[39m
     [33m[2m✓[22m[39m refuses a workspace tier that is a file rather than a directory [33m 705[2mms[22m[39m
     [33m[2m✓[22m[39m fails when workspace membership cannot be derived [33m 468[2mms[22m[39m
     [33m[2m✓[22m[39m fails when the repository root manifest stops being private [33m 345[2mms[22m[39m
     [33m[2m✓[22m[39m fails when the repository root manifest grows a publish lifecycle hook [33m 700[2mms[22m[39m
     [33m[2m✓[22m[39m fails when the repository root manifest leaves the workspace protocol [33m 597[2mms[22m[39m
     [33m[2m✓[22m[39m fails when a manifest drops a required hygiene field [33m 617[2mms[22m[39m
     [33m[2m✓[22m[39m fails with a structured refusal when a workspace manifest is unreadable [33m 779[2mms[22m[39m
     [33m[2m✓[22m[39m fails when a package drifts off the pinned version plan [33m 617[2mms[22m[39m
     [33m[2m✓[22m[39m fails when an exports target points at a file that does not exist [33m 584[2mms[22m[39m
     [33m[2m✓[22m[39m fails when an exports target is a symlink rather than a real file [33m 639[2mms[22m[39m
     [33m[2m✓[22m[39m fails when an exports target reaches outside the package through a symlinked directory [33m 981[2mms[22m[39m
     [33m[2m✓[22m[39m fails when an exports subpath is a pattern rather than an explicit target [33m 812[2mms[22m[39m
     [33m[2m✓[22m[39m fails when a files entry does not exist [33m 1087[2mms[22m[39m
     [33m[2m✓[22m[39m fails when a files glob has no directory it could match inside [33m 564[2mms[22m[39m
     [33m[2m✓[22m[39m fails when an internal dependency leaves the workspace protocol [33m 626[2mms[22m[39m
     [33m[2m✓[22m[39m fails when an internal dependency hides in optionalDependencies [33m 552[2mms[22m[39m
     [33m[2m✓[22m[39m fails when a site borrows the desktop tier's link: into apps/ [33m 897[2mms[22m[39m
     [33m[2m✓[22m[39m fails when a package grows a publish lifecycle hook [33m 453[2mms[22m[39m
     [33m[2m✓[22m[39m fails when a package grows a prepare hook [33m 381[2mms[22m[39m
     [33m[2m✓[22m[39m fails when a package declares publishConfig [33m 516[2mms[22m[39m
     [33m[2m✓[22m[39m fails when a root script could run a registry publish [33m 724[2mms[22m[39m
     [33m[2m✓[22m[39m fails when a root script hides the publish verb behind a flag value [33m 766[2mms[22m[39m
     [33m[2m✓[22m[39m fails when a CI workflow could run a registry publish [33m 625[2mms[22m[39m
     [33m[2m✓[22m[39m fails when a CI workflow uses the recursive publish form [33m 931[2mms[22m[39m
     [33m[2m✓[22m[39m fails when a CI workflow wraps the publish across a line continuation [33m 686[2mms[22m[39m
     [33m[2m✓[22m[39m fails when the SDK output directories stop being git-ignored [33m 660[2mms[22m[39m
     [33m[2m✓[22m[39m fails when the site SDK output directory stops being git-ignored [33m 495[2mms[22m[39m
     [33m[2m✓[22m[39m fails when an SDK build is pointed at a directory that is not git-ignored [33m 402[2mms[22m[39m
     [33m[2m✓[22m[39m fails when an SDK build is pointed at the repository root [33m 765[2mms[22m[39m
     [33m[2m✓[22m[39m fails when an SDK output is covered only by a root-anchored .gitignore pattern [33m 549[2mms[22m[39m
     [33m[2m✓[22m[39m fails when no SDK build invocation is left to derive an output directory from [33m 828[2mms[22m[39m
     [33m[2m✓[22m[39m keeps reporting structural failures when a required doc is deleted [33m 706[2mms[22m[39m
     [33m[2m✓[22m[39m fails when a profile manifest pin and its seam pin disagree [33m 662[2mms[22m[39m
     [33m[2m✓[22m[39m fails when a profile seam literal drifts from its manifest pin [33m 622[2mms[22m[39m
     [33m[2m✓[22m[39m fails when an SDK package exports a file the archive does not ship [33m 596[2mms[22m[39m
     [33m[2m✓[22m[39m fails when a Kids file is pinned into the SDK archive list [33m 499[2mms[22m[39m
     [33m[2m✓[22m[39m fails when a documented consumer package does not ship in the SDK archive [33m 487[2mms[22m[39m
     [33m[2m✓[22m[39m fails when the consumer contract documents a package that does not exist [33m 443[2mms[22m[39m
     [33m[2m✓[22m[39m fails when a real export subpath is covered by no documented namespace [33m 610[2mms[22m[39m
     [33m[2m✓[22m[39m fails when a documented namespace matches no real export [33m 809[2mms[22m[39m
     [33m[2m✓[22m[39m fails when the documented root export is not the real one [33m 648[2mms[22m[39m
     [33m[2m✓[22m[39m fails when a workspace package is missing from the documented version plan [33m 360[2mms[22m[39m
     [33m[2m✓[22m[39m fails when the documented release group disagrees with the manifest [33m 436[2mms[22m[39m
     [33m[2m✓[22m[39m fails when the checklist claims a check the script does not implement [33m 515[2mms[22m[39m
     [33m[2m✓[22m[39m fails when an implemented check is dropped from the published checklist [33m 410[2mms[22m[39m
     [33m[2m✓[22m[39m fails closed when a required consumer doc is emptied [33m 447[2mms[22m[39m
     [33m[2m✓[22m[39m attributes a deleted doc to the check that doc backs [33m 623[2mms[22m[39m
     [33m[2m✓[22m[39m attributes a deleted consumer contract to the consumer-surface check [33m 664[2mms[22m[39m
 [32m✓[39m tests/contracts/injected-entitlement-drift.test.ts [2m([22m[2m10 tests[22m[2m)[22m[33m 8139[2mms[22m[39m
     [33m[2m✓[22m[39m control: the unmodified tree passes [33m 634[2mms[22m[39m
     [33m[2m✓[22m[39m fails when the matrix changes in the fixture but not in the doc table [33m 646[2mms[22m[39m
     [33m[2m✓[22m[39m fails when a free-path capability is made to require an account [33m 1820[2mms[22m[39m
     [33m[2m✓[22m[39m fails when a free-path capability is given a price [33m 663[2mms[22m[39m
     [33m[2m✓[22m[39m fails when a free-path capability is removed entirely [33m 1068[2mms[22m[39m
     [33m[2m✓[22m[39m fails when the starter grant moves off the captain-frozen 100 [33m 672[2mms[22m[39m
     [33m[2m✓[22m[39m fails on a duplicate capability id [33m 683[2mms[22m[39m
     [33m[2m✓[22m[39m fails when an entry differs from the exact closed matrix [33m 373[2mms[22m[39m
     [33m[2m✓[22m[39m fails when the doc lockstep markers are missing [33m 561[2mms[22m[39m
     [33m[2m✓[22m[39m fails when the doc stops naming the canonical fixture path [33m 1017[2mms[22m[39m
 [32m✓[39m apps/desktop-shell/test/protocol-client.test.ts [2m([22m[2m4 tests[22m[2m)[22m[32m 76[2mms[22m[39m
 [32m✓[39m tests/desktop/desktop-opencode-live-transport.test.ts [2m([22m[2m3 tests[22m[2m)[22m[32m 94[2mms[22m[39m
 [32m✓[39m tests/e2e/desktop-play-session-golden.test.ts [2m([22m[2m2 tests[22m[2m)[22m[33m 636[2mms[22m[39m
     [33m[2m✓[22m[39m creates a distinct clone, inspects it from every client, and leaves saved bytes untouched [33m 518[2mms[22m[39m
 [32m✓[39m tests/docs/module-coverage.test.ts [2m([22m[2m3 tests[22m[2m)[22m[32m 33[2mms[22m[39m
 [32m✓[39m tests/e2e/desktop-chrome-inspector-product-loop-golden.test.ts [2m([22m[2m1 test[22m[2m)[22m[33m 1840[2mms[22m[39m
     [33m[2m✓[22m[39m keeps the property panel on the staged then saved value without reopening or reselecting [33m 1836[2mms[22m[39m
 [32m✓[39m tests/e2e/rarity-engine-golden.test.ts [2m([22m[2m1 test[22m[2m)[22m[32m 34[2mms[22m[39m
 [32m✓[39m tests/e2e/desktop-workspace-layout-golden.test.ts [2m([22m[2m2 tests[22m[2m)[22m[33m 420[2mms[22m[39m
     [33m[2m✓[22m[39m persists a layout outside the Scene Document and resets it [33m 396[2mms[22m[39m
 [32m✓[39m tests/e2e/desktop-chrome-tree-product-loop-golden.test.ts [2m([22m[2m2 tests[22m[2m)[22m[33m 2020[2mms[22m[39m
     [33m[2m✓[22m[39m keeps click and keyboard multi-selection in canonical hierarchy order [33m 577[2mms[22m[39m
     [33m[2m✓[22m[39m renders object identity and current parentage after reparent and reopen [33m 1438[2mms[22m[39m
 [32m✓[39m apps/desktop-shell/test/visual-model-assistant.test.ts [2m([22m[2m6 tests[22m[2m)[22m[32m 10[2mms[22m[39m
 [32m✓[39m apps/desktop-shell/test/visual-model.test.ts [2m([22m[2m28 tests[22m[2m)[22m[32m 84[2mms[22m[39m
 [32m✓[39m packages/billing/test/metering.test.ts [2m([22m[2m17 tests[22m[2m)[22m[32m 130[2mms[22m[39m
 [32m✓[39m packages/authoring-core/test/scene-composition.test.ts [2m([22m[2m16 tests[22m[2m)[22m[33m 345[2mms[22m[39m
 [32m✓[39m packages/schemas/test/billing.test.ts [2m([22m[2m35 tests[22m[2m)[22m[32m 45[2mms[22m[39m
 [32m✓[39m packages/authoring-core/test/sculpt-reconstruction.test.ts [2m([22m[2m15 tests[22m[2m)[22m[32m 166[2mms[22m[39m
 [32m✓[39m packages/billing/test/store-boundary.test.ts [2m([22m[2m16 tests[22m[2m)[22m[32m 34[2mms[22m[39m
 [32m✓[39m tests/e2e/desktop-chrome-dock-control-inventory-golden.test.ts [2m([22m[2m1 test[22m[2m)[22m[33m 784[2mms[22m[39m
     [33m[2m✓[22m[39m loads Timeline evidence through the desktop command and keeps controls typed [33m 783[2mms[22m[39m
 [32m✓[39m packages/cli/test/project-lifecycle.test.ts [2m([22m[2m26 tests[22m[2m)[22m[32m 195[2mms[22m[39m
 [32m✓[39m tests/e2e/desktop-chrome-palette-command-interactions-golden.test.ts [2m([22m[2m3 tests[22m[2m)[22m[33m 1223[2mms[22m[39m
     [33m[2m✓[22m[39m opens the palette with Ctrl/Cmd+K even from text entry [33m 830[2mms[22m[39m
 [32m✓[39m packages/billing/test/ledger.test.ts [2m([22m[2m33 tests[22m[2m)[22m[32m 37[2mms[22m[39m
 [32m✓[39m packages/billing/test/entitlements.test.ts [2m([22m[2m26 tests[22m[2m)[22m[32m 29[2mms[22m[39m
 [32m✓[39m packages/schemas/test/plugin-capability-registry.test.ts [2m([22m[2m13 tests[22m[2m)[22m[32m 67[2mms[22m[39m
 [32m✓[39m packages/site-kit/test/change-review.test.ts [2m([22m[2m26 tests[22m[2m)[22m[32m 75[2mms[22m[39m
 [32m✓[39m packages/schemas/test/open-path-policy.test.ts [2m([22m[2m28 tests[22m[2m)[22m[32m 31[2mms[22m[39m
 [32m✓[39m packages/site-kit/test/ports.test.ts [2m([22m[2m41 tests[22m[2m)[22m[32m 26[2mms[22m[39m
 [32m✓[39m packages/schemas/test/desktop-local-bridge.test.ts [2m([22m[2m3 tests[22m[2m)[22m[32m 55[2mms[22m[39m
 [32m✓[39m tests/sites/kids-surface.test.ts [2m([22m[2m10 tests[22m[2m)[22m[32m 41[2mms[22m[39m
 [32m✓[39m packages/engine-kernel/test/browser-open-play.test.ts [2m([22m[2m10 tests[22m[2m)[22m[33m 439[2mms[22m[39m
 [32m✓[39m tests/e2e/physics-rapier-golden.test.ts [2m([22m[2m1 test[22m[2m)[22m[33m 7419[2mms[22m[39m
     [33m[2m✓[22m[39m replays byte-identical state and digest in three fresh processes [33m 7417[2mms[22m[39m
 [32m✓[39m packages/site-kit/test/editor-shell.test.ts [2m([22m[2m26 tests[22m[2m)[22m[33m 2821[2mms[22m[39m
     [33m[2m✓[22m[39m every refusal in the closed registry is reachable [33m 338[2mms[22m[39m
     [33m[2m✓[22m[39m the objects field is bounded by the state parser's own clamp [33m 511[2mms[22m[39m
(node:2445569) ExperimentalWarning: Transform Types is an experimental feature and might change at any time
(Use `node --trace-warnings ...` to show where the warning was created)
[90mstderr[2m | apps/web-shell/test/inspector-accessibility.test.ts[2m > [22m[2minspector accessible protocol feedback[2m > [22m[2mdescribes unavailable review actions and keeps native no-activation behavior
[22m[39m
Warning! Happy DOM has JavaScript evaluation enabled and is running in an insecure environment.

A VM Context is not an isolated environment, and if you run untrusted code you are at risk of RCE (Remote Code Execution) attacks. The attacker can escape the VM and run code at process level.

It is recommended to disable code generation and freeze all builtins at process level by running node with the flags "--disallow-code-generation-from-strings" and "--frozen-intrinsics". You can suppress this warning by setting "suppressInsecureJavaScriptEnvironmentWarning" to "true" at your own risk.

For more information, see https://github.com/capricorn86/happy-dom/wiki/JavaScript-Evaluation-Warning



[90mstderr[2m | apps/web-shell/test/inspector-accessibility.test.ts[2m > [22m[2minspector accessible protocol feedback[2m > [22m[2mmarks malformed JSON invalid, focuses the field, clears the error on edit, and never sends it
[22m[39m
Warning! Happy DOM has JavaScript evaluation enabled and is running in an insecure environment.

A VM Context is not an isolated environment, and if you run untrusted code you are at risk of RCE (Remote Code Execution) attacks. The attacker can escape the VM and run code at process level.

It is recommended to disable code generation and freeze all builtins at process level by running node with the flags "--disallow-code-generation-from-strings" and "--frozen-intrinsics". You can suppress this warning by setting "suppressInsecureJavaScriptEnvironmentWarning" to "true" at your own risk.

For more information, see https://github.com/capricorn86/happy-dom/wiki/JavaScript-Evaluation-Warning



 [32m✓[39m packages/site-kit/test/web-editor.test.ts [2m([22m[2m27 tests[22m[2m)[22m[33m 542[2mms[22m[39m
[90mstderr[2m | apps/web-shell/test/inspector-accessibility.test.ts[2m > [22m[2minspector accessible protocol feedback[2m > [22m[2mannounces review/rejection without a write and returns focus to the remaining action
[22m[39m
Warning! Happy DOM has JavaScript evaluation enabled and is running in an insecure environment.

A VM Context is not an isolated environment, and if you run untrusted code you are at risk of RCE (Remote Code Execution) attacks. The attacker can escape the VM and run code at process level.

It is recommended to disable code generation and freeze all builtins at process level by running node with the flags "--disallow-code-generation-from-strings" and "--frozen-intrinsics". You can suppress this warning by setting "suppressInsecureJavaScriptEnvironmentWarning" to "true" at your own risk.

For more information, see https://github.com/capricorn86/happy-dom/wiki/JavaScript-Evaluation-Warning



[90mstderr[2m | apps/web-shell/test/inspector-accessibility.test.ts[2m > [22m[2minspector accessible protocol feedback[2m > [22m[2minvalidates a replaced review, exposes explicit reconciliation, and does not accept unseen diff
[22m[39m
Warning! Happy DOM has JavaScript evaluation enabled and is running in an insecure environment.

A VM Context is not an isolated environment, and if you run untrusted code you are at risk of RCE (Remote Code Execution) attacks. The attacker can escape the VM and run code at process level.

It is recommended to disable code generation and freeze all builtins at process level by running node with the flags "--disallow-code-generation-from-strings" and "--frozen-intrinsics". You can suppress this warning by setting "suppressInsecureJavaScriptEnvironmentWarning" to "true" at your own risk.

For more information, see https://github.com/capricorn86/happy-dom/wiki/JavaScript-Evaluation-Warning



 [32m✓[39m packages/billing/test/live-mode.test.ts [2m([22m[2m18 tests[22m[2m)[22m[32m 62[2mms[22m[39m
[90mstderr[2m | apps/web-shell/test/inspector-accessibility.test.ts[2m > [22m[2minspector accessible protocol feedback[2m > [22m[2mshows busy state while a request is unresolved and never repeats a pending operation
[22m[39m
Warning! Happy DOM has JavaScript evaluation enabled and is running in an insecure environment.

A VM Context is not an isolated environment, and if you run untrusted code you are at risk of RCE (Remote Code Execution) attacks. The attacker can escape the VM and run code at process level.

It is recommended to disable code generation and freeze all builtins at process level by running node with the flags "--disallow-code-generation-from-strings" and "--frozen-intrinsics". You can suppress this warning by setting "suppressInsecureJavaScriptEnvironmentWarning" to "true" at your own risk.

For more information, see https://github.com/capricorn86/happy-dom/wiki/JavaScript-Evaluation-Warning



[90mstderr[2m | apps/web-shell/test/inspector-accessibility.test.ts[2m > [22m[2minspector accessible protocol feedback[2m > [22m[2mexplains durable pending recovery without claiming rollback or successful apply
[22m[39m
Warning! Happy DOM has JavaScript evaluation enabled and is running in an insecure environment.

A VM Context is not an isolated environment, and if you run untrusted code you are at risk of RCE (Remote Code Execution) attacks. The attacker can escape the VM and run code at process level.

It is recommended to disable code generation and freeze all builtins at process level by running node with the flags "--disallow-code-generation-from-strings" and "--frozen-intrinsics". You can suppress this warning by setting "suppressInsecureJavaScriptEnvironmentWarning" to "true" at your own risk.

For more information, see https://github.com/capricorn86/happy-dom/wiki/JavaScript-Evaluation-Warning



[90mstderr[2m | apps/web-shell/test/inspector-accessibility.test.ts[2m > [22m[2minspector accessible protocol feedback[2m > [22m[2mkeeps long genuine refusal text safe and recoverable without inventing success
[22m[39m
Warning! Happy DOM has JavaScript evaluation enabled and is running in an insecure environment.

A VM Context is not an isolated environment, and if you run untrusted code you are at risk of RCE (Remote Code Execution) attacks. The attacker can escape the VM and run code at process level.

It is recommended to disable code generation and freeze all builtins at process level by running node with the flags "--disallow-code-generation-from-strings" and "--frozen-intrinsics". You can suppress this warning by setting "suppressInsecureJavaScriptEnvironmentWarning" to "true" at your own risk.

For more information, see https://github.com/capricorn86/happy-dom/wiki/JavaScript-Evaluation-Warning



[90mstderr[2m | apps/web-shell/test/inspector-accessibility.test.ts[2m > [22m[2minspector accessible protocol feedback[2m > [22m[2mdoes not steal focus from a field chosen while the response is pending
[22m[39m
Warning! Happy DOM has JavaScript evaluation enabled and is running in an insecure environment.

A VM Context is not an isolated environment, and if you run untrusted code you are at risk of RCE (Remote Code Execution) attacks. The attacker can escape the VM and run code at process level.

It is recommended to disable code generation and freeze all builtins at process level by running node with the flags "--disallow-code-generation-from-strings" and "--frozen-intrinsics". You can suppress this warning by setting "suppressInsecureJavaScriptEnvironmentWarning" to "true" at your own risk.

For more information, see https://github.com/capricorn86/happy-dom/wiki/JavaScript-Evaluation-Warning



[90mstderr[2m | apps/web-shell/test/inspector-accessibility.test.ts[2m > [22m[2minspector accessible protocol feedback[2m > [22m[2mrecovers a lost acceptance response by reading state, never resending the write
[22m[39m
Warning! Happy DOM has JavaScript evaluation enabled and is running in an insecure environment.

A VM Context is not an isolated environment, and if you run untrusted code you are at risk of RCE (Remote Code Execution) attacks. The attacker can escape the VM and run code at process level.

It is recommended to disable code generation and freeze all builtins at process level by running node with the flags "--disallow-code-generation-from-strings" and "--frozen-intrinsics". You can suppress this warning by setting "suppressInsecureJavaScriptEnvironmentWarning" to "true" at your own risk.

For more information, see https://github.com/capricorn86/happy-dom/wiki/JavaScript-Evaluation-Warning



 [32m✓[39m packages/billing/test/catalog-listings.test.ts [2m([22m[2m27 tests[22m[2m)[22m[32m 37[2mms[22m[39m
[90mstderr[2m | apps/web-shell/test/inspector-accessibility.test.ts[2m > [22m[2minspector accessible protocol feedback[2m > [22m[2mhandles aborted and non-JSON responses without claiming rejection or writing
[22m[39m
Warning! Happy DOM has JavaScript evaluation enabled and is running in an insecure environment.

A VM Context is not an isolated environment, and if you run untrusted code you are at risk of RCE (Remote Code Execution) attacks. The attacker can escape the VM and run code at process level.

It is recommended to disable code generation and freeze all builtins at process level by running node with the flags "--disallow-code-generation-from-strings" and "--frozen-intrinsics". You can suppress this warning by setting "suppressInsecureJavaScriptEnvironmentWarning" to "true" at your own risk.

For more information, see https://github.com/capricorn86/happy-dom/wiki/JavaScript-Evaluation-Warning



[90mstderr[2m | apps/web-shell/test/inspector-accessibility.test.ts[2m > [22m[2minspector accessible protocol feedback[2m > [22m[2mhandles aborted and non-JSON responses without claiming rejection or writing
[22m[39m
Warning! Happy DOM has JavaScript evaluation enabled and is running in an insecure environment.

A VM Context is not an isolated environment, and if you run untrusted code you are at risk of RCE (Remote Code Execution) attacks. The attacker can escape the VM and run code at process level.

It is recommended to disable code generation and freeze all builtins at process level by running node with the flags "--disallow-code-generation-from-strings" and "--frozen-intrinsics". You can suppress this warning by setting "suppressInsecureJavaScriptEnvironmentWarning" to "true" at your own risk.

For more information, see https://github.com/capricorn86/happy-dom/wiki/JavaScript-Evaluation-Warning



 [32m✓[39m apps/web-shell/test/inspector-accessibility.test.ts [2m([22m[2m12 tests[22m[2m)[22m[33m 475[2mms[22m[39m
 [32m✓[39m desktop/linux/test/scene-animation-mutation-consumer.test.ts [2m([22m[2m2 tests[22m[2m)[22m[33m 2953[2mms[22m[39m
     [33m[2m✓[22m[39m public desktop consumer refuses malformed fields with zero partial apply/accessor hooks [33m 2867[2mms[22m[39m
 [32m✓[39m packages/schemas/test/plugin-capability-sculpt-intake.test.ts [2m([22m[2m12 tests[22m[2m)[22m[32m 23[2mms[22m[39m
 [32m✓[39m packages/engine-orchestrator/test/open-path.test.ts [2m([22m[2m11 tests[22m[2m)[22m[32m 175[2mms[22m[39m
 [32m✓[39m desktop/linux/test/native-assistant-scene-compat.test.ts [2m([22m[2m14 tests[22m[2m)[22m[33m 3198[2mms[22m[39m
     [33m[2m✓[22m[39m runs create/rename through real E1 review, accept and fresh bridge reopen [33m 1480[2mms[22m[39m
     [33m[2m✓[22m[39m preserves node kind/name through rename, legacy reparent, transform edits and reopen [33m 760[2mms[22m[39m
 [32m✓[39m tests/sites/desktop-offer-lockstep.test.ts [2m([22m[2m13 tests[22m[2m)[22m[32m 29[2mms[22m[39m
(node:2445569) ExperimentalWarning: Transform Types is an experimental feature and might change at any time
(Use `node --trace-warnings ...` to show where the warning was created)
 [32m✓[39m packages/billing/test/hosted-response.test.ts [2m([22m[2m24 tests[22m[2m)[22m[33m 594[2mms[22m[39m
     [33m[2m✓[22m[39m fresh process decodes exact persisted JSON using current source and cleans its disposable file [33m 443[2mms[22m[39m
 [32m✓[39m tests/parity/open-path-policy-parity.test.ts [2m([22m[2m11 tests[22m[2m)[22m[32m 65[2mms[22m[39m
 [31m❯[39m desktop/linux/test/viewport-input-actions.test.ts [2m([22m[2m5 tests[22m[2m | [22m[31m1 failed[39m[2m)[22m[32m 33[2mms[22m[39m
     [32m✓[39m publishes a consumable Play input event with the action state[32m 6[2mms[22m[39m
     [32m✓[39m polls injected gamepads only in Play and reports button press and release[32m 7[2mms[22m[39m
     [32m✓[39m releases held actions when Play context ends without polling[32m 2[2mms[22m[39m
     [32m✓[39m applies the binding deadzone to axis polling[32m 7[2mms[22m[39m
[31m     [31m×[31m drives pointer and wheel controls only through the effective shared map[39m[32m 9[2mms[22m[39m
(node:2445569) ExperimentalWarning: Transform Types is an experimental feature and might change at any time
(Use `node --trace-warnings ...` to show where the warning was created)
 [32m✓[39m packages/schemas/test/scene-transform-v2.test.ts [2m([22m[2m26 tests[22m[2m)[22m[32m 114[2mms[22m[39m
 [32m✓[39m tests/sdk/engine-sdk.test.ts [2m([22m[2m28 tests[22m[2m)[22m[33m 1840[2mms[22m[39m
 [32m✓[39m packages/schemas/test/editor-command-registry.test.ts [2m([22m[2m5 tests[22m[2m)[22m[32m 83[2mms[22m[39m
 [32m✓[39m packages/schemas/test/identity.test.ts [2m([22m[2m27 tests[22m[2m)[22m[32m 39[2mms[22m[39m
 [32m✓[39m desktop/linux/test/audio-lifecycle-compat.test.ts [2m([22m[2m10 tests[22m[2m)[22m[32m 199[2mms[22m[39m
(node:2445569) ExperimentalWarning: Transform Types is an experimental feature and might change at any time
(Use `node --trace-warnings ...` to show where the warning was created)
 [32m✓[39m desktop/linux/test/scene-materials-mutation-consumer.test.ts [2m([22m[2m2 tests[22m[2m)[22m[33m 1936[2mms[22m[39m
     [33m[2m✓[22m[39m public desktop consumer refuses malformed fields with zero partial apply/accessor hooks [33m 1781[2mms[22m[39m
 [32m✓[39m packages/schemas/test/desktop-scene-physics.test.ts [2m([22m[2m14 tests[22m[2m)[22m[32m 68[2mms[22m[39m
(node:2445569) ExperimentalWarning: Transform Types is an experimental feature and might change at any time
(Use `node --trace-warnings ...` to show where the warning was created)
 [32m✓[39m desktop/linux/test/legacy-input-map.test.ts [2m([22m[2m5 tests[22m[2m)[22m[32m 96[2mms[22m[39m
 [32m✓[39m desktop/linux/test/scene-physics-mutation-consumer.test.ts [2m([22m[2m2 tests[22m[2m)[22m[33m 3564[2mms[22m[39m
     [33m[2m✓[22m[39m public desktop consumer refuses malformed fields with zero partial apply/accessor hooks [33m 3505[2mms[22m[39m
 [32m✓[39m desktop/linux/test/production-hardening.test.ts [2m([22m[2m13 tests[22m[2m)[22m[32m 172[2mms[22m[39m
 [32m✓[39m packages/site-kit/test/design-tokens.test.ts [2m([22m[2m46 tests[22m[2m)[22m[32m 108[2mms[22m[39m
(node:2445569) ExperimentalWarning: Transform Types is an experimental feature and might change at any time
(Use `node --trace-warnings ...` to show where the warning was created)
 [32m✓[39m tests/parity/shell-cli-parity.test.ts [2m([22m[2m6 tests[22m[2m)[22m[32m 169[2mms[22m[39m
 [32m✓[39m packages/cli/test/project-propose-apply.test.ts [2m([22m[2m10 tests[22m[2m)[22m[32m 90[2mms[22m[39m
 [32m✓[39m packages/engine-kernel/test/scene-session.test.ts [2m([22m[2m9 tests[22m[2m)[22m[32m 176[2mms[22m[39m
 [32m✓[39m packages/engine-presentation/test/scene-runtime-v2.test.ts [2m([22m[2m11 tests[22m[2m)[22m[33m 965[2mms[22m[39m
     [33m[2m✓[22m[39m opens, advances, saves/reopens/replays and presents without decomposing shear [33m 387[2mms[22m[39m
 [31m❯[39m packages/importers/test/asset-preparation-bounds.test.ts [2m([22m[2m12 tests[22m[2m | [22m[31m1 failed[39m[2m)[22m[33m 10228[2mms[22m[39m
     [32m✓[39m rejects invalid route input and accessors before Worker allocation or getter execution[32m 20[2mms[22m[39m
[31m     [31m×[31m prepares actual maximum bytes without blocking main heartbeat or changing canonical evidence[39m[33m 2047[2mms[22m[39m
     [32m✓[39m acknowledges cancellation after real worker exit and fences all late publication[32m 72[2mms[22m[39m
     [33m[2m✓[22m[39m cancels during streamed publication and cannot publish a late successful proposal [33m 1869[2mms[22m[39m
     [32m✓[39m refuses concurrent preparation and releases the slot only after terminal cleanup[32m 84[2mms[22m[39m
     [32m✓[39m enforces the existing four-second preparation deadline, including a stalled worker[32m 49[2mms[22m[39m
     [33m[2m✓[22m[39m rechecks document authority before publishing a worker result [33m 1137[2mms[22m[39m
     [33m[2m✓[22m[39m rechecks original source digest before publishing a worker result [33m 1076[2mms[22m[39m
     [33m[2m✓[22m[39m refuses a source swapped to a symlink while the worker was preparing [33m 1574[2mms[22m[39m
     [32m✓[39m denies Kids before creating a worker or reading asset bytes[32m 9[2mms[22m[39m
     [32m✓[39m refuses worker startup failure, retires resources and releases the single slot[32m 115[2mms[22m[39m
     [33m[2m✓[22m[39m retains next-byte and source-symlink named refusals without mutations [33m 2164[2mms[22m[39m
 [32m✓[39m packages/engine-orchestrator/test/refuse-matrix.test.ts [2m([22m[2m18 tests[22m[2m)[22m[32m 31[2mms[22m[39m
 [32m✓[39m tests/parity/editor-shell-parity.test.ts [2m([22m[2m12 tests[22m[2m)[22m[33m 375[2mms[22m[39m
 [32m✓[39m packages/profile-kids/test/activity.test.ts [2m([22m[2m13 tests[22m[2m)[22m[32m 80[2mms[22m[39m
 [32m✓[39m packages/cli/test/held-keys.refusal-table.test.ts [2m([22m[2m26 tests[22m[2m)[22m[32m 115[2mms[22m[39m
 [32m✓[39m tests/sites/web-experience-editor.test.ts [2m([22m[2m11 tests[22m[2m)[22m[32m 35[2mms[22m[39m
 [32m✓[39m packages/site-kit/test/catalog.test.ts [2m([22m[2m19 tests[22m[2m)[22m[32m 92[2mms[22m[39m
 [32m✓[39m packages/schemas/test/legacy-import-compat.test.ts [2m([22m[2m6 tests[22m[2m)[22m[33m 4745[2mms[22m[39m
   [33m[2m✓[22m[39m keeps the transpiled browser root graph entirely outside Node-only modules [33m 2555[2mms[22m[39m
   [33m[2m✓[22m[39m compiles the original public root consumer signatures without emitting files [33m 1778[2mms[22m[39m
 [32m✓[39m desktop/macos/test/seam.test.ts [2m([22m[2m7 tests[22m[2m)[22m[33m 575[2mms[22m[39m
 [32m✓[39m packages/site-kit/test/access-states.test.ts [2m([22m[2m14 tests[22m[2m)[22m[32m 56[2mms[22m[39m
 [32m✓[39m apps/web-shell/test/refuse-matrix.test.ts [2m([22m[2m18 tests[22m[2m)[22m[32m 91[2mms[22m[39m
 [32m✓[39m packages/engine-kernel/test/session.test.ts [2m([22m[2m13 tests[22m[2m)[22m[32m 68[2mms[22m[39m
 [32m✓[39m packages/cli/test/registry-verbs.test.ts [2m([22m[2m13 tests[22m[2m)[22m[32m 54[2mms[22m[39m
 [32m✓[39m packages/importers/test/document-import.test.ts [2m([22m[2m10 tests[22m[2m)[22m[33m 1750[2mms[22m[39m
   [33m[2m✓[22m[39m AP-04 admits exact byte/value ceilings and refuses the next unit [33m 1020[2mms[22m[39m
 [32m✓[39m packages/site-kit/test/entitlement.test.ts [2m([22m[2m24 tests[22m[2m)[22m[32m 29[2mms[22m[39m
 [32m✓[39m packages/engine-presentation/test/audio-playback.test.ts [2m([22m[2m7 tests[22m[2m)[22m[32m 25[2mms[22m[39m
 [32m✓[39m packages/cli/test/desktop-bridge.test.ts [2m([22m[2m6 tests[22m[2m)[22m[32m 111[2mms[22m[39m
 [32m✓[39m packages/engine-presentation/test/production-hardening.test.ts [2m([22m[2m9 tests[22m[2m)[22m[32m 52[2mms[22m[39m
 [32m✓[39m packages/importers/test/legacy-asset-v1.test.ts [2m([22m[2m4 tests[22m[2m)[22m[33m 356[2mms[22m[39m
 [32m✓[39m tests/sites/umbrella-profile-matrix.test.ts [2m([22m[2m17 tests[22m[2m)[22m[32m 35[2mms[22m[39m
 [32m✓[39m packages/site-kit/test/web-experience-editor.test.ts [2m([22m[2m15 tests[22m[2m)[22m[32m 30[2mms[22m[39m
 [32m✓[39m tests/sites/billing-final-acceptance.test.ts [2m([22m[2m14 tests[22m[2m)[22m[32m 79[2mms[22m[39m
 [32m✓[39m packages/cli/test/held-keys.generator.test.ts [2m([22m[2m17 tests[22m[2m)[22m[32m 34[2mms[22m[39m
 [32m✓[39m packages/authoring-core/test/scene-transform-v2.test.ts [2m([22m[2m14 tests[22m[2m)[22m[33m 652[2mms[22m[39m
 [32m✓[39m packages/site-kit/test/desktop-app-offer.test.ts [2m([22m[2m13 tests[22m[2m)[22m[32m 37[2mms[22m[39m
 [32m✓[39m packages/site-kit/test/site-session.test.ts [2m([22m[2m15 tests[22m[2m)[22m[32m 21[2mms[22m[39m
 [32m✓[39m packages/engine-presentation/test/completion.test.ts [2m([22m[2m6 tests[22m[2m)[22m[32m 97[2mms[22m[39m
 [32m✓[39m packages/cli/test/scene-compose.test.ts [2m([22m[2m10 tests[22m[2m)[22m[33m 549[2mms[22m[39m
 [32m✓[39m packages/schemas/test/credits.test.ts [2m([22m[2m15 tests[22m[2m)[22m[32m 22[2mms[22m[39m
 [32m✓[39m tests/sites/umbrella-login-flow.test.ts [2m([22m[2m15 tests[22m[2m)[22m[32m 25[2mms[22m[39m
 [32m✓[39m apps/web-shell/test/bin-smoke.test.ts [2m([22m[2m9 tests[22m[2m)[22m[33m 3584[2mms[22m[39m
     [33m[2m✓[22m[39m starts and prints usage [33m 522[2mms[22m[39m
     [33m[2m✓[22m[39m refuses a non-loopback bind with a usage exit rather than serving it [33m 366[2mms[22m[39m
     [33m[2m✓[22m[39m refuses an unknown flag [33m 374[2mms[22m[39m
     [33m[2m✓[22m[39m serves the inspector page and its state on a real socket [33m 649[2mms[22m[39m
     [33m[2m✓[22m[39m drives the default fixture assistant turn against the started process [33m 419[2mms[22m[39m
     [33m[2m✓[22m[39m drives propose → rendered diff → accept against the started process [33m 401[2mms[22m[39m
     [33m[2m✓[22m[39m refuses an escaping document path from the served process [33m 511[2mms[22m[39m
     [33m[2m✓[22m[39m shuts down cleanly on SIGTERM [33m 313[2mms[22m[39m
 [32m✓[39m packages/authoring-core/test/assistant-sculpt.test.ts [2m([22m[2m6 tests[22m[2m)[22m[32m 27[2mms[22m[39m
 [32m✓[39m apps/web-shell/test/inspector.test.ts [2m([22m[2m7 tests[22m[2m)[22m[32m 55[2mms[22m[39m
 [32m✓[39m packages/auth/test/admin.test.ts [2m([22m[2m19 tests[22m[2m)[22m[32m 19[2mms[22m[39m
 [32m✓[39m tests/sites/credit-pack-purchase-ux.test.ts [2m([22m[2m9 tests[22m[2m)[22m[32m 26[2mms[22m[39m
 [32m✓[39m apps/web-shell/test/minimum-e2.test.ts [2m([22m[2m6 tests[22m[2m)[22m[32m 135[2mms[22m[39m
 [32m✓[39m tests/sites/umbrella-launch-marketing.test.ts [2m([22m[2m18 tests[22m[2m)[22m[32m 9[2mms[22m[39m
 [32m✓[39m packages/site-kit/test/login-plane.test.ts [2m([22m[2m9 tests[22m[2m)[22m[32m 14[2mms[22m[39m
 [32m✓[39m packages/site-kit/test/mountable-scene.test.ts [2m([22m[2m6 tests[22m[2m)[22m[32m 298[2mms[22m[39m
 [32m✓[39m packages/engine-presentation/test/sculpt-mount.test.ts [2m([22m[2m5 tests[22m[2m)[22m[32m 94[2mms[22m[39m
 [32m✓[39m packages/schemas/test/desktop-scene-physics-mutation.test.ts [2m([22m[2m21 tests[22m[2m)[22m[32m 46[2mms[22m[39m
 [32m✓[39m packages/schemas/test/desktop-scene-effects.test.ts [2m([22m[2m7 tests[22m[2m)[22m[32m 38[2mms[22m[39m
 [32m✓[39m packages/schemas/test/entitlements.test.ts [2m([22m[2m13 tests[22m[2m)[22m[32m 12[2mms[22m[39m
 [32m✓[39m packages/schemas/test/desktop-scene-environment-mutation.test.ts [2m([22m[2m16 tests[22m[2m)[22m[32m 67[2mms[22m[39m
 [32m✓[39m packages/site-kit/test/editor-state.test.ts [2m([22m[2m15 tests[22m[2m)[22m[32m 33[2mms[22m[39m
 [32m✓[39m packages/schemas/test/desktop-scene-environment.test.ts [2m([22m[2m6 tests[22m[2m)[22m[32m 15[2mms[22m[39m
 [32m✓[39m packages/site-kit/test/live-open.test.ts [2m([22m[2m11 tests[22m[2m)[22m[32m 144[2mms[22m[39m
 [32m✓[39m packages/schemas/test/desktop-scene-materials.test.ts [2m([22m[2m5 tests[22m[2m)[22m[32m 23[2mms[22m[39m
 [32m✓[39m packages/site-kit/test/site-config.test.ts [2m([22m[2m14 tests[22m[2m)[22m[32m 15[2mms[22m[39m
 [32m✓[39m packages/schemas/test/desktop-scene-effects-mutation.test.ts [2m([22m[2m16 tests[22m[2m)[22m[32m 26[2mms[22m[39m
 [32m✓[39m packages/schemas/test/desktop-scene-package.test.ts [2m([22m[2m5 tests[22m[2m)[22m[32m 14[2mms[22m[39m
 [32m✓[39m packages/schemas/test/desktop-scene-materials-mutation.test.ts [2m([22m[2m15 tests[22m[2m)[22m[32m 14[2mms[22m[39m
 [32m✓[39m packages/schemas/test/desktop-scene-animation-mutation.test.ts [2m([22m[2m21 tests[22m[2m)[22m[32m 36[2mms[22m[39m
 [32m✓[39m packages/schemas/test/desktop-scene-edit.test.ts [2m([22m[2m5 tests[22m[2m)[22m[32m 17[2mms[22m[39m
 [32m✓[39m packages/schemas/test/desktop-scene-animation.test.ts [2m([22m[2m4 tests[22m[2m)[22m[32m 18[2mms[22m[39m
 [32m✓[39m packages/engine-kernel/test/sculpt-session.test.ts [2m([22m[2m5 tests[22m[2m)[22m[32m 81[2mms[22m[39m
 [32m✓[39m packages/physics-rapier/test/production-hardening.test.ts [2m([22m[2m6 tests[22m[2m)[22m[33m 471[2mms[22m[39m
     [33m[2m✓[22m[39m accepts explicit full poses, collides, JSON save/replays exact solver state then continues identically [33m 419[2mms[22m[39m
 [32m✓[39m tests/sites/vercel-package.test.ts [2m([22m[2m6 tests[22m[2m)[22m[32m 15[2mms[22m[39m
 [32m✓[39m packages/billing/test/stripe-webhook-reconciliation.test.ts [2m([22m[2m13 tests[22m[2m)[22m[32m 50[2mms[22m[39m
 [32m✓[39m packages/provider-openrouter/test/live-transport.test.ts [2m([22m[2m17 tests[22m[2m)[22m[32m 83[2mms[22m[39m
 [32m✓[39m packages/cli/test/profile-open-path.test.ts [2m([22m[2m12 tests[22m[2m)[22m[32m 39[2mms[22m[39m
 [32m✓[39m packages/physics-rapier/test/seam.test.ts [2m([22m[2m6 tests[22m[2m)[22m[33m 318[2mms[22m[39m
 [32m✓[39m packages/plugin-host/test/seam.test.ts [2m([22m[2m5 tests[22m[2m)[22m[33m 1236[2mms[22m[39m
     [33m[2m✓[22m[39m refuses changed entry and local transitive helper across hosts, clears addressable old state [33m 1157[2mms[22m[39m
 [32m✓[39m packages/engine-presentation/test/three-surface.test.ts [2m([22m[2m3 tests[22m[2m)[22m[32m 35[2mms[22m[39m
 [32m✓[39m tests/sites/site-response-hardening.test.ts [2m([22m[2m14 tests[22m[2m)[22m[32m 12[2mms[22m[39m
 [32m✓[39m packages/profile-web/test/experience-scenarios.test.ts [2m([22m[2m5 tests[22m[2m)[22m[32m 55[2mms[22m[39m
 [32m✓[39m desktop/windows/test/final-release-acceptance.test.ts [2m([22m[2m14 tests[22m[2m)[22m[33m 599[2mms[22m[39m
 [32m✓[39m packages/schemas/test/profile-conformance.test.ts [2m([22m[2m8 tests[22m[2m)[22m[32m 23[2mms[22m[39m
 [32m✓[39m packages/engine-orchestrator/test/golden-path-orchestrated.test.ts [2m([22m[2m6 tests[22m[2m)[22m[32m 9[2mms[22m[39m
 [32m✓[39m packages/site-kit/test/editor-session.test.ts [2m([22m[2m5 tests[22m[2m)[22m[33m 620[2mms[22m[39m
 [32m✓[39m packages/cli/test/bin-smoke.test.ts [2m([22m[2m9 tests[22m[2m)[22m[33m 13013[2mms[22m[39m
     [33m[2m✓[22m[39m refuses prototype paths and malformed version invocations through the binary [33m 5334[2mms[22m[39m
     [33m[2m✓[22m[39m help/watch and malformed global switches naturally exit without watch ownership [33m 2235[2mms[22m[39m
     [33m[2m✓[22m[39m starts and emits a versioned envelope on stdout [33m 311[2mms[22m[39m
     [33m[2m✓[22m[39m propagates the protocol exit-code map to the process exit code [33m 1234[2mms[22m[39m
     [33m[2m✓[22m[39m drives a real authoring round-trip from the command line [33m 1562[2mms[22m[39m
     [33m[2m✓[22m[39m watches canonical documents, streams versioned cycles, and stops on SIGINT [33m 771[2mms[22m[39m
     [33m[2m✓[22m[39m exits non-zero when a watch is stopped on a refused cycle [33m 1096[2mms[22m[39m
     [33m[2m✓[22m[39m resolves relative paths against the process working directory [33m 465[2mms[22m[39m
 [32m✓[39m packages/engine-presentation/test/legacy-audio-compat.test.ts [2m([22m[2m4 tests[22m[2m)[22m[32m 23[2mms[22m[39m
 [32m✓[39m packages/schemas/test/document-proposal.test.ts [2m([22m[2m8 tests[22m[2m)[22m[32m 13[2mms[22m[39m
 [32m✓[39m packages/cli/test/exit-codes.golden.test.ts [2m([22m[2m11 tests[22m[2m)[22m[32m 33[2mms[22m[39m
 [32m✓[39m packages/site-kit/test/final-sites-acceptance.test.ts [2m([22m[2m18 tests[22m[2m)[22m[32m 185[2mms[22m[39m
 [32m✓[39m packages/engine-kernel/test/portable-digest.test.ts [2m([22m[2m12 tests[22m[2m)[22m[32m 46[2mms[22m[39m
 [32m✓[39m packages/billing/test/credit-pack-grant-anchor.test.ts [2m([22m[2m1 test[22m[2m)[22m[33m 495[2mms[22m[39m
     [33m[2m✓[22m[39m grants both current and retained revisions from archived credits [33m 493[2mms[22m[39m
 [32m✓[39m packages/authoring-core/test/transaction-history.test.ts [2m([22m[2m4 tests[22m[2m)[22m[32m 178[2mms[22m[39m
 [32m✓[39m packages/cli/test/held-keys.command-map.test.ts [2m([22m[2m11 tests[22m[2m)[22m[32m 23[2mms[22m[39m
 [32m✓[39m packages/schemas/test/desktop-scene-transform.test.ts [2m([22m[2m5 tests[22m[2m)[22m[32m 52[2mms[22m[39m
 [32m✓[39m packages/schemas/test/desktop-scene-lights.test.ts [2m([22m[2m5 tests[22m[2m)[22m[32m 16[2mms[22m[39m
[90mstdout[2m | packages/engine-kernel/test/final-acceptance.test.ts[2m > [22m[2msustains combined maximum entity/queue/history loads and refuses the next event without drift
[22m[39mcombined maximum capacity, three complete runs (ms) [ [33m1826[39m, [33m1302[39m, [33m1164[39m ]

 [32m✓[39m packages/engine-kernel/test/final-acceptance.test.ts [2m([22m[2m5 tests[22m[2m)[22m[33m 4316[2mms[22m[39m
   [33m[2m✓[22m[39m sustains combined maximum entity/queue/history loads and refuses the next event without drift [33m 4294[2mms[22m[39m
 [32m✓[39m packages/schemas/test/desktop-scene-prefab.test.ts [2m([22m[2m2 tests[22m[2m)[22m[32m 14[2mms[22m[39m
 [32m✓[39m packages/billing/test/credit-pack-archive.test.ts [2m([22m[2m2 tests[22m[2m)[22m[33m 475[2mms[22m[39m
     [33m[2m✓[22m[39m keeps an in-flight revision resolvable after the current pack is repriced [33m 411[2mms[22m[39m
 [32m✓[39m tests/sites/desktop-download.test.ts [2m([22m[2m7 tests[22m[2m)[22m[32m 7[2mms[22m[39m
 [32m✓[39m apps/desktop-shell/test/bin-smoke.test.ts [2m([22m[2m9 tests[22m[2m)[22m[33m 4876[2mms[22m[39m
     [33m[2m✓[22m[39m starts and prints usage [33m 339[2mms[22m[39m
     [33m[2m✓[22m[39m starts on a runtime that does not strip types [33m 460[2mms[22m[39m
     [33m[2m✓[22m[39m renders the chrome without type stripping, embedded functions intact [33m 358[2mms[22m[39m
     [33m[2m✓[22m[39m propagates exit codes: 2 for usage, 1 for refusal, 0 for success [33m 1491[2mms[22m[39m
     [33m[2m✓[22m[39m drives a real propose → apply → undo round-trip from the command line [33m 1063[2mms[22m[39m
     [33m[2m✓[22m[39m renders the editor chrome to stdout as a complete document [33m 452[2mms[22m[39m
     [33m[2m✓[22m[39m refuses an unknown chrome state with a usage exit and no document [33m 409[2mms[22m[39m
[90mstdout[2m | packages/authoring-core/test/diff-capacity.test.ts[2m > [22m[2mAP-PERF bounded canonical review diff[2m > [22m[2mreviews a 5000-line reload in a fresh 96MiB process without quadratic allocation
[22m[39m{"durationMs":14.058042999999998,"maxRssKiB":60832,"diffBytes":97831}

 [32m✓[39m packages/authoring-core/test/diff-capacity.test.ts [2m([22m[2m3 tests[22m[2m)[22m[33m 587[2mms[22m[39m
     [33m[2m✓[22m[39m reviews a 5000-line reload in a fresh 96MiB process without quadratic allocation [33m 328[2mms[22m[39m
 [32m✓[39m desktop/linux/test/scene-environment-mutation-consumer.test.ts [2m([22m[2m2 tests[22m[2m)[22m[32m 290[2mms[22m[39m
 [32m✓[39m packages/schemas/test/desktop-scene-cameras.test.ts [2m([22m[2m5 tests[22m[2m)[22m[32m 12[2mms[22m[39m
 [32m✓[39m packages/cli/test/held-keys.regressions.test.ts [2m([22m[2m15 tests[22m[2m)[22m[32m 17[2mms[22m[39m
 [32m✓[39m packages/engine-kernel/test/production-hardening.test.ts [2m([22m[2m4 tests[22m[2m)[22m[32m 142[2mms[22m[39m
 [32m✓[39m packages/cli/test/refusal.test.ts [2m([22m[2m12 tests[22m[2m)[22m[32m 47[2mms[22m[39m
 [32m✓[39m packages/cli/test/final-acceptance.test.ts [2m([22m[2m38 tests[22m[2m)[22m[33m 2618[2mms[22m[39m
     [33m[2m✓[22m[39m built watch introspection --help exits without a watcher [33m 330[2mms[22m[39m
     [33m[2m✓[22m[39m built watch introspection -h exits without a watcher [33m 412[2mms[22m[39m
     [33m[2m✓[22m[39m built watch introspection --version exits without a watcher [33m 342[2mms[22m[39m
     [33m[2m✓[22m[39m built watch introspection --json=true exits without a watcher [33m 360[2mms[22m[39m
     [33m[2m✓[22m[39m built watch introspection --help=1 exits without a watcher [33m 634[2mms[22m[39m
     [33m[2m✓[22m[39m built watch introspection --version=1 exits without a watcher [33m 514[2mms[22m[39m
 [32m✓[39m tests/boundary/injected-desktop-violations.test.ts [2m([22m[2m28 tests[22m[2m)[22m[33m 62557[2mms[22m[39m
     [33m[2m✓[22m[39m control: the unmodified tree passes all three checkers [33m 8036[2mms[22m[39m
     [33m[2m✓[22m[39m boundary check covers desktop/ and fails when the app is missing from the matrix [33m 4054[2mms[22m[39m
     [33m[2m✓[22m[39m boundary check covers the macOS packaging root [33m 3996[2mms[22m[39m
     [33m[2m✓[22m[39m boundary check denies the macOS packaging root the identity plane [33m 4306[2mms[22m[39m
     [33m[2m✓[22m[39m boundary check allows the desktop app's charted engine edges [33m 3623[2mms[22m[39m
     [33m[2m✓[22m[39m keeps Rapier out of the kernel, CLI, profiles and sites [33m 2779[2mms[22m[39m
     [33m[2m✓[22m[39m boundary check denies the desktop app a profile package [33m 3766[2mms[22m[39m
     [33m[2m✓[22m[39m boundary check denies the desktop app the identity plane [33m 3692[2mms[22m[39m
     [33m[2m✓[22m[39m Kids isolation holds in the desktop tier [33m 3249[2mms[22m[39m
     [33m[2m✓[22m[39m syntax check covers desktop/ sources [33m 3706[2mms[22m[39m
     [33m[2m✓[22m[39m desktop check fails when 'electron' leaks into the hermetic root manifest [33m 1640[2mms[22m[39m
     [33m[2m✓[22m[39m desktop check fails when 'electron-builder' leaks into the hermetic root manifest [33m 1321[2mms[22m[39m
     [33m[2m✓[22m[39m desktop check fails when 'esbuild' leaks into the hermetic root manifest [33m 1238[2mms[22m[39m
     [33m[2m✓[22m[39m desktop check fails when the root workspace globs desktop/ [33m 1124[2mms[22m[39m
     [33m[2m✓[22m[39m desktop check fails on an Electron import outside src/electron/ [33m 1108[2mms[22m[39m
     [33m[2m✓[22m[39m desktop check confines the concrete provider adapter to the privileged host [33m 1567[2mms[22m[39m
     [33m[2m✓[22m[39m desktop check refuses re-export laundering of the privileged host [33m 1105[2mms[22m[39m
     [33m[2m✓[22m[39m desktop check refuses laundering through the package's own privileged export subpath [33m 956[2mms[22m[39m
     [33m[2m✓[22m[39m desktop check refuses a compact Node import through the browser bundler [33m 1293[2mms[22m[39m
     [33m[2m✓[22m[39m desktop check refuses a Node builtin the renderer reaches through a workspace entry point [33m 953[2mms[22m[39m
     [33m[2m✓[22m[39m desktop check refuses a second resolved presentation owner [33m 1357[2mms[22m[39m
     [33m[2m✓[22m[39m desktop check allows the renderer's import-free shared evidence entry point [33m 1377[2mms[22m[39m
     [33m[2m✓[22m[39m desktop check allows an unprivileged module to name the package root export [33m 1235[2mms[22m[39m
     [33m[2m✓[22m[39m desktop check fails on a workspace: specifier — install roots need link: [33m 992[2mms[22m[39m
     [33m[2m✓[22m[39m desktop check fails on a missing required file [33m 1014[2mms[22m[39m
     [33m[2m✓[22m[39m desktop check fails on committed secret-shaped material [33m 1380[2mms[22m[39m
     [33m[2m✓[22m[39m desktop check refuses an empty tier rather than passing on it [33m 808[2mms[22m[39m
     [33m[2m✓[22m[39m publish-ready check still covers the desktop manifest [33m 874[2mms[22m[39m
 [32m✓[39m apps/desktop-shell/test/control-accounting-inspector.test.ts [2m([22m[2m1 test[22m[2m)[22m[33m 2492[2mms[22m[39m
   [33m[2m✓[22m[39m pins inspector inputs, selects, and catalog textareas [33m 2490[2mms[22m[39m
 [32m✓[39m tests/sites/finish-catalog-history.test.ts [2m([22m[2m13 tests[22m[2m)[22m[32m 73[2mms[22m[39m
 [32m✓[39m apps/desktop-shell/test/chrome-dock.test.ts [2m([22m[2m9 tests[22m[2m)[22m[33m 629[2mms[22m[39m
     [33m[2m✓[22m[39m renders the dock tabs the active mode has, and no others [33m 437[2mms[22m[39m
 [32m✓[39m tests/sites/site-kit-component-collapse.test.ts [2m([22m[2m11 tests[22m[2m)[22m[32m 18[2mms[22m[39m
 [32m✓[39m apps/catalog-game/test/seam.test.ts [2m([22m[2m5 tests[22m[2m)[22m[32m 37[2mms[22m[39m
 [32m✓[39m apps/desktop-shell/test/control-accounting-settings.test.ts [2m([22m[2m1 test[22m[2m)[22m[33m 3304[2mms[22m[39m
   [33m[2m✓[22m[39m pins settings form inputs, selects, and JSON textareas [33m 3301[2mms[22m[39m
 [32m✓[39m apps/desktop-shell/test/control-accounting-viewport.test.ts [2m([22m[2m1 test[22m[2m)[22m[33m 2690[2mms[22m[39m
   [33m[2m✓[22m[39m pins the viewport source field and declares every viewport control [33m 2689[2mms[22m[39m
 [32m✓[39m apps/desktop-shell/test/control-accounting-palette.test.ts [2m([22m[2m1 test[22m[2m)[22m[33m 2450[2mms[22m[39m
   [33m[2m✓[22m[39m renders the palette landmark with classified buttons and no unpinned fields [33m 2447[2mms[22m[39m
 [32m✓[39m apps/desktop-shell/test/chrome-assistant.test.ts [2m([22m[2m2 tests[22m[2m)[22m[32m 143[2mms[22m[39m
 [32m✓[39m tests/boundary/injected-violations.test.ts [2m([22m[2m17 tests[22m[2m)[22m[33m 60169[2mms[22m[39m
     [33m[2m✓[22m[39m control: the unmodified tree passes [33m 4219[2mms[22m[39m
     [33m[2m✓[22m[39m fails on a forbidden manifest dependency edge (cli -> engine-kernel) [33m 3343[2mms[22m[39m
     [33m[2m✓[22m[39m fails on a forbidden manifest dependency edge (plugin-host -> engine-kernel) [33m 3491[2mms[22m[39m
     [33m[2m✓[22m[39m fails on a forbidden source import (cli src imports engine-kernel) [33m 4123[2mms[22m[39m
     [33m[2m✓[22m[39m fails on a forbidden source import (plugin-host src imports engine-kernel) [33m 3802[2mms[22m[39m
     [33m[2m✓[22m[39m fails on a forbidden source import (plugin-host src imports another plugin package) [33m 3363[2mms[22m[39m
     [33m[2m✓[22m[39m fails the Kids boundary on a manifest dependency (catalog-web -> profile-kids) [33m 3792[2mms[22m[39m
     [33m[2m✓[22m[39m fails the Kids boundary on a source import (catalog-web imports profile-kids) [33m 2611[2mms[22m[39m
     [33m[2m✓[22m[39m fails on a release-group stamp mismatch [33m 4329[2mms[22m[39m
     [33m[2m✓[22m[39m fails when a profile drops its core pin [33m 4477[2mms[22m[39m
     [33m[2m✓[22m[39m fails when production source imports a test-only testing/ subpath (billing src) [33m 3676[2mms[22m[39m
     [33m[2m✓[22m[39m fails when an app's production source imports a test-only testing/ subpath [33m 2674[2mms[22m[39m
     [33m[2m✓[22m[39m fails when production source imports the DesktopSession Git authority [33m 3365[2mms[22m[39m
     [33m[2m✓[22m[39m fails when production source imports the bridge-owned Git mutation helper [33m 3341[2mms[22m[39m
     [33m[2m✓[22m[39m fails when a package's own production source reaches its src/testing seam relatively [33m 2383[2mms[22m[39m
     [33m[2m✓[22m[39m allows a test-only seam to name a sibling inside the same src/testing tree [33m 3487[2mms[22m[39m
     [33m[2m✓[22m[39m fails on a shared-prefix sibling escape (cli reaching into cli-shadow) [33m 3691[2mms[22m[39m
 [31m❯[39m apps/desktop-shell/test/chrome-frame.test.ts [2m([22m[2m4 tests[22m[2m | [22m[31m1 failed[39m[2m)[22m[33m 326[2mms[22m[39m
[31m     [31m×[31m keeps modelled refusal help collapsed with a bounded scroll panel[39m[32m 191[2mms[22m[39m
     [32m✓[39m renders File, Edit, and Run with their real command ids[32m 37[2mms[22m[39m
     [32m✓[39m marks the active mode and profile with aria-pressed[32m 51[2mms[22m[39m
     [32m✓[39m renders the mode rail through its modelled controls[32m 40[2mms[22m[39m
 [32m✓[39m packages/engine-kernel/test/gameplay.test.ts [2m([22m[2m3 tests[22m[2m)[22m[32m 92[2mms[22m[39m
 [32m✓[39m apps/desktop-shell/test/control-accounting.test.ts [2m([22m[2m14 tests[22m[2m)[22m[33m 5665[2mms[22m[39m
     [33m[2m✓[22m[39m renders every control the view builds, with the kind it declares [33m 649[2mms[22m[39m
     [33m[2m✓[22m[39m keeps an inert control's reason resolvable wherever it is rendered [33m 1198[2mms[22m[39m
     [33m[2m✓[22m[39m routes every action button through the one button helper [33m 567[2mms[22m[39m
     [33m[2m✓[22m[39m mints every rendered control id in the model [33m 319[2mms[22m[39m
     [33m[2m✓[22m[39m adds no interactive element the button helper cannot own [33m 707[2mms[22m[39m
     [33m[2m✓[22m[39m keeps the Kids lock screen and refusal region on screen at every tier [33m 399[2mms[22m[39m
     [33m[2m✓[22m[39m keeps the product loop's own status on screen at every tier [33m 827[2mms[22m[39m
     [33m[2m✓[22m[39m never declares a control live over a region its profile keeps shut [33m 571[2mms[22m[39m
 [32m✓[39m apps/desktop-shell/test/icons.test.ts [2m([22m[2m3 tests[22m[2m)[22m[32m 142[2mms[22m[39m
 [32m✓[39m desktop/linux/test/scene-effects-mutation-consumer.test.ts [2m([22m[2m2 tests[22m[2m)[22m[33m 489[2mms[22m[39m
 [32m✓[39m apps/desktop-shell/test/control-accounting-tree.test.ts [2m([22m[2m1 test[22m[2m)[22m[33m 2810[2mms[22m[39m
   [33m[2m✓[22m[39m pins tree fields and their declared kinds [33m 2809[2mms[22m[39m
 [32m✓[39m apps/desktop-shell/test/control-accounting-assistant.test.ts [2m([22m[2m1 test[22m[2m)[22m[33m 2146[2mms[22m[39m
   [33m[2m✓[22m[39m pins the assistant prompt and declares every assistant control [33m 2144[2mms[22m[39m
 [32m✓[39m apps/desktop-shell/test/control-accounting-dock.test.ts [2m([22m[2m1 test[22m[2m)[22m[33m 2423[2mms[22m[39m
   [33m[2m✓[22m[39m pins the dock's timeline fields and declares every control [33m 2422[2mms[22m[39m
 [32m✓[39m apps/desktop-shell/test/chrome-settings.test.ts [2m([22m[2m1 test[22m[2m)[22m[32m 195[2mms[22m[39m
 [32m✓[39m apps/desktop-shell/test/control-accounting-frame.test.ts [2m([22m[2m1 test[22m[2m)[22m[33m 2911[2mms[22m[39m
   [33m[2m✓[22m[39m renders frame landmarks with classified buttons and no unpinned fields [33m 2910[2mms[22m[39m
 [32m✓[39m packages/authoring-core/test/legacy-v1.test.ts [2m([22m[2m2 tests[22m[2m)[22m[32m 33[2mms[22m[39m
 [32m✓[39m apps/desktop-shell/test/keyboard-geometry.test.ts [2m([22m[2m8 tests[22m[2m)[22m[32m 157[2mms[22m[39m
 [32m✓[39m apps/desktop-shell/test/chrome-tree.test.ts [2m([22m[2m1 test[22m[2m)[22m[32m 146[2mms[22m[39m
 [32m✓[39m apps/desktop-shell/test/chrome-inspector.test.ts [2m([22m[2m1 test[22m[2m)[22m[32m 248[2mms[22m[39m
 [32m✓[39m apps/web-shell/test/open-path-view.test.ts [2m([22m[2m7 tests[22m[2m)[22m[32m 19[2mms[22m[39m
 [32m✓[39m apps/web-shell/test/visual-postpr.test.ts [2m([22m[2m4 tests[22m[2m)[22m[32m 23[2mms[22m[39m
 [32m✓[39m apps/catalog-web/test/seam.test.ts [2m([22m[2m5 tests[22m[2m)[22m[32m 16[2mms[22m[39m
 [32m✓[39m apps/desktop-shell/test/visual-model-dock.test.ts [2m([22m[2m10 tests[22m[2m)[22m[32m 20[2mms[22m[39m
 [32m✓[39m apps/desktop-shell/test/visual-model-inspector.test.ts [2m([22m[2m2 tests[22m[2m)[22m[32m 25[2mms[22m[39m
 [32m✓[39m tests/docs/stripe-live-activation.test.ts [2m([22m[2m2 tests[22m[2m)[22m[32m 7[2mms[22m[39m
 [32m✓[39m tests/e2e/module-coverage-evidence.test.ts [2m([22m[2m2 tests[22m[2m)[22m[32m 22[2mms[22m[39m
 [32m✓[39m apps/desktop-shell/test/chrome-viewport.test.ts [2m([22m[2m3 tests[22m[2m)[22m[32m 258[2mms[22m[39m
 [32m✓[39m apps/desktop-shell/test/chrome-palette.test.ts [2m([22m[2m2 tests[22m[2m)[22m[33m 393[2mms[22m[39m
     [33m[2m✓[22m[39m opens the requested overlay in the bytes, so a screenshot needs no script [33m 337[2mms[22m[39m
 [32m✓[39m packages/auth/test/principal-provenance.test.ts [2m([22m[2m1 test[22m[2m)[22m[32m 15[2mms[22m[39m
 [32m✓[39m tests/e2e/desktop-project-build-golden.test.ts [2m([22m[2m1 test[22m[2m)[22m[32m 160[2mms[22m[39m
 [32m✓[39m tests/e2e/desktop-profile-golden.test.ts [2m([22m[2m1 test[22m[2m)[22m[33m 640[2mms[22m[39m
     [33m[2m✓[22m[39m refuses capture without Play and writes no authoring bytes after Play [33m 636[2mms[22m[39m
 [32m✓[39m tests/e2e/desktop-chrome-tree-control-inventory-golden.test.ts [2m([22m[2m1 test[22m[2m)[22m[33m 601[2mms[22m[39m
     [33m[2m✓[22m[39m renders project-backed instance, object, and parent identities [33m 600[2mms[22m[39m
 [32m✓[39m apps/desktop-shell/test/visual-model-viewport.test.ts [2m([22m[2m1 test[22m[2m)[22m[32m 23[2mms[22m[39m
 [32m✓[39m tests/syntax/check-syntax.test.ts [2m([22m[2m4 tests[22m[2m)[22m[33m 9628[2mms[22m[39m
     [33m[2m✓[22m[39m control: the unmodified tree passes [33m 2410[2mms[22m[39m
     [33m[2m✓[22m[39m accepts TypeScript-only syntax in sources [33m 2966[2mms[22m[39m
     [33m[2m✓[22m[39m fails when a source file does not parse [33m 3062[2mms[22m[39m
     [33m[2m✓[22m[39m refuses to pass on an empty source surface [33m 1183[2mms[22m[39m
 [32m✓[39m apps/desktop-shell/test/visual-model-frame.test.ts [2m([22m[2m3 tests[22m[2m)[22m[32m 28[2mms[22m[39m
 [32m✓[39m tests/desktop/desktop-asset-picker-host.test.ts [2m([22m[2m2 tests[22m[2m)[22m[32m 23[2mms[22m[39m
 [32m✓[39m apps/desktop-shell/test/open-path.test.ts [2m([22m[2m10 tests[22m[2m)[22m[32m 17[2mms[22m[39m
 [32m✓[39m packages/schemas/test/desktop-assistant-ask.test.ts [2m([22m[2m3 tests[22m[2m)[22m[32m 16[2mms[22m[39m
 [32m✓[39m apps/catalog-web/test/dormant-listing.test.ts [2m([22m[2m4 tests[22m[2m)[22m[32m 13[2mms[22m[39m
 [32m✓[39m tests/e2e/desktop-chrome-inspector-command-interactions-golden.test.ts [2m([22m[2m3 tests[22m[2m)[22m[33m 1512[2mms[22m[39m
     [33m[2m✓[22m[39m dispatches Stop and Reset from the Run inspector [33m 747[2mms[22m[39m
     [33m[2m✓[22m[39m dispatches inspector reads for all four registered catalogs [33m 484[2mms[22m[39m
 [32m✓[39m apps/desktop-shell/test/session-recovery.test.ts [2m([22m[2m2 tests[22m[2m)[22m[32m 60[2mms[22m[39m
 [32m✓[39m packages/schemas/test/project-manifest.test.ts [2m([22m[2m2 tests[22m[2m)[22m[32m 20[2mms[22m[39m
 [32m✓[39m packages/profile-kids/test/refuse-matrix.test.ts [2m([22m[2m8 tests[22m[2m)[22m[32m 30[2mms[22m[39m
 [32m✓[39m packages/schemas/test/desktop-scene-audio.test.ts [2m([22m[2m4 tests[22m[2m)[22m[32m 16[2mms[22m[39m
 [32m✓[39m packages/schemas/test/editor-shell-desktop.test.ts [2m([22m[2m3 tests[22m[2m)[22m[32m 13[2mms[22m[39m
 [32m✓[39m packages/engine-kernel/test/kernel-contract.test.ts [2m([22m[2m3 tests[22m[2m)[22m[32m 25[2mms[22m[39m
 [32m✓[39m apps/desktop-shell/test/visual-refinement.test.ts [2m([22m[2m11 tests[22m[2m)[22m[32m 30[2mms[22m[39m
 [32m✓[39m packages/schemas/test/revenue-share.test.ts [2m([22m[2m2 tests[22m[2m)[22m[32m 18[2mms[22m[39m
 [32m✓[39m packages/cli/test/desktop-socket-worker-lockstep.test.ts [2m([22m[2m3 tests[22m[2m)[22m[32m 10[2mms[22m[39m
 [32m✓[39m packages/profile-web/test/open-path.test.ts [2m([22m[2m7 tests[22m[2m)[22m[32m 15[2mms[22m[39m
 [32m✓[39m packages/profile-kids/test/policy.test.ts [2m([22m[2m13 tests[22m[2m)[22m[32m 36[2mms[22m[39m
 [32m✓[39m packages/site-kit/test/site-element.test.ts [2m([22m[2m9 tests[22m[2m)[22m[32m 20[2mms[22m[39m
 [32m✓[39m packages/site-kit/test/commerce-notice.test.ts [2m([22m[2m4 tests[22m[2m)[22m[32m 34[2mms[22m[39m
 [32m✓[39m packages/profile-game/test/open-path.test.ts [2m([22m[2m6 tests[22m[2m)[22m[32m 14[2mms[22m[39m
 [32m✓[39m packages/cli/test/json-equivalence.test.ts [2m([22m[2m29 tests[22m[2m)[22m[32m 57[2mms[22m[39m
 [32m✓[39m packages/engine-presentation/test/contained-image.test.ts [2m([22m[2m2 tests[22m[2m)[22m[32m 35[2mms[22m[39m
 [32m✓[39m packages/schemas/test/desktop-project-build.test.ts [2m([22m[2m2 tests[22m[2m)[22m[32m 4[2mms[22m[39m
 [32m✓[39m packages/site-kit/test/state-panel.test.ts [2m([22m[2m7 tests[22m[2m)[22m[32m 57[2mms[22m[39m
 [32m✓[39m packages/engine-kernel/test/legacy-digest.test.ts [2m([22m[2m6 tests[22m[2m)[22m[32m 30[2mms[22m[39m
 [32m✓[39m packages/profile-game/test/conformance.test.ts [2m([22m[2m5 tests[22m[2m)[22m[32m 87[2mms[22m[39m
 [32m✓[39m packages/schemas/test/desktop-play-session.test.ts [2m([22m[2m2 tests[22m[2m)[22m[32m 13[2mms[22m[39m
 [32m✓[39m packages/engine-orchestrator/test/production-hardening.test.ts [2m([22m[2m2 tests[22m[2m)[22m[32m 25[2mms[22m[39m
 [32m✓[39m packages/schemas/test/stripe-connect.test.ts [2m([22m[2m2 tests[22m[2m)[22m[32m 8[2mms[22m[39m
 [32m✓[39m packages/cli/test/envelope.snapshot.test.ts [2m([22m[2m16 tests[22m[2m)[22m[32m 25[2mms[22m[39m
 [32m✓[39m packages/schemas/test/local-project-build.test.ts [2m([22m[2m9 tests[22m[2m)[22m[32m 11[2mms[22m[39m
 [32m✓[39m packages/schemas/test/model-provider.test.ts [2m([22m[2m2 tests[22m[2m)[22m[32m 18[2mms[22m[39m
 [32m✓[39m packages/profile-web/test/authoring.test.ts [2m([22m[2m9 tests[22m[2m)[22m[32m 8[2mms[22m[39m
 [32m✓[39m packages/engine-presentation/test/runtime.test.ts [2m([22m[2m3 tests[22m[2m)[22m[32m 50[2mms[22m[39m
 [31m❯[39m packages/schemas/test/seam.test.ts [2m([22m[2m5 tests[22m[2m | [22m[31m1 failed[39m[2m)[22m[32m 15[2mms[22m[39m
     [32m✓[39m identifies itself exactly as its manifest does[32m 2[2mms[22m[39m
     [32m✓[39m is immutable[32m 0[2mms[22m[39m
[31m     [31m×[31m keeps the Node-only conformance suite off the browser-facing root[39m[32m 7[2mms[22m[39m
     [32m✓[39m exposes only control kinds a shared editor surface mints[32m 1[2mms[22m[39m
     [32m✓[39m ships every declared contract as versioned JSON Schema[32m 5[2mms[22m[39m
 [32m✓[39m packages/profile-web/test/policy.test.ts [2m([22m[2m10 tests[22m[2m)[22m[32m 9[2mms[22m[39m
 [32m✓[39m packages/schemas/test/desktop-workspace-layout.test.ts [2m([22m[2m2 tests[22m[2m)[22m[32m 15[2mms[22m[39m
 [32m✓[39m packages/billing/test/seam.test.ts [2m([22m[2m4 tests[22m[2m)[22m[32m 11[2mms[22m[39m
 [32m✓[39m packages/schemas/test/desktop-profile-evidence.test.ts [2m([22m[2m2 tests[22m[2m)[22m[32m 21[2mms[22m[39m
 [32m✓[39m packages/schemas/test/desktop-extension-seams.test.ts [2m([22m[2m2 tests[22m[2m)[22m[32m 15[2mms[22m[39m
 [32m✓[39m tests/desktop-artifact-expiry.test.ts [2m([22m[2m2 tests[22m[2m)[22m[32m 8[2mms[22m[39m
 [32m✓[39m apps/desktop-shell/test/visual-model-palette.test.ts [2m([22m[2m2 tests[22m[2m)[22m[32m 18[2mms[22m[39m
 [32m✓[39m packages/engine-presentation/test/seam.test.ts [2m([22m[2m4 tests[22m[2m)[22m[32m 10[2mms[22m[39m
 [32m✓[39m packages/auth/test/seam.test.ts [2m([22m[2m3 tests[22m[2m)[22m[32m 11[2mms[22m[39m
 [32m✓[39m tests/e2e/examples-golden.test.ts [2m([22m[2m2 tests[22m[2m)[22m[33m 765[2mms[22m[39m
     [33m[2m✓[22m[39m composes a two-object scene and prints its digest [33m 351[2mms[22m[39m
     [33m[2m✓[22m[39m opens the scene through the orchestrator and prints its digest [33m 409[2mms[22m[39m
 [32m✓[39m apps/desktop-shell/test/seam.test.ts [2m([22m[2m3 tests[22m[2m)[22m[32m 8[2mms[22m[39m
 [32m✓[39m packages/schemas/test/physics-world-host.test.ts [2m([22m[2m1 test[22m[2m)[22m[32m 7[2mms[22m[39m
 [31m❯[39m packages/engine-kernel/test/seam.test.ts [2m([22m[2m3 tests[22m[2m | [22m[31m1 failed[39m[2m)[22m[32m 9[2mms[22m[39m
     [32m✓[39m identifies itself exactly as its manifest does[32m 2[2mms[22m[39m
     [32m✓[39m is immutable[32m 0[2mms[22m[39m
[31m     [31m×[31m keeps canonical digest computation behind the command/snapshot seam[39m[32m 6[2mms[22m[39m
 [32m✓[39m packages/profile-kids/test/seam.test.ts [2m([22m[2m3 tests[22m[2m)[22m[32m 15[2mms[22m[39m
 [32m✓[39m packages/importers/test/seam.test.ts [2m([22m[2m3 tests[22m[2m)[22m[32m 4[2mms[22m[39m
 [32m✓[39m packages/schemas/test/unambiguous-json.test.ts [2m([22m[2m3 tests[22m[2m)[22m[32m 12[2mms[22m[39m
 [32m✓[39m packages/profile-game/test/seam.test.ts [2m([22m[2m3 tests[22m[2m)[22m[32m 4[2mms[22m[39m
 [32m✓[39m packages/engine-orchestrator/test/seam.test.ts [2m([22m[2m2 tests[22m[2m)[22m[32m 3[2mms[22m[39m
 [32m✓[39m packages/profile-web/test/seam.test.ts [2m([22m[2m3 tests[22m[2m)[22m[32m 16[2mms[22m[39m
 [32m✓[39m packages/authoring-core/test/seam.test.ts [2m([22m[2m2 tests[22m[2m)[22m[32m 6[2mms[22m[39m
 [32m✓[39m apps/web-shell/test/seam.test.ts [2m([22m[2m2 tests[22m[2m)[22m[32m 7[2mms[22m[39m
 [32m✓[39m packages/cli/test/seam.test.ts [2m([22m[2m2 tests[22m[2m)[22m[32m 6[2mms[22m[39m
 [32m✓[39m tests/e2e/desktop-chrome-settings-control-inventory-golden.test.ts [2m([22m[2m1 test[22m[2m)[22m[32m 179[2mms[22m[39m
 [31m❯[39m tests/docs/traceability-check.test.ts [2m([22m[2m2 tests[22m[2m | [22m[31m1 failed[39m[2m)[22m[32m 229[2mms[22m[39m
[31m     [31m×[31m accepts the checked-in declaration and live tree[39m[32m 217[2mms[22m[39m
     [32m✓[39m returns stable, named findings instead of throwing on a missing owner[32m 1[2mms[22m[39m
 [32m✓[39m packages/cli/test/distribution.test.ts [2m([22m[2m1 test[22m[2m)[22m[33m 7966[2mms[22m[39m
   [33m[2m✓[22m[39m runs a private extracted compiled archive outside the workspace with stock Node, no root scripts or workspace node_modules [33m 7961[2mms[22m[39m
 [32m✓[39m packages/site-kit/test/seam.test.ts [2m([22m[2m2 tests[22m[2m)[22m[32m 4[2mms[22m[39m
 [32m✓[39m tests/e2e/desktop-chrome-viewport-control-inventory-golden.test.ts [2m([22m[2m1 test[22m[2m)[22m[32m 231[2mms[22m[39m
 [31m❯[39m packages/engine-presentation/test/declaration-consumer.test.ts [2m([22m[2m1 test[22m[2m | [22m[31m1 failed[39m[2m)[22m[33m 5207[2mms[22m[39m
[31m     [31m×[31m accepts numeric controls but rejects content/scene/renderer authority using actual emitted declarations[39m[33m 5204[2mms[22m[39m
 [32m✓[39m tests/e2e/desktop-chrome-assistant-control-inventory-golden.test.ts [2m([22m[2m1 test[22m[2m)[22m[32m 221[2mms[22m[39m
 [32m✓[39m tests/boundary/kids-evidence-scan.test.ts [2m([22m[2m5 tests[22m[2m)[22m[33m 13144[2mms[22m[39m
     [33m[2m✓[22m[39m retains inert build and screenshot receipts without treating them as runtime links [33m 2861[2mms[22m[39m
     [33m[2m✓[22m[39m still rejects outbound runtime/config authority in sites/kids/src/lib/evidence-looking.ts [33m 2355[2mms[22m[39m
     [33m[2m✓[22m[39m still rejects outbound runtime/config authority in sites/kids/test/visual-evidence/executable.mjs [33m 3292[2mms[22m[39m
     [33m[2m✓[22m[39m still rejects outbound runtime/config authority in sites/kids/test/visual-evidence/runtime.config.ts [33m 2992[2mms[22m[39m
     [33m[2m✓[22m[39m still scans inert receipts for secret-shaped material [33m 1635[2mms[22m[39m
 [32m✓[39m packages/cli/test/capabilities.test.ts [2m([22m[2m9 tests[22m[2m)[22m[33m 52032[2mms[22m[39m
     [33m[2m✓[22m[39m covers every real command leaf and rejects inherited names at every group depth [33m 43905[2mms[22m[39m
     [33m[2m✓[22m[39m initializes an openable admitted template; never overwrites or accepts escaping/unknown templates [33m 2334[2mms[22m[39m
     [33m[2m✓[22m[39m migrate validates current bytes unchanged and refuses unsupported schema [33m 635[2mms[22m[39m
     [33m[2m✓[22m[39m show reports recorded claims; verify rejects changed bytes, forged digests, malformed packet and escape [33m 2996[2mms[22m[39m
     [33m[2m✓[22m[39m lists and validates plugin contracts without executing an entrypoint; unknown capabilities refuse [33m 872[2mms[22m[39m
     [33m[2m✓[22m[39m desktop play/build aliases preserve permission checks and real missing transport refusal [33m 590[2mms[22m[39m
     [33m[2m✓[22m[39m offline catalog submission validates shape and retains absent storage refusal [33m 664[2mms[22m[39m
 [32m✓[39m tests/boundary/injected-site-violations.test.ts [2m([22m[2m110 tests[22m[2m)[22m[33m 238967[2mms[22m[39m
     [33m[2m✓[22m[39m control: the unmodified tree passes all three checkers [33m 14014[2mms[22m[39m
     [33m[2m✓[22m[39m boundary check covers sites and fails when a site is missing from the matrix [33m 3718[2mms[22m[39m
     [33m[2m✓[22m[39m boundary check fails on a site depending on an engine package [33m 3251[2mms[22m[39m
     [33m[2m✓[22m[39m boundary check fails on a site source importing an engine package [33m 4058[2mms[22m[39m
     [33m[2m✓[22m[39m the Kids site passes only with an empty SceneAxi edge [33m 2431[2mms[22m[39m
     [33m[2m✓[22m[39m sites check rejects Kids source with fetch authority [33m 3538[2mms[22m[39m
     [33m[2m✓[22m[39m sites check rejects Kids source with WebSocket authority [33m 2679[2mms[22m[39m
     [33m[2m✓[22m[39m sites check rejects Kids source with environment access authority [33m 2129[2mms[22m[39m
     [33m[2m✓[22m[39m sites check rejects Kids source with form authority [33m 2872[2mms[22m[39m
     [33m[2m✓[22m[39m sites check rejects Kids source with link authority [33m 3089[2mms[22m[39m
     [33m[2m✓[22m[39m sites check rejects an external URL added outside the Kids src tree [33m 2890[2mms[22m[39m
     [33m[2m✓[22m[39m sites check rejects a Kids config granting a request rewrite [33m 2550[2mms[22m[39m
     [33m[2m✓[22m[39m sites check rejects a Kids config granting a redirect [33m 2769[2mms[22m[39m
     [33m[2m✓[22m[39m sites check rejects a Kids config granting a remote image pattern [33m 3234[2mms[22m[39m
     [33m[2m✓[22m[39m sites check rejects a Kids config granting an image host allow list [33m 2335[2mms[22m[39m
     [33m[2m✓[22m[39m sites check rejects a Kids config granting an asset prefix [33m 2776[2mms[22m[39m
     [33m[2m✓[22m[39m sites check rejects a Kids config granting a proxy destination [33m 2831[2mms[22m[39m
     [33m[2m✓[22m[39m sites check rejects a Kids config granting build-time environment injection [33m 2306[2mms[22m[39m
     [33m[2m✓[22m[39m sites check rejects any Kids environment input, even without a value [33m 2930[2mms[22m[39m
     [33m[2m✓[22m[39m sites check rejects a second Kids dependency build approval [33m 2754[2mms[22m[39m
     [33m[2m✓[22m[39m sites check rejects a deployed site whose npmrc omits the hoisted linker [33m 2070[2mms[22m[39m
     [33m[2m✓[22m[39m sites check rejects an npmrc that selects a non-hoisted linker [33m 2874[2mms[22m[39m
     [33m[2m✓[22m[39m sites check rejects a deployed site whose workspace file omits the hoisted linker [33m 2016[2mms[22m[39m
     [33m[2m✓[22m[39m sites check rejects a non-hoisted workspace linker — a bare value [33m 2386[2mms[22m[39m
     [33m[2m✓[22m[39m sites check rejects a non-hoisted workspace linker — a value behind a trailing comment [33m 2301[2mms[22m[39m
     [33m[2m✓[22m[39m sites check rejects a non-hoisted workspace linker — a quoted value [33m 3977[2mms[22m[39m
     [33m[2m✓[22m[39m sites check accepts an agreeing workspace linker — a quoted workspace value [33m 2603[2mms[22m[39m
     [33m[2m✓[22m[39m sites check accepts an agreeing workspace linker — a commented workspace value [33m 2456[2mms[22m[39m
     [33m[2m✓[22m[39m sites check accepts an npmrc linker followed by an inline comment [33m 2255[2mms[22m[39m
     [33m[2m✓[22m[39m sites check rejects removal of the Vercel package postbuild [33m 2161[2mms[22m[39m
     [33m[2m✓[22m[39m boundary check allows the umbrella's one charted engine edge — the presentation seam [33m 3408[2mms[22m[39m
     [33m[2m✓[22m[39m boundary check still denies the presentation seam to sites/catalog-game [33m 3102[2mms[22m[39m
     [33m[2m✓[22m[39m boundary check still denies the presentation seam to sites/catalog-web [33m 3013[2mms[22m[39m
     [33m[2m✓[22m[39m boundary check allows the umbrella's charted identity edge through its plug point — @sceneaxi/auth [33m 3964[2mms[22m[39m
     [33m[2m✓[22m[39m boundary check allows the umbrella's charted identity edge through its plug point — @sceneaxi/billing [33m 3426[2mms[22m[39m
     [33m[2m✓[22m[39m boundary check denies a request route taking caller-facing authority through @sceneaxi/auth [33m 3042[2mms[22m[39m
     [33m[2m✓[22m[39m boundary check denies a request route taking caller-facing authority through @sceneaxi/billing [33m 3658[2mms[22m[39m
     [33m[2m✓[22m[39m boundary check denies an unauthorized umbrella lib importing @sceneaxi/auth [33m 4266[2mms[22m[39m
     [33m[2m✓[22m[39m boundary check denies an unauthorized umbrella lib importing @sceneaxi/billing [33m 4015[2mms[22m[39m
     [33m[2m✓[22m[39m boundary check denies a route bypassing the request facade through ../../../lib/identity-plane.js [33m 1769[2mms[22m[39m
     [33m[2m✓[22m[39m boundary check denies a route bypassing the request facade through ../../../lib/provider-adapters.js [33m 1750[2mms[22m[39m
     [33m[2m✓[22m[39m boundary check denies a route bypassing the request facade through ../../../lib/credit-webhook.js [33m 1679[2mms[22m[39m
     [33m[2m✓[22m[39m boundary check denies a route bypassing the request facade through ../../../index.js [33m 1805[2mms[22m[39m
     [33m[2m✓[22m[39m boundary check denies a route bypassing the request facade through alias @/lib/identity-plane [33m 1701[2mms[22m[39m
     [33m[2m✓[22m[39m boundary check denies a route bypassing the request facade through alias @/lib/provider-adapters [33m 1686[2mms[22m[39m
     [33m[2m✓[22m[39m boundary check denies a route bypassing the request facade through alias @/lib/credit-webhook [33m 1834[2mms[22m[39m
     [33m[2m✓[22m[39m boundary check denies a route bypassing the request facade through alias @/index [33m 1842[2mms[22m[39m
     [33m[2m✓[22m[39m boundary check models every alias the umbrella's tsconfig declares, not one hardcoded pair [33m 1597[2mms[22m[39m
     [33m[2m✓[22m[39m boundary check follows a longer alias prefix that shadows an earlier one [33m 1540[2mms[22m[39m
     [33m[2m✓[22m[39m boundary check checks every target of a multi-target alias, not just the first [33m 1514[2mms[22m[39m
     [33m[2m✓[22m[39m boundary check resolves a bare specifier through a baseUrl that declares no alias [33m 1587[2mms[22m[39m
     [33m[2m✓[22m[39m boundary check leaves a real dependency a package import under a declared baseUrl [33m 1617[2mms[22m[39m
     [33m[2m✓[22m[39m boundary check models an alias table inherited through tsconfig extends [33m 1593[2mms[22m[39m
     [33m[2m✓[22m[39m boundary check refuses a tsconfig base it cannot resolve instead of ignoring its aliases [33m 1633[2mms[22m[39m
     [33m[2m✓[22m[39m boundary check does not read a dynamic specifier off a same-named outer const [33m 1590[2mms[22m[39m
     [33m[2m✓[22m[39m boundary check denies an unauthorized lib re-exporting deployment authority [33m 1579[2mms[22m[39m
     [33m[2m✓[22m[39m boundary check denies a static template dynamic import of deployment authority [33m 1594[2mms[22m[39m
     [33m[2m✓[22m[39m boundary check denies a constant-concatenated dynamic import of deployment authority [33m 1756[2mms[22m[39m
     [33m[2m✓[22m[39m boundary check denies deployment authority through a same-file const binding [33m 1622[2mms[22m[39m
     [33m[2m✓[22m[39m boundary check denies deployment authority through a constant conditional binding [33m 1542[2mms[22m[39m
     [33m[2m✓[22m[39m boundary check denies deployment authority through a constant logical binding [33m 1745[2mms[22m[39m
     [33m[2m✓[22m[39m boundary check denies deployment authority through a destructured object const binding [33m 1622[2mms[22m[39m
     [33m[2m✓[22m[39m boundary check denies deployment authority through a destructured array const binding [33m 1653[2mms[22m[39m
     [33m[2m✓[22m[39m boundary check denies deployment authority through a const object property access [33m 1641[2mms[22m[39m
     [33m[2m✓[22m[39m boundary check denies deployment authority through a const object element access [33m 1745[2mms[22m[39m
     [33m[2m✓[22m[39m boundary check denies deployment authority through a const array element access [33m 1707[2mms[22m[39m
     [33m[2m✓[22m[39m boundary check denies deployment authority through a nested const member access [33m 1570[2mms[22m[39m
     [33m[2m✓[22m[39m boundary check denies deployment authority through a relative resource query [33m 1765[2mms[22m[39m
     [33m[2m✓[22m[39m boundary check denies deployment authority through a relative resource fragment [33m 1573[2mms[22m[39m
     [33m[2m✓[22m[39m boundary check denies deployment authority through an aliased resource query [33m 1721[2mms[22m[39m
     [33m[2m✓[22m[39m boundary check denies deployment authority through an aliased resource fragment [33m 1495[2mms[22m[39m
     [33m[2m✓[22m[39m boundary check scans a JSX intermediary that re-exports deployment authority [33m 1832[2mms[22m[39m
     [33m[2m✓[22m[39m boundary check resolves a directory barrel that re-exports deployment authority [33m 1914[2mms[22m[39m
     [33m[2m✓[22m[39m boundary check keeps catalog-game from taking a second auth stack via @sceneaxi/auth [33m 1532[2mms[22m[39m
     [33m[2m✓[22m[39m boundary check keeps catalog-game from taking a second auth stack via @sceneaxi/billing [33m 1682[2mms[22m[39m
     [33m[2m✓[22m[39m boundary check keeps catalog-web from taking a second auth stack via @sceneaxi/auth [33m 1718[2mms[22m[39m
     [33m[2m✓[22m[39m boundary check keeps catalog-web from taking a second auth stack via @sceneaxi/billing [33m 1630[2mms[22m[39m
     [33m[2m✓[22m[39m boundary check keeps @sceneaxi/engine-kernel denied to the umbrella [33m 1582[2mms[22m[39m
     [33m[2m✓[22m[39m boundary check keeps @sceneaxi/engine-orchestrator denied to the umbrella [33m 1606[2mms[22m[39m
     [33m[2m✓[22m[39m boundary check keeps @sceneaxi/authoring-core denied to the umbrella [33m 1614[2mms[22m[39m
     [33m[2m✓[22m[39m boundary check keeps @sceneaxi/profile-game denied to the umbrella [33m 2063[2mms[22m[39m
     [33m[2m✓[22m[39m boundary check fails on a site importing the Kids package — the isolation boundary [33m 2107[2mms[22m[39m
     [33m[2m✓[22m[39m boundary check fails on a site release-group mismatch [33m 1818[2mms[22m[39m
     [33m[2m✓[22m[39m boundary check fails on a site source escaping its own directory [33m 1716[2mms[22m[39m
     [33m[2m✓[22m[39m syntax check covers a site .tsx and fails on a parse error [33m 1320[2mms[22m[39m
     [33m[2m✓[22m[39m syntax check accepts valid JSX in a site .tsx [33m 1393[2mms[22m[39m
     [33m[2m✓[22m[39m sites check fails when a required site file is removed [33m 1544[2mms[22m[39m
     [33m[2m✓[22m[39m sites check fails when a required script is removed [33m 1440[2mms[22m[39m
     [33m[2m✓[22m[39m sites check fails when site-kit stops being a link: dependency [33m 1409[2mms[22m[39m
     [33m[2m✓[22m[39m sites check fails when a framework dependency leaks into the hermetic root [33m 1547[2mms[22m[39m
     [33m[2m✓[22m[39m sites check keeps Better Auth at the umbrella provider seam [33m 1482[2mms[22m[39m
     [33m[2m✓[22m[39m sites check fails when pnpm-workspace starts globbing sites/ [33m 1402[2mms[22m[39m
     [33m[2m✓[22m[39m sites check fails when .env.example assigns a value [33m 1447[2mms[22m[39m
     [33m[2m✓[22m[39m sites check fails on committed secret material — a Stripe test key [33m 1484[2mms[22m[39m
     [33m[2m✓[22m[39m sites check fails on committed secret material — a webhook secret [33m 1489[2mms[22m[39m
     [33m[2m✓[22m[39m sites check fails on committed secret material — a Postgres URL with a password [33m 1447[2mms[22m[39m
     [33m[2m✓[22m[39m sites check scans secret material in .pem files [33m 1405[2mms[22m[39m
     [33m[2m✓[22m[39m sites check scans secret material in .txt files [33m 1543[2mms[22m[39m
     [33m[2m✓[22m[39m sites check scans secret material in .css files [33m 1410[2mms[22m[39m
     [33m[2m✓[22m[39m sites check scans secret material in .yaml files [33m 1404[2mms[22m[39m
     [33m[2m✓[22m[39m sites check fails when a secret name is assigned a literal value [33m 1489[2mms[22m[39m
     [33m[2m✓[22m[39m sites check fails on a secret assigned through a quoted JSON key [33m 1542[2mms[22m[39m
     [33m[2m✓[22m[39m sites check fails on a secret assigned through a unquoted env value [33m 1484[2mms[22m[39m
     [33m[2m✓[22m[39m sites check fails on a secret assigned through a unquoted YAML value [33m 1418[2mms[22m[39m
     [33m[2m✓[22m[39m sites check rejects a committed fallback after an env reference [33m 1512[2mms[22m[39m
     [33m[2m✓[22m[39m sites check rejects a committed fallback continued on the next line [33m 1394[2mms[22m[39m
     [33m[2m✓[22m[39m sites check rejects a committed fallback after a TypeScript non-null assertion [33m 1428[2mms[22m[39m
     [33m[2m✓[22m[39m sites check accepts a complete direct env reference [33m 1416[2mms[22m[39m
     [33m[2m✓[22m[39m boundary check fails when site source imports a test-only testing/ subpath [33m 1758[2mms[22m[39m
     [33m[2m✓[22m[39m sites check fails on an empty sites tree [33m 317[2mms[22m[39m
 [32m✓[39m tests/contracts/injected-traceability-violations.test.ts [2m([22m[2m20 tests[22m[2m)[22m[33m 264492[2mms[22m[39m
     [33m[2m✓[22m[39m control: the unmodified tree passes [33m 23977[2mms[22m[39m
     [33m[2m✓[22m[39m fails when a requirement disappears from both generated audit artifacts [33m 26737[2mms[22m[39m
     [33m[2m✓[22m[39m fails when an implementation reference disagrees with its resolved path [33m 23990[2mms[22m[39m
     [33m[2m✓[22m[39m fails when a real proof link loses its resolved path [33m 26226[2mms[22m[39m
     [33m[2m✓[22m[39m fails when a requirement uses an unknown classification [33m 11638[2mms[22m[39m
     [33m[2m✓[22m[39m fails when a resolved proof path goes stale [33m 11640[2mms[22m[39m
     [33m[2m✓[22m[39m fails when a held requirement is promoted in both generated audit artifacts [33m 11219[2mms[22m[39m
     [33m[2m✓[22m[39m fails when the executable CLI surface exposes an unaccounted verb [33m 11025[2mms[22m[39m
     [33m[2m✓[22m[39m fails when a valid public CLI verb is exposed only by live registries [33m 11743[2mms[22m[39m
     [33m[2m✓[22m[39m fails when the executable editor registry exposes an unaccounted command [33m 10764[2mms[22m[39m
     [33m[2m✓[22m[39m fails when the executable desktop projection exposes an unaccounted control [33m 13658[2mms[22m[39m
     [33m[2m✓[22m[39m fails when the executable desktop bridge exposes an unaccounted action [33m 10951[2mms[22m[39m
     [33m[2m✓[22m[39m fails when the executable local bridge exposes an unaccounted tool [33m 10563[2mms[22m[39m
     [33m[2m✓[22m[39m fails when an executable refusal registry is missing from inventory [33m 9573[2mms[22m[39m
     [33m[2m✓[22m[39m fails when production provider, browser-evidence, and release catalogs are omitted [33m 10143[2mms[22m[39m
     [33m[2m✓[22m[39m fails when an alternate-extension route appears under a reserved-looking segment [33m 8744[2mms[22m[39m
     [33m[2m✓[22m[39m fails when executable golden-path tests are omitted from inventory [33m 8359[2mms[22m[39m
     [33m[2m✓[22m[39m fails when executable release dependencies disappear from both catalogs [33m 7635[2mms[22m[39m
     [33m[2m✓[22m[39m fails when a route and its declared count are duplicated together [33m 8053[2mms[22m[39m
     [33m[2m✓[22m[39m fails when a public package export is added without inventory coverage [33m 7849[2mms[22m[39m

[31m⎯⎯⎯⎯⎯⎯[39m[1m[41m Failed Tests 22 [49m[22m[31m⎯⎯⎯⎯⎯⎯⎯[39m

[41m[1m FAIL [22m[49m tests/docs/traceability-check.test.ts[2m > [22mtraceability checker[2m > [22maccepts the checked-in declaration and live tree
[31m[1mAssertionError[22m: expected [ …(2) ] to deeply equal [][39m

[32m- Expected[39m
[31m+ Received[39m

[32m- [][39m
[31m+ [[39m
[31m+   "[proof-resolution] packages/engine-presentation/test/ resolution differs (declared: packages/engine-presentation/test/.finish-results.json, packages/engine-presentation/test/audio-playback.test.ts, packages/engine-presentation/test/browser-engine-frontdoors.mjs, packages/engine-presentation/test/browser-production-proof.mjs, packages/engine-presentation/test/browser-scene-v2-proof.mjs, packages/engine-presentation/test/completion.test.ts, packages/engine-presentation/test/contained-image.test.ts, packages/engine-presentation/test/declaration-consumer.test.ts, packages/engine-presentation/test/legacy-audio-compat.test.ts, packages/engine-presentation/test/production-hardening.test.ts, packages/engine-presentation/test/runtime.test.ts, packages/engine-presentation/test/scene-runtime-v2.test.ts, packages/engine-presentation/test/sculpt-mount.test.ts, packages/engine-presentation/test/seam.test.ts, packages/engine-presentation/test/three-presentation.test.ts, packages/engine-presentation/test/three-surface.test.ts; actual: packages/engine-presentation/test/.consumer-JW3PY9/consumer.ts, packages/engine-presentation/test/.finish-results.json, packages/engine-presentation/test/audio-playback.test.ts, packages/engine-presentation/test/browser-engine-frontdoors.mjs, packages/engine-presentation/test/browser-production-proof.mjs, packages/engine-presentation/test/browser-scene-v2-proof.mjs, packages/engine-presentation/test/completion.test.ts, packages/engine-presentation/test/contained-image.test.ts, packages/engine-presentation/test/declaration-consumer.test.ts, packages/engine-presentation/test/legacy-audio-compat.test.ts, packages/engine-presentation/test/production-hardening.test.ts, packages/engine-presentation/test/runtime.test.ts, packages/engine-presentation/test/scene-runtime-v2.test.ts, packages/engine-presentation/test/sculpt-mount.test.ts, packages/engine-presentation/test/seam.test.ts, packages/engine-presentation/test/three-presentation.test.ts, packages/engine-presentation/test/three-surface.test.ts)",[39m
[31m+   "[proof-resolution] packages/engine-presentation/test/ resolution differs (declared: packages/engine-presentation/test/.finish-results.json, packages/engine-presentation/test/audio-playback.test.ts, packages/engine-presentation/test/browser-engine-frontdoors.mjs, packages/engine-presentation/test/browser-production-proof.mjs, packages/engine-presentation/test/browser-scene-v2-proof.mjs, packages/engine-presentation/test/completion.test.ts, packages/engine-presentation/test/contained-image.test.ts, packages/engine-presentation/test/declaration-consumer.test.ts, packages/engine-presentation/test/legacy-audio-compat.test.ts, packages/engine-presentation/test/production-hardening.test.ts, packages/engine-presentation/test/runtime.test.ts, packages/engine-presentation/test/scene-runtime-v2.test.ts, packages/engine-presentation/test/sculpt-mount.test.ts, packages/engine-presentation/test/seam.test.ts, packages/engine-presentation/test/three-presentation.test.ts, packages/engine-presentation/test/three-surface.test.ts; actual: packages/engine-presentation/test/.consumer-JW3PY9/consumer.ts, packages/engine-presentation/test/.finish-results.json, packages/engine-presentation/test/audio-playback.test.ts, packages/engine-presentation/test/browser-engine-frontdoors.mjs, packages/engine-presentation/test/browser-production-proof.mjs, packages/engine-presentation/test/browser-scene-v2-proof.mjs, packages/engine-presentation/test/completion.test.ts, packages/engine-presentation/test/contained-image.test.ts, packages/engine-presentation/test/declaration-consumer.test.ts, packages/engine-presentation/test/legacy-audio-compat.test.ts, packages/engine-presentation/test/production-hardening.test.ts, packages/engine-presentation/test/runtime.test.ts, packages/engine-presentation/test/scene-runtime-v2.test.ts, packages/engine-presentation/test/sculpt-mount.test.ts, packages/engine-presentation/test/seam.test.ts, packages/engine-presentation/test/three-presentation.test.ts, packages/engine-presentation/test/three-surface.test.ts)",[39m
[31m+ ][39m

[36m [2m❯[22m tests/docs/traceability-check.test.ts:[2m7:41[22m[39m
    [90m  5|[39m [34mdescribe[39m([32m"traceability checker"[39m[33m,[39m () [33m=>[39m {
    [90m  6|[39m   [34mit[39m([32m"accepts the checked-in declaration and live tree"[39m[33m,[39m () [33m=>[39m {
    [90m  7|[39m     [34mexpect[39m([34mcheckTraceability[39m(repoRoot))[33m.[39m[34mtoEqual[39m([])[33m;[39m
    [90m   |[39m                                         [31m^[39m
    [90m  8|[39m   })[33m;[39m
    [90m  9|[39m

[31m[2m⎯⎯⎯⎯⎯⎯⎯⎯⎯⎯⎯⎯⎯⎯⎯⎯⎯⎯⎯⎯⎯⎯⎯[1/22]⎯[22m[39m

[41m[1m FAIL [22m[49m tests/e2e/desktop-command-interactions-golden.test.ts[2m > [22mdesktop command menu, palette, and accelerator parity[2m > [22mkeeps Undo inert while journal recovery is pending
[31m[1mAssertionError[22m: expected [ { plane: 'engine', …(2) } ] to have a length of +0 but got 1[39m

[32m- Expected[39m
[31m+ Received[39m

[32m- 0[39m
[31m+ 1[39m

[36m [2m❯[22m tests/e2e/desktop-command-interactions-golden.test.ts:[2m462:19[22m[39m
    [90m460|[39m     [35mawait[39m [34msettle[39m(window)[33m;[39m
    [90m461|[39m     [34mexpect[39m(event[33m.[39mdefaultPrevented)[33m.[39m[34mtoBe[39m([35mtrue[39m)[33m;[39m
    [90m462|[39m     [34mexpect[39m(calls)[33m.[39m[34mtoHaveLength[39m([34m0[39m)[33m;[39m
    [90m   |[39m                   [31m^[39m
    [90m463|[39m     [34mexpect[39m([34melement[39m(window[33m,[39m [32m"[data-outcome-code]"[39m)[33m.[39mtextContent)[33m.[39m[34mtoBe[39m(
    [90m464|[39m       [33mDESKTOP_PRODUCT_REFUSALS[39m[33m.[39mrecoveryPending[33m,[39m

[31m[2m⎯⎯⎯⎯⎯⎯⎯⎯⎯⎯⎯⎯⎯⎯⎯⎯⎯⎯⎯⎯⎯⎯⎯[2/22]⎯[22m[39m

[41m[1m FAIL [22m[49m tests/e2e/desktop-command-interactions-golden.test.ts[2m > [22mdesktop command menu, palette, and accelerator parity[2m > [22mnames the refusal when an accelerator reaches an unavailable command
[31m[1mAssertionError[22m: expected [ { plane: 'engine', …(2) } ] to have a length of +0 but got 1[39m

[32m- Expected[39m
[31m+ Received[39m

[32m- 0[39m
[31m+ 1[39m

[36m [2m❯[22m tests/e2e/desktop-command-interactions-golden.test.ts:[2m477:19[22m[39m
    [90m475|[39m     [35mawait[39m [34msettle[39m(window)[33m;[39m
    [90m476|[39m     [34mexpect[39m(event[33m.[39mdefaultPrevented)[33m.[39m[34mtoBe[39m([35mtrue[39m)[33m;[39m
    [90m477|[39m     [34mexpect[39m(calls)[33m.[39m[34mtoHaveLength[39m([34m0[39m)[33m;[39m
    [90m   |[39m                   [31m^[39m
    [90m478|[39m     expect(element(window, '.overlay[data-overlay="outcome"]').hidden)…
    [90m479|[39m     [34mexpect[39m([34melement[39m(window[33m,[39m [32m"[data-outcome-code]"[39m)[33m.[39mtextContent)[33m.[39m[34mtoBe[39m(

[31m[2m⎯⎯⎯⎯⎯⎯⎯⎯⎯⎯⎯⎯⎯⎯⎯⎯⎯⎯⎯⎯⎯⎯⎯[3/22]⎯[22m[39m

[41m[1m FAIL [22m[49m tests/e2e/desktop-command-interactions-golden.test.ts[2m > [22mdesktop command menu, palette, and accelerator parity[2m > [22mnames the Kids refusal when an accelerator is pressed on that profile
[31m[1mAssertionError[22m: expected [ { plane: 'engine', …(2) } ] to have a length of +0 but got 1[39m

[32m- Expected[39m
[31m+ Received[39m

[32m- 0[39m
[31m+ 1[39m

[36m [2m❯[22m tests/e2e/desktop-command-interactions-golden.test.ts:[2m501:19[22m[39m
    [90m499|[39m     [34mshortcut[39m(window[33m,[39m [32m"s"[39m)[33m;[39m
    [90m500|[39m     [35mawait[39m [34msettle[39m(window)[33m;[39m
    [90m501|[39m     [34mexpect[39m(calls)[33m.[39m[34mtoHaveLength[39m([34m0[39m)[33m;[39m
    [90m   |[39m                   [31m^[39m
    [90m502|[39m     expect(element(window, '.overlay[data-overlay="outcome"]').hidden)…
    [90m503|[39m     expect(element(window, "[data-outcome-code]").textContent).toBe(sa…

[31m[2m⎯⎯⎯⎯⎯⎯⎯⎯⎯⎯⎯⎯⎯⎯⎯⎯⎯⎯⎯⎯⎯⎯⎯[4/22]⎯[22m[39m

[41m[1m FAIL [22m[49m tests/e2e/desktop-command-interactions-golden.test.ts[2m > [22mdesktop command menu, palette, and accelerator parity[2m > [22mignores a Shift-modified chord that no menu advertises
[31m[1mAssertionError[22m: expected [ { plane: 'engine', …(2) } ] to have a length of +0 but got 1[39m

[32m- Expected[39m
[31m+ Received[39m

[32m- 0[39m
[31m+ 1[39m

[36m [2m❯[22m tests/e2e/desktop-command-interactions-golden.test.ts:[2m518:19[22m[39m
    [90m516|[39m     [35mawait[39m [34msettle[39m(window)[33m;[39m
    [90m517|[39m     [34mexpect[39m(event[33m.[39mdefaultPrevented)[33m.[39m[34mtoBe[39m([35mfalse[39m)[33m;[39m
    [90m518|[39m     [34mexpect[39m(calls)[33m.[39m[34mtoHaveLength[39m([34m0[39m)[33m;[39m
    [90m   |[39m                   [31m^[39m
    [90m519|[39m   })[33m;[39m
    [90m520|[39m

[31m[2m⎯⎯⎯⎯⎯⎯⎯⎯⎯⎯⎯⎯⎯⎯⎯⎯⎯⎯⎯⎯⎯⎯⎯[5/22]⎯[22m[39m

[41m[1m FAIL [22m[49m tests/e2e/desktop-control-dispatch-real-bridge-golden.test.ts[2m > [22mmounted desktop controls dispatch through the real bridge[2m > [22mproves animation-apply from its GUI control
[31m[1mAssertionError[22m: expected { ok: false, …(4) } to match object { ok: true, data: { …(1) } }
(12 matching properties omitted from actual)[39m

[32m- Expected[39m
[31m+ Received[39m

[2m  {[22m
[32m-   "data": {[39m
[32m-     "authoringSnapshot": {[39m
[32m-       "phase": "reviewing",[39m
[32m-     },[39m
[32m-   },[39m
[32m-   "ok": true,[39m
[31m+   "ok": false,[39m
[2m  }[22m

[36m [2m❯[22m observed tests/e2e/desktop-control-dispatch-real-bridge-golden.test.ts:[2m184:26[22m[39m
    [90m182|[39m   if (match === undefined) throw new Error(`no valid invocation for ${…
    [90m183|[39m   expect(match.invocation).toMatchObject({ commandId: id, client: "des…
    [90m184|[39m   [34mexpect[39m(match[33m.[39mresponse)[33m.[39m[34mtoMatchObject[39m(response)[33m;[39m
    [90m   |[39m                          [31m^[39m
    [90m185|[39m
    [90m186|[39m   if (match.response.ok && isJsonObject(match.response.data)) expect(m…
[90m [2m❯[22m exercise tests/e2e/desktop-control-dispatch-real-bridge-golden.test.ts:[2m348:7[22m[39m
[90m [2m❯[22m tests/e2e/desktop-control-dispatch-real-bridge-golden.test.ts:[2m473:7[22m[39m

[31m[2m⎯⎯⎯⎯⎯⎯⎯⎯⎯⎯⎯⎯⎯⎯⎯⎯⎯⎯⎯⎯⎯⎯⎯[6/22]⎯[22m[39m

[41m[1m FAIL [22m[49m tests/e2e/desktop-control-dispatch-real-bridge-golden.test.ts[2m > [22mmounted desktop controls dispatch through the real bridge[2m > [22mproves effect-apply from its GUI control
[41m[1m FAIL [22m[49m tests/e2e/desktop-control-dispatch-real-bridge-golden.test.ts[2m > [22mmounted desktop controls dispatch through the real bridge[2m > [22mproves environment-apply from its GUI control
[41m[1m FAIL [22m[49m tests/e2e/desktop-control-dispatch-real-bridge-golden.test.ts[2m > [22mmounted desktop controls dispatch through the real bridge[2m > [22mproves material-apply from its GUI control
[41m[1m FAIL [22m[49m tests/e2e/desktop-control-dispatch-real-bridge-golden.test.ts[2m > [22mmounted desktop controls dispatch through the real bridge[2m > [22mproves physics-apply from its GUI control
[31m[1mAssertionError[22m: expected { ok: false, …(4) } to match object { ok: true, data: { …(1) } }
(12 matching properties omitted from actual)[39m

[32m- Expected[39m
[31m+ Received[39m

[2m  {[22m
[32m-   "data": {[39m
[32m-     "authoringSnapshot": {[39m
[32m-       "phase": "reviewing",[39m
[32m-     },[39m
[32m-   },[39m
[32m-   "ok": true,[39m
[31m+   "ok": false,[39m
[2m  }[22m

[36m [2m❯[22m observed tests/e2e/desktop-control-dispatch-real-bridge-golden.test.ts:[2m184:26[22m[39m
    [90m182|[39m   if (match === undefined) throw new Error(`no valid invocation for ${…
    [90m183|[39m   expect(match.invocation).toMatchObject({ commandId: id, client: "des…
    [90m184|[39m   [34mexpect[39m(match[33m.[39mresponse)[33m.[39m[34mtoMatchObject[39m(response)[33m;[39m
    [90m   |[39m                          [31m^[39m
    [90m185|[39m
    [90m186|[39m   if (match.response.ok && isJsonObject(match.response.data)) expect(m…
[90m [2m❯[22m exercise tests/e2e/desktop-control-dispatch-real-bridge-golden.test.ts:[2m321:7[22m[39m
[90m [2m❯[22m tests/e2e/desktop-control-dispatch-real-bridge-golden.test.ts:[2m473:7[22m[39m

[31m[2m⎯⎯⎯⎯⎯⎯⎯⎯⎯⎯⎯⎯⎯⎯⎯⎯⎯⎯⎯⎯⎯⎯⎯[7/22]⎯[22m[39m

[41m[1m FAIL [22m[49m tests/e2e/desktop-linux-bridge-golden.test.ts[2m > [22mdesktop chrome document — the shell's chrome, unforked, plus two injections[2m > [22mactivates only after runtime binding and preserves refusal across profiles
[31m[1mAssertionError[22m: expected 'live' to be 'inert' // Object.is equality[39m

Expected: [32m"inert"[39m
Received: [31m"live"[39m

[36m [2m❯[22m expectRefusal tests/e2e/desktop-linux-bridge-golden.test.ts:[2m866:38[22m[39m
    [90m864|[39m     const expectRefusal = (reason: string): void => {
    [90m865|[39m       for (const control of controls) {
    [90m866|[39m         expect(control.dataset.kind).toBe("inert");
    [90m   |[39m                                      [31m^[39m
    [90m867|[39m         expect(control.dataset.refusal).toBe(reason);
    [90m868|[39m         expect(control.getAttribute("aria-disabled")).toBe("true");
[90m [2m❯[22m tests/e2e/desktop-linux-bridge-golden.test.ts:[2m893:5[22m[39m

[31m[2m⎯⎯⎯⎯⎯⎯⎯⎯⎯⎯⎯⎯⎯⎯⎯⎯⎯⎯⎯⎯⎯⎯⎯[8/22]⎯[22m[39m

[41m[1m FAIL [22m[49m tests/e2e/desktop-linux-bridge-golden.test.ts[2m > [22mdesktop chrome document — the shell's chrome, unforked, plus two injections[2m > [22mrefreshes every mounted surface after a rarity retirement event
[31m[1mAssertionError[22m: expected 4 to be 3 // Object.is equality[39m

[32m- Expected[39m
[31m+ Received[39m

[32m- 3[39m
[31m+ 4[39m

[36m [2m❯[22m tests/e2e/desktop-linux-bridge-golden.test.ts:[2m2376:27[22m[39m
    [90m2374|[39m     });
    [90m2375|[39m     await vi.waitFor(() => {
    [90m2376|[39m       expect(statusReads).toBe(3);
    [90m   |[39m                           [31m^[39m
    [90m2377|[39m       expect(status.textContent).toContain("authoring state refreshed"…
    [90m2378|[39m     });

[31m[2m⎯⎯⎯⎯⎯⎯⎯⎯⎯⎯⎯⎯⎯⎯⎯⎯⎯⎯⎯⎯⎯⎯⎯[9/22]⎯[22m[39m

[41m[1m FAIL [22m[49m tests/e2e/desktop-product-loop-golden.test.ts[2m > [22mdesktop first-release product loop[2m > [22mexecutes the emitted Web asset-path decision in the mounted chrome
[31m[1mAssertionError[22m: expected undefined to deeply equal { …(2) }[39m

[32m- Expected:[39m
{
  "assets": [
    "assets/models/hero-1.glb",
  ],
  "html": "<main id=\"sceneaxi-mount\"></main>",
}

[31m+ Received:[39m
undefined

[36m [2m❯[22m tests/e2e/desktop-product-loop-golden.test.ts:[2m86:7[22m[39m
    [90m 84|[39m       accepted.requests.find((request) => request.payload?.op === "pro…
    [90m 85|[39m         [33m?.[39mnewValue[33m,[39m
    [90m 86|[39m     )[33m.[39m[34mtoEqual[39m({
    [90m   |[39m       [31m^[39m
    [90m 87|[39m       html[33m:[39m [32m'<main id="sceneaxi-mount"></main>'[39m[33m,[39m
    [90m 88|[39m       assets[33m:[39m [[32m"assets/models/hero-1.glb"[39m][33m,[39m

[31m[2m⎯⎯⎯⎯⎯⎯⎯⎯⎯⎯⎯⎯⎯⎯⎯⎯⎯⎯⎯⎯⎯⎯[10/22]⎯[22m[39m

[41m[1m FAIL [22m[49m tests/e2e/desktop-product-loop-golden.test.ts[2m > [22mdesktop first-release product loop[2m > [22mrenders the active proposal and atomically accepts, rejects, and refuses stale hashes
[31m[1mAssertionError[22m: expected true to be false // Object.is equality[39m

[32m- Expected[39m
[31m+ Received[39m

[32m- false[39m
[31m+ true[39m

[36m [2m❯[22m tests/e2e/desktop-product-loop-golden.test.ts:[2m179:32[22m[39m
    [90m177|[39m     [35mawait[39m [34mclick[39m(window[33m,[39m [32m"#web-inject-asset"[39m)[33m;[39m
    [90m178|[39m
    [90m179|[39m     [34mexpect[39m([34mproposal[39m()[33m?.[39mhidden)[33m.[39m[34mtoBe[39m([35mfalse[39m)[33m;[39m
    [90m   |[39m                                [31m^[39m
    [90m180|[39m     expect(query(window, "[data-change-document]")?.textContent).toBe(…
    [90m181|[39m     expect(query(window, "[data-change-content-hash]")?.textContent).t…

[31m[2m⎯⎯⎯⎯⎯⎯⎯⎯⎯⎯⎯⎯⎯⎯⎯⎯⎯⎯⎯⎯⎯⎯[11/22]⎯[22m[39m

[41m[1m FAIL [22m[49m tests/e2e/desktop-product-loop-golden.test.ts[2m > [22mdesktop first-release product loop[2m > [22mdrives profile switching, open, save recovery, and viewport play through the emitted UI
[31m[1mAssertionError[22m: expected 'scene.json · open · desktop-first-rel…' to contain 'Stage refused · content-hash-conflict'[39m

Expected: [32m"Stage refused · content-hash-conflict"[39m
Received: [31m"scene.json · open · desktop-first-release"[39m

[36m [2m❯[22m tests/e2e/desktop-product-loop-golden.test.ts:[2m495:22[22m[39m
    [90m493|[39m     [35mif[39m ([33m![39mchanged[33m.[39mok) [35mthrow[39m [35mnew[39m [33mError[39m([32m"external edit fixture refused"[39m)[33m;[39m
    [90m494|[39m     [35mawait[39m [34mclick[39m(window[33m,[39m [32m"#web-inject-asset"[39m)[33m;[39m
    [90m495|[39m     expect(status()).toContain("Stage refused · content-hash-conflict"…
    [90m   |[39m                      [31m^[39m
    [90m496|[39m     [34mexpect[39m([34mreadFileSync[39m([34mjoin[39m(dir[33m,[39m [32m"scene.json"[39m)[33m,[39m [32m"utf8"[39m))[33m.[39m[34mtoContain[39m(
    [90m497|[39m       [32m'"title": "External edit"'[39m[33m,[39m

[31m[2m⎯⎯⎯⎯⎯⎯⎯⎯⎯⎯⎯⎯⎯⎯⎯⎯⎯⎯⎯⎯⎯⎯[12/22]⎯[22m[39m

[41m[1m FAIL [22m[49m tests/e2e/desktop-product-loop-golden.test.ts[2m > [22mdesktop first-release product loop[2m > [22msettles queued and in-flight selection before profile change
[31m[1mAssertionError[22m: expected 'game' to be 'web' // Object.is equality[39m

Expected: [32m"web"[39m
Received: [31m"game"[39m

[36m [2m❯[22m tests/e2e/desktop-product-loop-golden.test.ts:[2m1287:54[22m[39m
    [90m1285|[39m     }
    [90m1286|[39m     [34mexpect[39m(selectionRequests)[33m.[39m[34mtoBe[39m([34m2[39m)[33m;[39m
    [90m1287|[39m     [34mexpect[39m([34mquery[39m(window[33m,[39m [32m".shell"[39m)[33m?.[39mdataset[33m.[39mprofile)[33m.[39m[34mtoBe[39m([32m"web"[39m)[33m;[39m
    [90m   |[39m                                                      [31m^[39m
    [90m1288|[39m     expect(query(window, "[data-scene-property-entity-id]")?.textConte…
    [90m1289|[39m       [33m.[39m[34mtoBe[39m([32m"desktop-crate-root"[39m)[33m;[39m

[31m[2m⎯⎯⎯⎯⎯⎯⎯⎯⎯⎯⎯⎯⎯⎯⎯⎯⎯⎯⎯⎯⎯⎯[13/22]⎯[22m[39m

[41m[1m FAIL [22m[49m apps/desktop-shell/test/chrome-frame.test.ts[2m > [22mengine desktop chrome — frame[2m > [22mkeeps modelled refusal help collapsed with a bounded scroll panel
[31m[1mAssertionError[22m: expected '<!doctype html>\n<html lang="en" data…' not to match /refusal-legend[^>]*tabindex/[39m

[32m- Expected:[39m
/refusal-legend[^>]*tabindex/

[31m+ Received:[39m
"<!doctype html>
<html lang=\"en\" data-surface=\"engine-desktop\">
<head>
<meta charset=\"utf-8\">
<meta name=\"viewport\" content=\"width=device-width, initial-scale=1\">
<meta name=\"color-scheme\" content=\"dark\">
<meta name=\"generator\" content=\"@sceneaxi/desktop-shell chrome\">
<meta name=\"sceneaxi-visual-source\" content=\"direction-1-cinematic-pro.html · sha256 c4ecfce14440b56342781e53abd02f915446795d8ba2bf2fdf18d895bc950b51\">
<meta name=\"sceneaxi-pixels-drawn\" content=\"false\">
<title>SceneAxi — Engine Desktop</title>
<style>
:root{
  --canvas:#0A0F1A;--well:#070B13;--assistant:#0F1624;
  --panel:#0F1624;--overlay:#131B2C;--raised:#131B2C;
  --header:#182236;--hover:#182236;--backdrop:#05080E;
  --line:#243044;--line-card:#243044;--line-row:#1A2436;
  --line-control:#2A3850;--line-raised:#334563;--line-hover:#3D5274;
  --accent:#46D8EC;--accent-hover:#74E3F2;--on-accent:#05121A;
  --ok:#5FE3C0;--refuse:#FF4D5E;--info:#5B9CFF;--scene:#A78BFA;
  --text:#EAF0F9;--text-2:#ACB8CC;--text-3:#ACB8CC;
  --dim:#ACB8CC;--faint:#95A2B8;
  --inert:#95A2B8;--inert-on-accent:#0A2A34;--inert-glyph:#3D5274;
  --rail:56px;--left:274px;
  --inspector:326px;--assistant-w:344px;
  --title-h:36px;--tabs-h:32px;
  --status-h:27px;
  --sans:-apple-system, \"SF Pro Display\", \"Segoe UI Variable Display\", \"Segoe UI\", system-ui, \"Helvetica Neue\", Arial, sans-serif;--mono:ui-monospace, \"SF Mono\", \"Cascadia Code\", Menlo, Consolas, monospace;
  --r-panel:18px;--r-card:13px;--r-control:10px;
  --space-1:4px;--space-2:8px;--space-3:12px;
  --space-4:16px;--space-6:24px;
}
*{box-sizing:border-box}
/* Every hidden region here is an explicit model or runtime decision. */
[hidden]{display:none !important}
html,body{margin:0;padding:0;height:100%;overflow:hidden}
body{background:var(--backdrop);color:var(--text);font-family:var(--sans);font-size:13px;-webkit-font-smoothing:antialiased}
.sr-only{position:absolute;width:1px;height:1px;padding:0;margin:-1px;overflow:hidden;clip:rect(0 0 0 0);white-space:nowrap;border:0}
:focus-visible{outline:2px solid var(--accent);outline-offset:2px;border-radius:var(--r-control);box-shadow:0 0 0 4px var(--well)}
.view-tab:focus-visible,.dock-tab:focus-visible,.rail-mode:focus-visible{outline-offset:-3px;box-shadow:none}
/* Rings remain inside clipped listboxes and popovers; filled controls retain the well halo. */
:is(.menu-command,.project-files select,.project-recent-select,.assistant-route,.assistant-manipulator):focus-visible{outline-offset:-3px;box-shadow:none}
:is(button,input,select,textarea,a[href],[tabindex]):focus-visible{scroll-margin:var(--space-3)}
@media (forced-colors:active){:focus-visible{outline:2px solid Highlight;outline-offset:-2px;box-shadow:none}button[aria-pressed=\"true\"],button[aria-selected=\"true\"]{border:1px solid Highlight}}
:is(.menu-item,.profile-chip,.icon-button,.assistant-toggle,.assistant-mode):not(.is-inert):not([aria-pressed=\"true\"]):hover{background:var(--hover);color:var(--text)}
button:not(.is-inert):not(:disabled):not([aria-disabled=\"true\"]):active{box-shadow:inset 0 0 0 2px var(--line-hover)}
button:not(.is-inert):not(:disabled):not([aria-disabled=\"true\"]):active:focus-visible{box-shadow:0 0 0 4px var(--well),inset 0 0 0 2px var(--line-hover)}
:is(.left-dock,.inspector,.dock-body,.assistant-body,.assistant-composer,.palette-list,.overlay-card){scrollbar-gutter:stable;scroll-padding:var(--space-3)}
button{transition:background-color .14s ease,border-color .14s ease,color .14s ease}
button{font:inherit;color:inherit;background:none;border:0;cursor:pointer}
/* An inert control is dimmed by paint, never by element opacity: opacity
   composites the label toward whatever is behind it, and both the token gate and
   a browser's getComputedStyle read the declared colour, so that dimming was
   measured by nothing. --inert is the dimmest tier that still clears 4.5:1, so
   the refusal stays readable. The [aria-pressed]/[aria-selected] pair is here
   because an active tab or mode sets its own colour at a higher specificity. */
button.is-inert{cursor:not-allowed;color:var(--inert)}
button.is-inert[aria-pressed=\"true\"],button.is-inert[aria-selected=\"true\"]{color:var(--inert)}
button.is-inert .rail-glyph{border-color:var(--inert-glyph)}
code,kbd{font-family:var(--mono);font-size:.86em}

.shell{display:grid;grid-template-rows:var(--title-h) 1fr var(--status-h);height:100dvh;min-height:100dvh;background:var(--canvas);position:relative;overflow:hidden}
/* A denied assistant keeps its column: the archive shows the Kids lock screen
   there, and hiding it would turn a named refusal into an absent panel. Only a
   closed assistant removes the column. */
.shell-body{display:grid;grid-template-columns:var(--rail) var(--left) minmax(0,1fr) var(--inspector) var(--assistant-w);min-height:0}
.shell[data-assistant=\"closed\"] .shell-body{grid-template-columns:var(--rail) var(--left) minmax(0,1fr) var(--inspector)}
.shell[data-assistant=\"closed\"] .assistant{display:none}

.title-bar{display:flex;align-items:center;gap:12px;padding:0 11px;background:var(--panel);border-bottom:1px solid var(--line)}
.window-dots{display:flex;gap:7px}
.window-dots i{width:11px;height:11px;border-radius:50%;background:#334563}
.menu-bar{display:flex;gap:1px}
.menu-root{position:relative}
.menu-item{font-size:12px;color:var(--text-3);padding:0 8px;height:22px;border-radius:3px}
.menu-item[aria-expanded=\"true\"]{background:var(--hover);color:var(--text)}
.menu-panel{position:absolute;left:0;top:25px;z-index:45;min-width:220px;padding:5px;background:var(--raised);border:1px solid var(--line-raised);border-radius:6px;box-shadow:0 18px 45px -16px color-mix(in srgb, var(--backdrop) 90%, transparent)}
.menu-command{display:flex;align-items:center;justify-content:space-between;gap:22px;width:100%;padding:7px 9px;border-radius:4px;color:var(--text-2);font-size:12px;text-align:left}
.menu-command:hover,.menu-command:focus-visible{background:var(--hover);color:var(--text)}
.menu-command.is-inert:hover,.menu-command.is-inert:focus-visible{background:none;color:var(--inert)}
.menu-command kbd{font-size:9px;color:var(--dim)}
.profile-switch{display:flex;gap:2px;padding:2px;background:var(--well);border:1px solid var(--line-control);border-radius:5px}
.profile-chip{display:flex;align-items:center;gap:6px;height:22px;padding:0 10px;border-radius:3px;font-size:11px;color:var(--dim);white-space:nowrap}
.profile-chip[aria-pressed=\"true\"]{background:var(--hover);color:var(--text);font-weight:600}
.profile-chip .dot{background:#2A3850}
.profile-chip[aria-pressed=\"true\"] [data-profile-dot=\"game\"]{background:var(--accent)}
.profile-chip[aria-pressed=\"true\"] [data-profile-dot=\"web\"]{background:#5B9CFF}
.profile-chip[aria-pressed=\"true\"] [data-profile-dot=\"kids\"]{background:var(--scene)}
.chip-tag{font-family:var(--mono);font-size:8.5px;letter-spacing:.06em;color:var(--faint)}
.dot{width:5px;height:5px;border-radius:50%;flex:none;display:inline-block}
.dot-ok{background:var(--ok)}
.title-centre{flex:1;display:flex;justify-content:center;min-width:0}
.project-pill{display:flex;align-items:center;gap:8px;height:22px;padding:0 11px;border-radius:11px;background:var(--header);border:1px solid var(--line-control);font-size:11px;white-space:nowrap}
.project-pill[data-project-state=\"dirty\"],.project-pill[data-project-state=\"recovering\"]{border-color:var(--accent);color:var(--accent)}
.project-pill[data-project-state=\"refused\"]{border-color:#5A2B32;color:var(--refuse)}
.title-actions{display:flex;align-items:center;gap:9px;flex:none}
/* Drawer toggles exist at every size but only matter once a column undocks.
   Scoped so the later .ghost-button rule cannot win on equal specificity. */
.title-actions .drawer-toggle{display:none}
.ghost-button{display:flex;align-items:center;gap:7px;height:22px;padding:0 10px;border-radius:4px;background:var(--header);border:1px solid var(--line-control);font-size:11px;color:var(--dim)}
.ghost-button:hover{border-color:var(--line-hover);color:var(--text)}
/* A single-class :hover outranks button.is-inert, so every control class whose
   hover repaints its label has to say what the inert one does under the pointer
   — otherwise an inert control becomes indistinguishable from a live one there,
   which is the same dimmed-by-nothing state the paint rule above replaced. */
.ghost-button.is-inert:hover{border-color:var(--line-control);color:var(--inert)}
.ghost-button kbd{background:var(--well);border:1px solid var(--line-control);border-radius:2px;padding:1px 4px;color:var(--faint)}
.primary-button{background:var(--accent);color:var(--on-accent);font-weight:600;font-size:11px;border-radius:var(--r-control);height:22px;padding:0 11px}
.primary-button:hover{background:var(--accent-hover)}
/* The accent fill stays and only the mark on it is demoted: --inert on orange is
   1.29:1, and the fill is what says which control this is. --inert-on-accent is
   5.72:1 there against the live 7.05:1. */
.primary-button.is-inert,.primary-button.is-inert:hover{color:var(--inert-on-accent)}
.primary-button.is-inert:hover{background:var(--accent)}
.block-button{width:100%;height:32px;font-size:12px;margin-top:10px}
.assistant-toggle{display:flex;align-items:center;gap:7px;height:22px;padding:0 10px;border-radius:4px;font-size:11px;font-weight:500;background:var(--header);border:1px solid var(--line-control);color:var(--dim)}
/* Where the assistant is docked the toggle reads the column's own state; below
   that tier the drawer rule takes over. Which one applies is a stylesheet
   decision on the two complementary media conditions rather than an attribute
   chosen at render time, because the document can be opened at a viewport the
   render never saw and the toggle must never light up over a column that
   viewport does not show. */
@media (min-width:1440px) and (min-height:720px){
  .shell[data-assistant=\"open\"] .assistant-toggle{background:#10242C;border-color:#1E5A66;color:var(--accent)}
  .shell[data-assistant=\"open\"] [data-assistant-dot]{background:var(--accent)}
}
.shell[data-assistant=\"denied\"] [data-assistant-dot]{background:var(--scene)}

.mode-rail{background:var(--well);border-right:1px solid var(--line);display:flex;flex-direction:column;align-items:center;padding:9px 0;gap:2px}
.brand{width:28px;height:28px;border-radius:7px;background:var(--accent);margin-bottom:9px;display:grid;place-items:center;box-shadow:0 0 0 1px color-mix(in srgb, var(--accent) 30%, transparent),0 5px 16px -5px color-mix(in srgb, var(--accent) 60%, transparent)}
.brand::before{content:\"\";width:10px;height:10px;border:2px solid var(--on-accent);border-radius:1px;transform:rotate(45deg)}
.rail-mode{width:44px;height:42px;border-radius:var(--r-control);display:flex;flex-direction:column;align-items:center;justify-content:center;gap:4px;position:relative;color:var(--faint)}
.rail-mode:hover{background:var(--header)}
.rail-mode[aria-pressed=\"true\"]{background:var(--header);color:var(--accent)}
.rail-mode[aria-pressed=\"true\"]::before{content:\"\";position:absolute;left:-9px;top:10px;bottom:10px;width:2px;border-radius:0 2px 2px 0;background:var(--accent)}
.rail-glyph{width:14px;height:14px;border:1.5px solid currentColor;display:block}
.rail-label{font-family:var(--mono);font-size:8px;letter-spacing:.05em}

.left-dock,.inspector{background:var(--panel);display:flex;flex-direction:column;min-height:0;overflow-y:auto}
.left-dock{border-right:1px solid var(--line)}
.inspector{border-left:1px solid var(--line)}
.editor-command-tools,.project-command-tools{display:grid;gap:7px;padding:8px;border-top:1px solid var(--line)}
.editor-command-form{display:grid;gap:5px;padding:8px;border:1px solid var(--line-card);border-radius:5px;background:var(--well)}
.editor-command-form h3{margin:0;font-size:10px;font-weight:600}
.editor-command-form label,.viewport-source-control{display:grid;gap:3px;font-size:9px;color:var(--dim)}
.editor-command-form input,.editor-command-form select,.editor-command-form textarea,.viewport-source-control select{min-width:0;width:100%;padding:5px;border:1px solid var(--line-control);border-radius:4px;background:var(--raised);color:var(--text);font:9px var(--mono)}
.editor-command-form textarea{min-height:48px;resize:vertical}
.editor-command-form [aria-live]{margin:0;font-size:8px;line-height:1.4;color:var(--dim);overflow-wrap:anywhere}
.editor-command-form button,.view-tabs>[data-editor-command-submit]{min-height:24px;padding:3px 7px;border:1px solid var(--line-control);border-radius:4px;text-align:left;font-size:9px}
.editor-command-form button:disabled,.view-tabs>[data-editor-command-submit]:disabled{color:var(--inert);cursor:not-allowed}
.viewport-source-control{display:flex;align-items:center;white-space:nowrap}
.viewport-source-control select{width:auto}
/* Intrinsic section heights contribute to the inspector's scroll extent. */
.inspector > section{flex-shrink:0;min-width:0}
/* Catalogue textareas must not share an inline baseline with Stage: native
   multiline controls otherwise paint below the label's line box at the scroll edge. */
.scene-catalog-editor{display:grid;gap:var(--space-2);min-width:0;padding:var(--space-3)}
.scene-catalog-editor label{display:grid;gap:var(--space-1);min-width:0}
.scene-catalog-editor textarea{display:block;width:100%;min-width:0;resize:vertical}
.scene-catalog-editor button{justify-self:start}
.scene-catalog-editor pre{min-width:0;white-space:pre-wrap;overflow-wrap:anywhere}
.panel-head{margin:0;height:32px;flex:none;display:flex;align-items:center;padding:0 var(--space-3);background:var(--header);border-top:1px solid var(--line);border-bottom:1px solid var(--line);font-family:var(--mono);font-size:11px;font-weight:500;letter-spacing:.08em;color:var(--text-3)}
.panel-empty{margin:var(--space-2);padding:var(--space-3);border:1px dashed var(--line-control);border-radius:var(--r-control);background:var(--well);font-size:12px;line-height:1.65;color:var(--dim);overflow-wrap:anywhere}
.panel-empty[aria-live]{border-style:solid;border-left:2px solid var(--line-hover)}
.panel-note{display:flex;gap:9px;align-items:flex-start;margin:0 10px 11px;padding:10px 11px;border:1px solid;border-radius:4px;font-size:11px;line-height:1.55}
.panel-note .dot{margin-top:5px}
.project-panel{flex:none;border-bottom:1px solid var(--line)}
.project-panel .panel-head{justify-content:space-between}
.project-name{max-width:126px;overflow:hidden;text-overflow:ellipsis;white-space:nowrap;color:var(--dim);font-size:8px;letter-spacing:.04em}
.project-launcher{display:grid;gap:var(--space-2);padding:var(--space-3);border-bottom:1px solid var(--line)}
.project-launcher p,.project-root{margin:0;color:var(--dim);font-size:11px;line-height:1.6;overflow-wrap:anywhere}
.project-lifecycle-actions{display:grid;grid-template-columns:minmax(0,1fr) minmax(0,1fr);gap:6px}
.project-lifecycle-actions button{min-width:0;padding-inline:7px}
.project-recent-label{font-family:var(--mono);font-size:10px;color:var(--faint);text-transform:uppercase;letter-spacing:.08em}
.project-recent-select{width:100%;min-width:0;height:26px;padding:0 7px;border:1px solid var(--line-control);border-radius:4px;background:var(--raised);color:var(--text);font-family:var(--mono);font-size:9px}
.project-recent-select.is-inert{color:var(--inert);border-color:var(--line-control)}
.project-bound{min-width:0}
.project-files{padding:7px}
.project-files select{width:100%;min-width:0;padding:3px;border:1px solid var(--line-control);border-radius:4px;background:var(--raised);color:var(--dim);font-family:var(--mono);font-size:9px}
.project-files select[aria-disabled=\"true\"]{color:var(--inert);cursor:not-allowed}
.project-files option{padding:6px;color:var(--dim)}
.project-files option:checked{background:#10242C;color:var(--text)}
.project-browser-detail{margin:0 7px 8px;padding:8px;border:1px solid var(--line);border-radius:4px;background:var(--well);min-width:0}
.project-browser-detail>strong{display:block;overflow-wrap:anywhere;font-family:var(--mono);font-size:9px;color:var(--text)}
.project-browser-detail dl{display:grid;gap:var(--space-2);margin:var(--space-3) 0}
.project-browser-detail dl div{display:grid;grid-template-columns:54px minmax(0,1fr);gap:6px;min-width:0}
.project-browser-detail dt{font-family:var(--mono);font-size:10px;color:var(--faint);text-transform:uppercase}
.project-browser-detail dd{margin:0;min-width:0;overflow-wrap:anywhere;font-family:var(--mono);font-size:10px;line-height:1.6;color:var(--dim)}
.project-browser-actions{display:grid;grid-template-columns:minmax(0,1fr) minmax(0,1fr);gap:5px}
.project-browser-actions button{min-width:0;height:auto;min-height:24px;padding:4px 6px;font-size:8px;white-space:normal}
.project-browser-actions button:first-child{grid-column:1/-1}
.asset-browser{display:grid;grid-template-columns:repeat(auto-fit,minmax(min(260px,100%),1fr));gap:8px;padding:10px;min-width:0}
.asset-browser .panel-empty{grid-column:1/-1}
.asset-browser-card{min-width:0;padding:9px 10px;border:1px solid var(--line-card);border-radius:4px;background:var(--well)}
.asset-browser-card strong,.asset-browser-card span{display:block;overflow-wrap:anywhere}
.asset-browser-card strong{font-family:var(--mono);font-size:9px;color:var(--text)}
.asset-browser-card span{margin-top:var(--space-1);font-family:var(--mono);font-size:10px;line-height:1.6;color:var(--dim);font-variant-numeric:tabular-nums;user-select:text}
.asset-browser-card .asset-browser-meta{display:none}
.scene-entities{padding:0 var(--space-2) var(--space-3)}
.scene-entities-label{margin:0 3px 5px;font-size:10px;letter-spacing:.02em;color:var(--dim)}
.scene-entities select{position:absolute;width:1px;height:1px;padding:0;margin:-1px;overflow:hidden;clip:rect(0 0 0 0);white-space:nowrap;border:0}
/* The canonical multi-select remains a keyboard control, not an invisible focus stop. */
.scene-entities select:focus-visible{position:static;width:100%;height:auto;min-height:96px;padding:6px;margin:0;overflow:auto;clip:auto;white-space:normal;border:1px solid var(--line-card)}
.scene-entity-identities{display:grid;gap:var(--space-2);min-width:0;margin:var(--space-2) 0 0;padding:0;list-style:none}
.scene-entity-identity{min-width:0;margin-left:calc(var(--scene-depth,0) * var(--space-2));padding:var(--space-2) var(--space-3);border:1px solid var(--line-card);border-left:2px solid var(--line-card);border-radius:6px;background:var(--well);cursor:pointer;transition:background-color .14s ease,border-color .14s ease}
.scene-entity-identity:focus-visible{outline-offset:-3px;box-shadow:none}
.scene-entity-identity:hover{border-color:var(--line-hover)}
.scene-entity-identity.is-selected{border-color:var(--accent);background:#10242C}
.scene-entity-identity>span{display:block;margin-bottom:var(--space-1);font-size:12px;line-height:1.5;font-weight:600;color:var(--text);overflow-wrap:anywhere}
.scene-entity-identity dl{display:none;gap:var(--space-1);margin:var(--space-2) 0 0}
.shell[data-details-open=\"true\"] .scene-entity-identity dl{display:grid}
.scene-entity-identity dl div{display:grid;grid-template-columns:42px minmax(0,1fr);gap:var(--space-2);min-width:0;padding:var(--space-1) 0;border-top:1px solid var(--line-row)}
.scene-entity-identity dt{font-family:var(--mono);font-size:10px;line-height:1.6;letter-spacing:.05em;text-transform:uppercase;color:var(--faint)}
.scene-entity-identity dd{min-width:0;margin:0}
.scene-entity-identity code{display:block;min-width:0;font-size:10px;line-height:1.6;color:var(--dim);white-space:normal;overflow-wrap:anywhere;font-variant-numeric:tabular-nums;user-select:text}
.scene-entity{width:100%;min-width:0;padding:8px 9px;border:1px solid var(--line-card);border-radius:4px;background:var(--raised);color:var(--dim);text-align:left}
.scene-entity span,.scene-entity code{display:block;overflow:hidden;text-overflow:ellipsis;white-space:nowrap}
.scene-entity span{font-size:10px;color:var(--text)}.scene-entity code{margin-top:3px;font-size:8px;color:var(--dim)}
.scene-entity[aria-pressed=\"true\"]{border-color:var(--accent);background:#10242C}
.scene-entities-refusal{margin:0;padding:0 10px 9px;font-size:9px;line-height:1.45;color:var(--dim);overflow-wrap:anywhere}
.project-file-state,.project-root,.scene-entities-refusal,.left-dock .panel-note{display:none}
.ship-export-evidence,.project-git-controls{display:none}
.shell[data-details-open=\"true\"] .ship-export-evidence,
.shell[data-details-open=\"true\"] .project-git-controls{display:grid}
.scene-property-editor{display:grid;gap:6px;padding:8px 10px}
.scene-property-entity{margin:0;padding-bottom:5px;border-bottom:1px solid var(--line);min-width:0}
.scene-property-entity b,.scene-property-entity code{display:block;overflow:hidden;text-overflow:ellipsis;white-space:nowrap}
.scene-property-entity b{font-size:12px}.scene-property-entity code{display:none}
.scene-property-editor label{display:grid;gap:3px;font-size:9px;color:var(--dim)}
.scene-transform-grid{display:grid;grid-template-columns:repeat(3,minmax(0,1fr));gap:5px}
.scene-advanced{display:none;min-width:0;border:1px solid var(--line-row);border-radius:5px;padding:8px}
.shell[data-details-open=\"true\"] .scene-advanced{display:grid;gap:7px}
.scene-review-details .scene-property-review{margin-top:4px}
.scene-instance-actions{display:grid;grid-template-columns:minmax(0,1fr) minmax(0,1fr);gap:6px}
.scene-instance-actions button{min-width:0;padding-inline:6px}
.scene-parenting{display:grid;gap:7px;padding-top:2px}.scene-parenting label{display:grid;gap:4px}.scene-parenting select{width:100%;min-width:0;height:28px;border:1px solid var(--line-control);border-radius:4px;background:var(--raised);color:var(--text);font-family:var(--mono);font-size:9px}
.scene-property-input{width:100%;min-width:0;height:28px;padding:0 8px;border:1px solid var(--line-control);border-radius:4px;background:var(--raised);color:var(--text);font-family:var(--mono);font-size:11px}
.scene-property-input:focus-visible{outline:2px solid var(--accent);outline-offset:2px}.scene-property-input.is-inert{color:var(--inert)}
.scene-property-diagnostic{margin:0;font-size:9px;line-height:1.45;color:var(--dim);overflow-wrap:anywhere}
.scene-property-review{max-height:150px;margin:0;padding:var(--space-2);overflow:auto;border:1px solid var(--line);border-radius:4px;background:var(--well);color:var(--dim);font-family:var(--mono);font-size:10px;line-height:1.6;white-space:pre-wrap;overflow-wrap:anywhere}
.ship-export-panel{padding:0 12px 12px}.ship-export-evidence{display:grid;gap:8px;margin:12px 0 0}.ship-export-evidence div{min-width:0}.ship-export-evidence dt{font:9px/1.4 var(--mono);letter-spacing:.08em;text-transform:uppercase;color:var(--faint)}.ship-export-evidence dd{margin:2px 0 0;color:var(--dim);overflow-wrap:anywhere}.ship-export-evidence code{font-size:9px}
.pass-list{list-style:none;margin:0;padding:10px 11px;display:flex;flex-direction:column;gap:6px}
.pass-row{display:flex;align-items:center;gap:var(--space-2);padding:var(--space-2) var(--space-3);background:var(--raised);border:1px solid var(--line);border-radius:4px;min-width:0}
.pass-row>div{min-width:0;overflow-wrap:anywhere}
.pass-row:nth-child(even){background:var(--well)}
.pass-order{width:14px;height:14px;border-radius:3px;background:var(--accent);color:var(--on-accent);display:grid;place-items:center;font-size:9px;font-weight:700;flex:none}
.pass-row b{display:block;font-size:11px;font-weight:400;color:var(--text)}
.pass-row em{display:block;font-style:normal;font-size:10px;color:var(--dim)}

.viewport-column{display:flex;flex-direction:column;min-width:0;min-height:0}
.viewport-region{display:flex;flex-direction:column;flex:1;min-width:0;min-height:0;background:var(--canvas)}
.stage-host{flex:1;min-height:0;display:flex;flex-direction:column}
.profile-surfaces{flex:none;background:var(--panel);border-bottom:1px solid var(--line);position:relative}
.profile-surface{min-height:56px;padding:10px 14px;display:grid;grid-template-columns:120px minmax(0,1fr);gap:14px;align-items:center}
.capability-list{display:none}
.shell[data-profile=\"web\"] .profile-surface[data-profile-surface=\"web\"]{min-height:88px;grid-template-columns:140px minmax(0,1.4fr)}
.shell[data-profile=\"web\"] .mode-rail,
.shell[data-profile=\"web\"] .scene-entities,
.shell[data-profile=\"web\"] .scene-property-editor,
.shell[data-profile=\"web\"] .inspector-panel,
.shell[data-profile=\"web\"] .project-browser-detail,
.shell[data-profile=\"web\"] .view-tabs,
.shell[data-profile=\"web\"] .axis-widget,
.shell[data-profile=\"web\"] .assistant-manipulators,
.shell[data-profile=\"web\"] .sculpt-progress,
.shell[data-profile=\"web\"] .game-runtime-note,
.shell[data-profile=\"game\"] .site-page-tail,
.shell[data-profile=\"game\"] .assistant-empty-web,
.shell[data-profile=\"game\"] .assistant-foot-web,
.shell[data-profile=\"web\"] .assistant-empty-game,
.shell[data-profile=\"web\"] .assistant-foot-game,
.shell[data-profile=\"kids\"] .assistant-empty-web,
.shell[data-profile=\"kids\"] .assistant-foot-web{display:none}
.shell[data-profile=\"web\"] [data-files-title]{font-size:0}
.shell[data-profile=\"web\"] [data-files-title]::after{content:\"Pages\";font-size:11px;letter-spacing:.08em}
.shell[data-profile=\"web\"] .profile-runtime-actions .primary-button{font-size:0}
.shell[data-profile=\"web\"] .profile-runtime-actions .primary-button::after{content:\"Preview\";font-size:11px;font-weight:600}
.profile-surface[data-profile-surface=\"web\"]{display:none}
.shell[data-profile=\"web\"] .profile-surface[data-profile-surface=\"game\"]{display:none}
.shell[data-profile=\"web\"] .profile-surface[data-profile-surface=\"web\"]{display:grid}
.profile-kicker{display:block;font-family:var(--mono);font-size:8px;letter-spacing:.14em;color:var(--accent);margin-bottom:4px}
.profile-surface strong{font-size:13px}
.capability-list{list-style:none;margin:0;padding:0;display:flex;gap:6px;min-width:0;overflow:hidden}
.capability-list li{min-width:0;flex:1;padding:6px 8px;background:var(--raised);border:1px solid var(--line-card);border-radius:4px}
.capability-list b,.capability-list span{display:block;overflow:hidden;text-overflow:ellipsis;white-space:nowrap}
.capability-list b{font-size:10px}.capability-list span{font-size:8.5px;color:var(--dim);margin-top:2px}
.game-runtime-note,.web-authoring-tools p{margin:0;font-size:10px;line-height:1.45;color:var(--dim)}
.web-authoring-note{display:none}
.shell[data-details-open=\"true\"] .web-authoring-note{display:block}
.web-authoring-tools{display:flex;flex-direction:column;gap:8px;min-width:0}
.web-authoring-tools p{font-size:12px;color:var(--text-2)}
.web-authoring-tools code{overflow:hidden;text-overflow:ellipsis;white-space:nowrap;color:#5B9CFF}
.profile-actions{display:flex;gap:6px;align-items:center}
.profile-runtime-actions{min-height:30px;padding:0 12px 7px;display:flex;align-items:center;justify-content:flex-end;gap:9px}
.runtime-report{margin:0;max-width:300px;overflow:hidden;text-overflow:ellipsis;white-space:nowrap;font-family:var(--mono);font-size:8.5px;color:var(--dim)}
.view-tabs{height:var(--tabs-h);flex:none;display:flex;align-items:stretch;background:var(--panel);border-bottom:1px solid var(--line)}
/* The tablist owns only its tabs: ARIA restricts a tablist's children to tabs,
   so the spacer and the tool glyphs stay siblings in the same flex row. */
.view-tablist{display:flex;align-items:stretch}
.view-tab{padding:0 15px;font-size:11px;color:var(--dim);border-right:1px solid var(--line)}
.view-tab[aria-selected=\"true\"]{color:var(--text);font-weight:600;background:var(--panel);box-shadow:inset 0 2px 0 var(--accent)}
.spacer{flex:1}
.view-tools{display:flex;align-items:center;gap:3px;padding:0 8px}
.view-tools i{width:10px;height:10px;border:1.4px solid var(--faint);border-radius:1px}
.viewport{flex:1;position:relative;min-height:0;overflow:hidden;background:radial-gradient(130% 95% at 50% 0%, #182236 0%, #0A0F1A 48%, #0A0F1A 100%);display:grid;place-items:center}
.viewport-backdrop{position:absolute;inset:0;pointer-events:none;box-shadow:inset 0 0 0 1px var(--line-row)}
.site-stage{display:none}
.shell[data-profile=\"web\"] .stage-host{overflow:auto;background:#131820;padding:18px 20px 28px}
.shell[data-profile=\"web\"] .site-stage{display:block}
.site-browser-bar{display:flex;align-items:center;gap:6px;height:32px;padding:0 12px;border:1px solid var(--line);border-bottom:0;border-radius:10px 10px 0 0;background:var(--header)}
.site-browser-bar i{width:8px;height:8px;border-radius:50%;background:var(--line-hover)}
.site-browser-bar span{margin-left:8px;font-size:11px;color:var(--dim)}
.site-page{border:1px solid var(--line);border-bottom:0;background:var(--raised);padding:18px 24px 14px}
.site-nav{display:flex;gap:16px;margin:0 0 18px;font-size:12px;color:var(--dim)}
.site-eyebrow{margin:0 0 6px;font-size:10px;letter-spacing:.14em;text-transform:uppercase;color:var(--accent)}
.site-hero-copy h3{margin:0 0 8px;font-size:32px;line-height:1.1;color:var(--text)}
.site-hero-copy p{margin:0;max-width:44ch;font-size:14px;line-height:1.55;color:var(--text-2)}
.site-page-tail{display:none;border:1px solid var(--line);border-top:0;border-radius:0 0 10px 10px;background:var(--panel);padding:8px 24px 20px}
.shell[data-profile=\"web\"] .site-page-tail{display:block}
.site-band{margin:16px 0;padding:14px 0;border-top:1px solid var(--line-row)}
.site-band h4{margin:0 0 6px;font-size:16px}
.site-band p{margin:0;max-width:48ch;font-size:13px;line-height:1.55;color:var(--text-2)}
.site-foot{margin:18px 0 0;font-size:11px;color:var(--dim)}
.shell[data-profile=\"web\"] .shell-body{grid-template-columns:var(--left) minmax(0,1fr) var(--inspector) var(--assistant-w)}
.shell[data-profile=\"web\"] .profile-surfaces{background:transparent;border:0}
.shell[data-profile=\"web\"] .viewport{flex:none;height:min(46vh,420px);min-height:220px;border:1px solid var(--line);border-top:0;border-radius:0 0 10px 10px}
.shell[data-profile=\"web\"] .viewport-note-inert,.shell[data-profile=\"game\"] .viewport-note-web{display:none}
.shell[data-profile=\"web\"] .viewport-note-web{display:block;position:relative;z-index:2;max-width:36ch}
.web-page-inspector{display:none;padding:0 0 16px}
.shell[data-profile=\"web\"] .web-page-inspector{display:block}
.web-page-sections{list-style:none;margin:0;padding:8px 12px;display:grid;gap:8px}
.web-page-sections li{padding:10px 11px;border:1px solid var(--line-card);border-radius:8px;background:var(--raised)}
.web-page-sections b,.web-page-sections span{display:block}
.web-page-sections b{font-size:12px}
.web-page-sections span{margin-top:3px;font-size:11px;color:var(--dim)}
.viewport-note{margin:0;font-size:11px;line-height:1.5;color:var(--dim);max-width:44ch;text-align:center}
.axis-widget{position:absolute;right:12px;top:11px;display:flex;gap:4px}
.axis-widget i{width:18px;height:2px;border-radius:1px;display:block}
.assistant-manipulators{position:absolute;left:12px;top:12px;z-index:8;display:flex;gap:4px}
.assistant-manipulator{border:1px solid var(--line-hover);border-radius:3px;background:var(--header);color:var(--text);padding:5px 7px;font-size:10px}
.assistant-manipulator:hover{border-color:var(--accent);color:var(--accent)}
.assistant-manipulator.is-inert:hover{border-color:var(--line-hover);color:var(--inert)}

.sculpt-progress{position:absolute;left:50%;bottom:64px;transform:translateX(-50%);display:flex;flex-direction:column;align-items:center;gap:9px;animation:rise .3s ease-out}
.sculpt-label{margin:0;font-size:14px;font-weight:600}
.sculpt-track{width:320px;height:3px;background:var(--hover);border-radius:2px;overflow:hidden;position:relative}
.sculpt-fill{position:absolute;left:0;top:0;bottom:0;background:var(--accent)}
.sculpt-sweep{position:absolute;inset:0;width:28%;background:linear-gradient(90deg,transparent,color-mix(in srgb, var(--text) 35%, transparent),transparent);animation:sweep 1.1s linear infinite}
.sculpt-detail{margin:0;font-family:var(--mono);font-size:9px;color:var(--faint)}

.dock{height:var(--dock-h);flex:none;background:var(--panel);border-top:1px solid var(--line);display:flex;flex-direction:column;min-height:0}
.dock-tabs{height:30px;flex:none;display:flex;align-items:stretch;background:var(--header);border-bottom:1px solid var(--line)}
/* Same rule as the viewport strip: the bulk accept/reject are the highest
   consequence controls here, so they must not sit inside the tablist. */
.dock-tablist{display:flex;align-items:stretch}
.dock-tab{display:flex;align-items:center;gap:7px;padding:0 13px;font-size:11px;color:var(--dim);border-right:1px solid var(--line)}
.dock-tab[aria-selected=\"true\"]{color:var(--text);font-weight:600;background:var(--panel);box-shadow:inset 0 2px 0 var(--accent)}
.badge{min-width:15px;height:15px;padding:0 4px;border-radius:8px;background:var(--accent);color:var(--on-accent);font-family:var(--mono);font-size:9px;font-weight:700;display:grid;place-items:center}
.dock-body{flex:1;min-height:0;overflow-y:auto}
.dock-caption{margin:0;padding:8px 14px;font-size:10.5px;color:var(--dim);border-bottom:1px solid var(--line-row);background:var(--well)}
.change-proposal{padding:12px 14px;display:grid;grid-template-columns:minmax(220px,.42fr) minmax(0,1fr) auto;gap:14px;align-items:start}
.change-meta{margin:0;display:grid;gap:9px;min-width:0}
.change-meta div{min-width:0}
.change-meta dt{font-family:var(--mono);font-size:9px;letter-spacing:.08em;text-transform:uppercase;color:var(--faint)}
.change-meta dd{margin:3px 0 0;min-width:0;color:var(--text-2)}
.change-meta code{display:block;overflow-wrap:anywhere;font-size:10px}
.change-diff{min-width:0;max-height:min(46vh,280px);overflow:auto;margin:0;padding:9px 10px;border:1px solid var(--line-control);border-radius:4px;background:var(--well);color:var(--text-2);font:10px/1.45 var(--mono);white-space:pre-wrap;overflow-wrap:anywhere}
.change-actions{display:flex;gap:7px;justify-content:flex-end}
.change-actions .primary-button,.change-actions .ghost-button{height:30px;padding:0 13px}
.change-empty{margin:auto;padding:var(--space-6) var(--space-4);max-width:52ch;text-align:center;font-size:13px;line-height:1.65;color:var(--dim)}
.change-empty::before{content:\"\";display:block;width:24px;height:24px;margin:0 auto var(--space-3);border:1px solid var(--line-hover);border-radius:6px;background:var(--raised)}

.assistant{background:var(--assistant);border-left:1px solid var(--line);display:flex;flex-direction:column;min-height:0}
.assistant-head{height:40px;flex:none;display:flex;align-items:center;gap:9px;padding:0 12px;background:var(--raised);border-bottom:1px solid var(--line)}
.assistant-head h2{margin:0;font-size:12px;font-weight:600;flex:1}
.assistant-mark{width:16px;height:16px;border-radius:4px;background:#10242C;display:grid;place-items:center}
.assistant-mark::before{content:\"\";width:6px;height:6px;border-radius:1px;background:var(--accent);transform:rotate(45deg)}
/* One live-bars signal confirms work; the canvas and labels stay visually still. */
.shell[data-assistant-busy=\"true\"] .assistant-mark{box-shadow:0 0 0 4px #10242C}
.shell[data-assistant=\"denied\"] .assistant-mark{background:#1B1626}
.shell[data-assistant=\"denied\"] .assistant-mark::before{background:var(--scene)}
.assistant-model{font-family:var(--mono);font-size:9px;color:var(--dim);background:var(--header);border:1px solid var(--line-control);border-radius:3px;padding:2px 6px}
.icon-button{width:26px;height:26px;flex:none;border-radius:4px;display:grid;place-items:center;color:var(--dim);line-height:1}
:is(.dot,.rail-glyph,.assistant-mark,.overlay-mark,.badge){flex-shrink:0}
/* An icon button on the accent fill keeps the on-accent glyph colour: without
   this the later single-class rule wins and paints --dim on orange (1.1:1). */
.primary-button.icon-button{color:var(--on-accent)}
.primary-button.icon-button.is-inert{color:var(--inert-on-accent)}
.assistant-body{flex:1;min-height:0;overflow-y:auto;padding:var(--space-4) var(--space-3)}
.assistant-empty{margin:0;padding:var(--space-3);border:1px dashed var(--line-card);border-radius:var(--r-control);background:var(--well);font-size:13px;line-height:1.65;color:var(--dim);max-width:40ch}
.assistant-live{display:none;align-items:end;gap:4px;height:28px;margin:14px 0 0}
.shell[data-assistant-busy=\"true\"] .assistant-live{display:flex}
.assistant-live i{width:5px;border-radius:99px;background:var(--accent);animation:assistant-bars 0.9s ease-in-out infinite}
.assistant-live i:nth-child(1){height:8px;animation-delay:0s}
.assistant-live i:nth-child(2){height:16px;animation-delay:.12s}
.assistant-live i:nth-child(3){height:22px;animation-delay:.24s}
.assistant-thinking{display:flex;align-items:center;gap:6px;margin:12px 0 0;font-size:12px;color:var(--accent)}
.assistant-thinking .dot{width:6px;height:6px;border-radius:50%;background:var(--accent)}
.assistant-progress{min-width:0;min-height:44px;margin:var(--space-3) 0;overflow-wrap:anywhere;font-size:11px;line-height:1.5;color:var(--text-2);padding:var(--space-3);border:1px solid var(--line-control);border-radius:4px;background:var(--header);transition:border-color .2s ease,color .2s ease}
.shell[data-assistant-busy=\"true\"] .assistant-progress{border-color:var(--accent);color:var(--text)}
.assistant-result{min-width:0;padding:var(--space-3);border-left:2px solid var(--line-hover);background:var(--well);font-size:12px;line-height:1.65;color:var(--text-3);white-space:pre-wrap;overflow-wrap:anywhere;user-select:text;animation:rise .16s ease-out}
.assistant-foot{font-size:10px;color:var(--dim);line-height:1.5;margin:12px 0 0}
.assistant-composer{flex:none;max-height:65%;min-height:0;overflow-y:auto;scroll-padding:var(--space-2);border-top:1px solid var(--line);background:var(--panel);padding:var(--space-3);display:flex;flex-direction:column;gap:var(--space-2)}
.assistant-prompt{width:100%;min-height:72px;flex-shrink:0;resize:vertical;border:1px solid var(--line-control);border-radius:6px;background:var(--well);color:var(--text);font:12px/1.6 var(--sans);padding:var(--space-3)}
.assistant-prompt::placeholder{color:var(--faint)}
.assistant-prompt.is-inert{color:var(--inert);cursor:not-allowed}
.assistant-routes{display:none;grid-template-columns:repeat(3,minmax(0,1fr));gap:3px}
.shell[data-details-open=\"true\"] .assistant-routes{display:grid}
.assistant-route{min-width:0;padding:var(--space-2) var(--space-1);border:1px solid var(--line-control);border-radius:3px;color:var(--dim);font-size:9px;line-height:1.2}
.assistant-route-refusal{display:block;margin-top:var(--space-1);font-size:10px;line-height:1.5;overflow-wrap:anywhere;color:var(--scene)}
.assistant-route[aria-pressed=\"true\"]{border-color:var(--accent);color:var(--accent);background:#10242C}
.composer-actions{display:flex;align-items:center;gap:7px}
.assistant-modes{display:flex;background:var(--header);border:1px solid var(--line-control);border-radius:4px;padding:2px}
.assistant-mode{height:24px;padding:0 11px;font-size:11px;color:var(--dim);border-radius:3px}
.assistant-mode[aria-pressed=\"true\"]{background:var(--accent);color:var(--on-accent);font-weight:600}
.assistant-mode.is-inert[aria-pressed=\"true\"]{color:var(--inert-on-accent)}
/* Both assistant bodies ship in every document and the state chooses between
   them, so a profile switched in the browser reaches the same named denial the
   model reports — the rule the editor body's refusal region already follows. */
.assistant-denied{display:none;flex:1;flex-direction:column;align-items:center;justify-content:center;gap:14px;padding:34px 26px;text-align:center}
.shell[data-assistant=\"denied\"] .assistant-denied{display:flex}
.shell[data-assistant=\"denied\"] .assistant-body,
.shell[data-assistant=\"denied\"] .assistant-composer{display:none}
.assistant-denied p{margin:0;font-size:12px;color:var(--dim);line-height:1.6}
.assistant-denied-title{font-size:16px;font-weight:700;color:var(--text)}
.assistant-denied-detail,.assistant-denied-code{display:none}
.shell[data-details-open=\"true\"] .assistant-denied-detail,
.shell[data-details-open=\"true\"] .assistant-denied-code{display:block}
.assistant-denied code{color:#C3B0F0;border:1px solid #3A2E52;background:#1B1626;border-radius:3px;padding:4px 8px;display:inline-block}

/* Kids: one refusal region replaces the whole editor body, so the grid drops to
   rail + body + assistant. */
.shell[data-profile=\"kids\"] .shell-body{grid-template-columns:var(--rail) minmax(0,1fr) var(--assistant-w)}
.shell[data-profile=\"kids\"] .left-dock,
.shell[data-profile=\"kids\"] .viewport-column,
.shell[data-profile=\"kids\"] .inspector{display:none}
.profile-refusal{display:none;place-items:center;padding:32px;background:radial-gradient(120% 90% at 50% 0%, #1B1626 0%, var(--canvas) 70%);min-width:0}
.shell[data-profile=\"kids\"] .profile-refusal{display:grid}
.shell[data-profile=\"kids\"]{--accent:#A78BFA;--on-accent:#1B1626}
.profile-refusal-card{max-width:46ch;text-align:center;background:#1B1626;border:1px solid #3A2E52;border-radius:18px;padding:28px 28px 24px;box-shadow:0 18px 40px -24px #A78BFA}
.profile-refusal-card h2{margin:12px 0;font-size:22px;color:#C3B0F0}
.profile-refusal-card p{margin:0 0 10px;font-size:13px;line-height:1.65;color:#C3B0F0}
.kids-studio-mark{display:grid;place-items:center;width:42px;height:42px;margin:0 auto;border-radius:14px;background:#A78BFA;color:#1B1626;font-size:20px}
.profile-refusal-code{display:none}
.shell[data-details-open=\"true\"] .profile-refusal-code{display:block}
.profile-refusal-code code{color:var(--scene)}
.profile-refusal-foot{color:var(--dim) !important}
.mark-scene{background:#1B1626;border:1px solid #3A2E52;color:#A78BFA;margin:0 auto}
.project-browser-status{margin:4px 0 0;font-size:10px;color:var(--dim)}
.project-browser-advanced{display:none;margin-top:6px}
.shell[data-details-open=\"true\"] .project-browser-advanced{display:block}

.status-bar{position:relative;background:var(--well);border-top:1px solid var(--line);display:flex;align-items:center;padding:0 12px;gap:13px}
.status-text{display:flex;align-items:center;gap:7px;font-size:11px;color:var(--text-3)}
.status-pin{font-family:var(--mono);font-size:10px;color:var(--faint)}
.status-project{min-width:0;flex:0 1 auto;overflow:hidden;text-overflow:ellipsis;white-space:nowrap;font-family:var(--mono);font-size:10px;color:var(--dim)}
.divider{width:1px;height:12px;background:var(--line-card)}
.state-shortcut{font-family:var(--mono);font-size:9px;letter-spacing:.07em;color:var(--faint);border:1px solid var(--line-control);border-radius:3px;padding:2px 7px}
.state-shortcut:hover{border-color:var(--line-hover);color:var(--text)}

.overlay{position:absolute;inset:0;background:color-mix(in srgb, var(--backdrop) 68%, transparent);display:grid;place-items:center;z-index:50;padding:24px}
.overlay-card{width:min(620px,100%);max-height:80%;overflow:auto;background:var(--overlay);border:1px solid var(--line-raised);border-radius:9px;box-shadow:0 40px 90px -20px color-mix(in srgb, var(--backdrop) 90%, transparent);animation:rise .16s ease-out}
.overlay-card.overlay-refused{border-color:#5A2B32}
.overlay-head{display:flex;align-items:center;gap:12px;padding:15px 18px;border-bottom:1px solid var(--line)}
.overlay-head h2{margin:0;font-size:15px;font-weight:600}
.overlay-mark{width:24px;height:24px;border-radius:50%;display:grid;place-items:center;font-size:13px;font-weight:700;flex:none}
.mark-refuse{background:#211316;border:1px solid #5A2B32;color:var(--refuse)}
.mark-complete{background:#131820;border:1px solid #223040;color:var(--info)}
.overlay-body{margin:0;min-width:0;padding:var(--space-4);font-size:12px;line-height:1.6;color:var(--text-2);overflow-wrap:anywhere}
.overlay-refused .overlay-body{border-left:2px solid var(--refuse);margin:var(--space-4);padding:0 var(--space-3)}
.overlay-actions{display:flex;gap:9px;justify-content:flex-end;padding:13px 18px;background:var(--well);border-top:1px solid var(--line)}
.overlay-actions .primary-button,.overlay-actions .ghost-button{height:31px;padding:0 14px;font-size:12px}
.palette-list{list-style:none;margin:0;padding:6px 0;max-height:352px;overflow-y:auto}
.palette-group h3{margin:0;padding:8px 16px 4px;font-family:var(--mono);font-size:9px;font-weight:400;letter-spacing:.14em;color:var(--faint)}
.palette-group ul{list-style:none;margin:0;padding:0}
.palette-item{display:flex;align-items:center;gap:var(--space-3);padding:var(--space-2) var(--space-4);width:100%;min-height:36px;text-align:left}
.palette-name{min-width:0;overflow-wrap:anywhere}
.palette-item kbd{flex:none;white-space:nowrap}
.palette-item:hover,.palette-item:focus-visible{background:var(--hover)}
.palette-item:focus-visible{outline-offset:-3px;box-shadow:none}
.palette-name{flex:1;font-size:13px}
.palette-item kbd{font-size:9px;color:var(--dim);border:1px solid var(--line-control);border-radius:3px;padding:2px 5px}
.overlay-foot{margin:0;padding:10px 16px;background:var(--well);border-top:1px solid var(--line);font-size:10.5px;color:var(--dim)}

.refusal-help-toggle[aria-expanded=\"true\"]{border-color:var(--line-hover);color:var(--text)}
.refusal-legend-panel{position:absolute;right:8px;bottom:calc(100% + 8px);z-index:45;width:min(520px,calc(100vw - 16px));max-height:min(360px,calc(100dvh - var(--title-h) - var(--status-h) - 24px));overflow:auto;padding:10px 12px;background:var(--well);border:1px solid var(--line-raised);border-radius:6px;box-shadow:0 18px 48px -18px color-mix(in srgb, var(--backdrop) 90%, transparent)}
.refusal-legend-panel h2{margin:0 0 8px;font-family:var(--mono);font-size:9px;font-weight:400;letter-spacing:.15em;color:var(--text-3)}
.refusal-row{margin:0 0 6px;font-size:11px;line-height:1.5;color:var(--dim)}
.refusal-row code{color:var(--accent);margin-right:8px}

.window-refusal{display:none;max-width:52ch;margin:0 auto;padding:48px var(--space-6);text-align:center;overflow-wrap:anywhere}
.window-refusal h1{font-size:17px;margin:0 0 12px}
.window-refusal p{font-size:13px;line-height:1.65;color:var(--dim);margin:0 0 10px}
.window-refusal code{color:var(--accent)}

@keyframes rise{from{opacity:0;transform:translateY(7px)}to{opacity:1;transform:none}}
@keyframes sweep{0%{transform:translateX(-120%)}100%{transform:translateX(420%)}}

@keyframes assistant-bars{0%,100%{opacity:.4}50%{opacity:1}}


/* Compact: the assistant leaves the grid and becomes an overlay drawer. Its
   existing toggle opens and closes it, so nothing becomes unreachable. */
@media (max-width:1439px),(max-height:719px){
  .shell-body,.shell[data-assistant=\"closed\"] .shell-body,.shell[data-profile=\"kids\"] .shell-body{grid-template-columns:var(--rail) var(--left) minmax(0,1fr) var(--inspector)}
  .shell[data-profile=\"kids\"] .shell-body{grid-template-columns:var(--rail) minmax(0,1fr)}
  .assistant{position:absolute;top:var(--title-h);bottom:var(--status-h);right:0;width:min(var(--assistant-w),100%);z-index:40;box-shadow:0 0 60px -10px color-mix(in srgb, var(--backdrop) 90%, transparent)}
  /* An undocked assistant starts closed: a drawer nobody opened must not sit
     on top of the panel it undocked from. Its toggle still opens it. The
     emitted bytes always carry a closed drawer, so this holds at every viewport
     the document is opened at, script or no script. */
  .shell:not([data-drawer-assistant=\"open\"]) .assistant{display:none}
  /* And the toggle follows the drawer here, not the column state: an open
     column that is not on screen must not leave the toggle lit. */
  .shell[data-drawer-assistant=\"open\"] .assistant-toggle{background:#10242C;border-color:#1E5A66;color:var(--accent)}
  .shell[data-drawer-assistant=\"open\"] [data-assistant-dot]{background:var(--accent)}
  /* Except a denied one, which never becomes a drawer at all. Its body is the
     Kids lock screen — a named refusal — and the only control that could open a
     drawer is the toggle that same refusal makes inert, so undocking it would
     leave THIRD_PARTY_LLM_DENIED_BY_DEFAULT on no reachable surface. It keeps a
     real column at every tier instead. */
  .shell[data-assistant=\"denied\"] .shell-body{grid-template-columns:var(--rail) var(--left) minmax(0,1fr) var(--inspector) var(--assistant-w)}
  .shell[data-profile=\"kids\"][data-assistant=\"denied\"] .shell-body{grid-template-columns:var(--rail) minmax(0,1fr) var(--assistant-w)}
  .shell[data-assistant=\"denied\"] .assistant{position:static;display:flex;width:auto;box-shadow:none}
}
/* Narrow: the left dock and the inspector become drawers too, and the two
   title-bar toggles that open them appear. They start closed, because a drawer
   nobody opened should not be covering the viewport. */
@media (max-width:1179px),(max-height:659px){
  .shell-body,.shell[data-assistant=\"closed\"] .shell-body,.shell[data-profile=\"kids\"] .shell-body{grid-template-columns:var(--rail) minmax(0,1fr)}
  .title-actions .drawer-toggle{display:inline-flex}
  .title-centre,.menu-bar{display:none}
  .left-dock,.inspector{position:absolute;top:var(--title-h);bottom:var(--status-h);z-index:35;box-shadow:0 0 60px -10px color-mix(in srgb, var(--backdrop) 90%, transparent)}
  .left-dock{left:var(--rail);width:min(var(--left),calc(100% - var(--rail)))}
  .inspector{right:0;width:min(var(--inspector),100%)}
  .shell:not([data-drawer-left=\"open\"]) .left-dock{display:none}
  .shell:not([data-drawer-inspector=\"open\"]) .inspector{display:none}
  .change-proposal{grid-template-columns:minmax(0,1fr) auto}
  .change-meta{grid-column:1/-1}
  .profile-surface{grid-template-columns:120px minmax(0,1fr);min-height:76px}
  .profile-surface .capability-list,.game-runtime-note{display:none}
  .runtime-report{display:none}
  .shell[data-assistant=\"denied\"] .shell-body,.shell[data-profile=\"kids\"][data-assistant=\"denied\"] .shell-body{grid-template-columns:var(--rail) minmax(0,1fr) var(--assistant-w)}
  .shell[data-profile=\"web\"] .shell-body,.shell[data-profile=\"web\"][data-assistant=\"closed\"] .shell-body{grid-template-columns:minmax(0,1fr)}
  .shell[data-profile=\"web\"] .left-dock{left:0}
}
/* Below the declared minimum the chrome refuses instead of laying out. The
   breakpoints are interpolated from DESKTOP_MINIMUM_WINDOW, so the CSS and the
   model refuse at exactly the same size and cannot be raised apart. */
@media (max-width:899px),(max-height:599px){
  .shell{display:none}
  /* Keep the named refusal visible even if a later refinement repeats its base rule. */
  .window-refusal.window-refusal{display:block}
}

@media (prefers-reduced-motion:reduce){
  *,*::before,*::after{animation-duration:.001ms !important;animation-iteration-count:1 !important;transition-duration:.001ms !important}
  .sculpt-sweep,.assistant-live{display:none}
}

/* Private source usability additions, after canonical regional cascade. */
  --space-1:4px;--space-2:8px;--space-3:12px;
  --space-4:16px;--space-6:24px;
:focus-visible{outline:2px solid var(--accent);outline-offset:2px;border-radius:var(--r-control);box-shadow:0 0 0 4px var(--well)}
.view-tab:focus-visible,.dock-tab:focus-visible,.rail-mode:focus-visible{outline-offset:-3px;box-shadow:none}
/* Rings remain inside clipped listboxes and popovers; filled controls retain the well halo. */
:is(.menu-command,.project-files select,.project-recent-select,.assistant-route,.assistant-manipulator):focus-visible{outline-offset:-3px;box-shadow:none}
:is(button,input,select,textarea,a[href],[tabindex]):focus-visible{scroll-margin:var(--space-3)}
@media (forced-colors:active){:focus-visible{outline:2px solid Highlight;outline-offset:-2px;box-shadow:none}button[aria-pressed=\"true\"],button[aria-selected=\"true\"]{border:1px solid Highlight}}
:is(.menu-item,.profile-chip,.icon-button,.assistant-toggle,.assistant-mode):not(.is-inert):not([aria-pressed=\"true\"]):hover{background:var(--hover);color:var(--text)}
button:not(.is-inert):not(:disabled):not([aria-disabled=\"true\"]):active{box-shadow:inset 0 0 0 2px var(--line-hover)}
button:not(.is-inert):not(:disabled):not([aria-disabled=\"true\"]):active:focus-visible{box-shadow:0 0 0 4px var(--well),inset 0 0 0 2px var(--line-hover)}
:is(.left-dock,.inspector,.dock-body,.assistant-body,.assistant-composer,.palette-list,.overlay-card){scrollbar-gutter:stable;scroll-padding:var(--space-3)}
button{transition:background-color .14s ease,border-color .14s ease,color .14s ease}
/* Intrinsic section heights contribute to the inspector's scroll extent. */
.inspector > section{flex-shrink:0;min-width:0}
/* Catalogue textareas must not share an inline baseline with Stage: native
   multiline controls otherwise paint below the label's line box at the scroll edge. */
.scene-catalog-editor{display:grid;gap:var(--space-2);min-width:0;padding:var(--space-3)}
.scene-catalog-editor label{display:grid;gap:var(--space-1);min-width:0}
.scene-catalog-editor textarea{display:block;width:100%;min-width:0;resize:vertical}
.scene-catalog-editor button{justify-self:start}
.scene-catalog-editor pre{min-width:0;white-space:pre-wrap;overflow-wrap:anywhere}
.panel-head{margin:0;height:32px;flex:none;display:flex;align-items:center;padding:0 var(--space-3);background:var(--header);border-top:1px solid var(--line);border-bottom:1px solid var(--line);font-family:var(--mono);font-size:11px;font-weight:500;letter-spacing:.08em;color:var(--text-3)}
.panel-empty{margin:var(--space-2);padding:var(--space-3);border:1px dashed var(--line-control);border-radius:var(--r-control);background:var(--well);font-size:12px;line-height:1.65;color:var(--dim);overflow-wrap:anywhere}
.panel-empty[aria-live]{border-style:solid;border-left:2px solid var(--line-hover)}
.project-launcher{display:grid;gap:var(--space-2);padding:var(--space-3);border-bottom:1px solid var(--line)}
.project-launcher p,.project-root{margin:0;color:var(--dim);font-size:11px;line-height:1.6;overflow-wrap:anywhere}
.project-recent-label{font-family:var(--mono);font-size:10px;color:var(--faint);text-transform:uppercase;letter-spacing:.08em}
.project-browser-detail dl{display:grid;gap:var(--space-2);margin:var(--space-3) 0}
.project-browser-detail dt{font-family:var(--mono);font-size:10px;color:var(--faint);text-transform:uppercase}
.project-browser-detail dd{margin:0;min-width:0;overflow-wrap:anywhere;font-family:var(--mono);font-size:10px;line-height:1.6;color:var(--dim)}
.asset-browser-card span{margin-top:var(--space-1);font-family:var(--mono);font-size:10px;line-height:1.6;color:var(--dim);font-variant-numeric:tabular-nums;user-select:text}
.scene-entities{padding:0 var(--space-2) var(--space-3)}
/* The canonical multi-select remains a keyboard control, not an invisible focus stop. */
.scene-entities select:focus-visible{position:static;width:100%;height:auto;min-height:96px;padding:6px;margin:0;overflow:auto;clip:auto;white-space:normal;border:1px solid var(--line-card)}
.scene-entity-identities{display:grid;gap:var(--space-2);min-width:0;margin:var(--space-2) 0 0;padding:0;list-style:none}
.scene-entity-identity{min-width:0;margin-left:calc(var(--scene-depth,0) * var(--space-2));padding:var(--space-2) var(--space-3);border:1px solid var(--line-card);border-left:2px solid var(--line-card);border-radius:6px;background:var(--well);cursor:pointer;transition:background-color .14s ease,border-color .14s ease}
.scene-entity-identity:focus-visible{outline-offset:-3px;box-shadow:none}
.scene-entity-identity>span{display:block;margin-bottom:var(--space-1);font-size:12px;line-height:1.5;font-weight:600;color:var(--text);overflow-wrap:anywhere}
.scene-entity-identity dl{display:none;gap:var(--space-1);margin:var(--space-2) 0 0}
.scene-entity-identity dl div{display:grid;grid-template-columns:42px minmax(0,1fr);gap:var(--space-2);min-width:0;padding:var(--space-1) 0;border-top:1px solid var(--line-row)}
.scene-entity-identity dt{font-family:var(--mono);font-size:10px;line-height:1.6;letter-spacing:.05em;text-transform:uppercase;color:var(--faint)}
.scene-entity-identity code{display:block;min-width:0;font-size:10px;line-height:1.6;color:var(--dim);white-space:normal;overflow-wrap:anywhere;font-variant-numeric:tabular-nums;user-select:text}
.scene-property-input:focus-visible{outline:2px solid var(--accent);outline-offset:2px}.scene-property-input.is-inert{color:var(--inert)}
.scene-property-review{max-height:150px;margin:0;padding:var(--space-2);overflow:auto;border:1px solid var(--line);border-radius:4px;background:var(--well);color:var(--dim);font-family:var(--mono);font-size:10px;line-height:1.6;white-space:pre-wrap;overflow-wrap:anywhere}
.pass-row{display:flex;align-items:center;gap:var(--space-2);padding:var(--space-2) var(--space-3);background:var(--raised);border:1px solid var(--line);border-radius:4px;min-width:0}
.pass-row>div{min-width:0;overflow-wrap:anywhere}
.pass-row:nth-child(even){background:var(--well)}
.viewport-backdrop{position:absolute;inset:0;pointer-events:none;box-shadow:inset 0 0 0 1px var(--line-row)}
.change-empty{margin:auto;padding:var(--space-6) var(--space-4);max-width:52ch;text-align:center;font-size:13px;line-height:1.65;color:var(--dim)}
.change-empty::before{content:\"\";display:block;width:24px;height:24px;margin:0 auto var(--space-3);border:1px solid var(--line-hover);border-radius:6px;background:var(--raised)}
.assistant-head{height:40px;flex:none;display:flex;align-items:center;gap:9px;padding:0 12px;background:var(--raised);border-bottom:1px solid var(--line)}
/* One live-bars signal confirms work; the canvas and labels stay visually still. */
.shell[data-assistant-busy=\"true\"] .assistant-mark{box-shadow:0 0 0 4px #10242C}
.icon-button{width:26px;height:26px;flex:none;border-radius:4px;display:grid;place-items:center;color:var(--dim);line-height:1}
:is(.dot,.rail-glyph,.assistant-mark,.overlay-mark,.badge){flex-shrink:0}
.assistant-body{flex:1;min-height:0;overflow-y:auto;padding:var(--space-4) var(--space-3)}
.assistant-empty{margin:0;padding:var(--space-3);border:1px dashed var(--line-card);border-radius:var(--r-control);background:var(--well);font-size:13px;line-height:1.65;color:var(--dim);max-width:40ch}
.assistant-thinking .dot{width:6px;height:6px;border-radius:50%;background:var(--accent)}
.assistant-progress{min-width:0;min-height:44px;margin:var(--space-3) 0;overflow-wrap:anywhere;font-size:11px;line-height:1.5;color:var(--text-2);padding:var(--space-3);border:1px solid var(--line-control);border-radius:4px;background:var(--header);transition:border-color .2s ease,color .2s ease}
.shell[data-assistant-busy=\"true\"] .assistant-progress{border-color:var(--accent);color:var(--text)}
.assistant-result{min-width:0;padding:var(--space-3);border-left:2px solid var(--line-hover);background:var(--well);font-size:12px;line-height:1.65;color:var(--text-3);white-space:pre-wrap;overflow-wrap:anywhere;user-select:text;animation:rise .16s ease-out}
.assistant-composer{flex:none;max-height:65%;min-height:0;overflow-y:auto;scroll-padding:var(--space-2);border-top:1px solid var(--line);background:var(--panel);padding:var(--space-3);display:flex;flex-direction:column;gap:var(--space-2)}
.assistant-prompt{width:100%;min-height:72px;flex-shrink:0;resize:vertical;border:1px solid var(--line-control);border-radius:6px;background:var(--well);color:var(--text);font:12px/1.6 var(--sans);padding:var(--space-3)}
.assistant-prompt::placeholder{color:var(--faint)}
.assistant-route{min-width:0;padding:var(--space-2) var(--space-1);border:1px solid var(--line-control);border-radius:3px;color:var(--dim);font-size:9px;line-height:1.2}
.assistant-route-refusal{display:block;margin-top:var(--space-1);font-size:10px;line-height:1.5;overflow-wrap:anywhere;color:var(--scene)}
.overlay-body{margin:0;min-width:0;padding:var(--space-4);font-size:12px;line-height:1.6;color:var(--text-2);overflow-wrap:anywhere}
.overlay-refused .overlay-body{border-left:2px solid var(--refuse);margin:var(--space-4);padding:0 var(--space-3)}
.palette-item{display:flex;align-items:center;gap:var(--space-3);padding:var(--space-2) var(--space-4);width:100%;min-height:36px;text-align:left}
.palette-name{min-width:0;overflow-wrap:anywhere}
.palette-item kbd{flex:none;white-space:nowrap}
.palette-item:hover,.palette-item:focus-visible{background:var(--hover)}
.palette-item:focus-visible{outline-offset:-3px;box-shadow:none}
.window-refusal{padding:48px var(--space-6);overflow-wrap:anywhere;max-height:100dvh;overflow:auto}
/* Runtime visibility mirrors the media refusal before moving focus. */
.window-refusal[data-window=\"refused\"]{display:block}

</style>
</head>
<body>
<div class=\"window-refusal\" role=\"alert\">
  <h1>Window below the minimum size</h1>
  <p>The editor chrome refuses below its minimum window size rather than rendering an unusable layout.</p>
  <p>Minimum: <code>900×600</code> · refusal <code>DESKTOP_WINDOW_BELOW_MINIMUM</code></p>
</div>
<div class=\"shell\" data-mode=\"build\" data-profile=\"game\" data-assistant=\"open\" data-assistant-mode=\"build\" data-assistant-route=\"byo\" data-assistant-runtime=\"none\" data-assistant-runtime-event=\"sceneaxi:desktop-assistant-runtime\" data-assistant-busy=\"false\" data-overlay=\"none\" data-tier=\"regular\" data-details-open=\"false\" data-drawer-left=\"closed\" data-drawer-inspector=\"closed\" data-drawer-assistant=\"closed\">

<header class=\"title-bar\">
  <div class=\"window-dots\" aria-hidden=\"true\"><i></i><i></i><i></i></div>
  <nav class=\"menu-bar\" aria-label=\"Application menu\"><div class=\"menu-root\" data-menu-root=\"file\"><button type=\"button\" class=\"menu-item\" id=\"menu-file\" data-kind=\"view\" data-menu-trigger=\"file\" aria-haspopup=\"menu\" aria-expanded=\"false\">File</button><div class=\"menu-panel\" id=\"menu-panel-file\" role=\"menu\" hidden><button type=\"button\" class=\"menu-command\" id=\"menu-command-project-new\" data-kind=\"live\" role=\"menuitem\" data-command=\"project-new\"><span>New Project</span><kbd data-input-binding-label=\"editor.project.new\">Ctrl/Cmd+N</kbd></button><button type=\"button\" class=\"menu-command\" id=\"menu-command-project-open\" data-kind=\"live\" role=\"menuitem\" data-command=\"project-open\"><span>Open Project…</span><kbd data-input-binding-label=\"editor.project.open\">Ctrl/Cmd+O</kbd></button><button type=\"button\" class=\"menu-command\" id=\"menu-command-project-save\" data-kind=\"live\" role=\"menuitem\" data-command=\"project-save\"><span>Save</span><kbd data-input-binding-label=\"editor.project.save\">Ctrl/Cmd+S</kbd></button><button type=\"button\" class=\"menu-command\" id=\"menu-command-project-git-status\" data-kind=\"live\" role=\"menuitem\" data-command=\"project-git-status\"><span>Repository Status</span></button><button type=\"button\" class=\"menu-command\" id=\"menu-command-project-git-diff\" data-kind=\"live\" role=\"menuitem\" data-command=\"project-git-diff\"><span>Repository Diff</span></button><button type=\"button\" class=\"menu-command\" id=\"menu-command-project-git-stage\" data-kind=\"live\" role=\"menuitem\" data-command=\"project-git-stage\"><span>Stage Selected Paths</span></button><button type=\"button\" class=\"menu-command\" id=\"menu-command-project-git-commit-prepare\" data-kind=\"live\" role=\"menuitem\" data-command=\"project-git-commit-prepare\"><span>Prepare Git Commit</span></button><button type=\"button\" class=\"menu-command\" id=\"menu-command-ship-export-web\" data-kind=\"live\" role=\"menuitem\" data-command=\"ship-export-web\"><span>Export Web</span></button><button type=\"button\" class=\"menu-command\" id=\"menu-command-package-inspect\" data-kind=\"live\" role=\"menuitem\" data-command=\"package-inspect\"><span>Inspect Packages</span></button><button type=\"button\" class=\"menu-command\" id=\"menu-command-package-install\" data-kind=\"live\" role=\"menuitem\" data-command=\"package-install\"><span>Install Package</span></button><button type=\"button\" class=\"menu-command\" id=\"menu-command-package-remove\" data-kind=\"live\" role=\"menuitem\" data-command=\"package-remove\"><span>Remove Package</span></button><button type=\"button\" class=\"menu-command\" id=\"menu-command-workspace-layout-inspect\" data-kind=\"live\" role=\"menuitem\" data-command=\"workspace-layout-inspect\"><span>Inspect Workspace Layout</span></button><button type=\"button\" class=\"menu-command\" id=\"menu-command-workspace-layout-apply\" data-kind=\"live\" role=\"menuitem\" data-command=\"workspace-layout-apply\"><span>Apply Workspace Layout</span></button><button type=\"button\" class=\"menu-command\" id=\"menu-command-workspace-layout-reset\" data-kind=\"live\" role=\"menuitem\" data-command=\"workspace-layout-reset\"><span>Reset Workspace Layout</span></button><button type=\"button\" class=\"menu-command\" id=\"menu-command-project-migration-propose\" data-kind=\"live\" role=\"menuitem\" data-command=\"project-migration-propose\"><span>Propose Project Migration</span></button><button type=\"button\" class=\"menu-command\" id=\"menu-command-project-migration-commit\" data-kind=\"live\" role=\"menuitem\" data-command=\"project-migration-commit\"><span>Commit Approved Project Migration</span></button><button type=\"button\" class=\"menu-command\" id=\"menu-command-project-migration-recover\" data-kind=\"live\" role=\"menuitem\" data-command=\"project-migration-recover\"><span>Recover Project Migration</span></button><button type=\"button\" class=\"menu-command\" id=\"menu-command-project-build\" data-kind=\"live\" role=\"menuitem\" data-command=\"project-build\"><span>Build Project Target</span></button><button type=\"button\" class=\"menu-command\" id=\"menu-command-extension-inspect\" data-kind=\"live\" role=\"menuitem\" data-command=\"extension-inspect\"><span>Inspect Extension Seams</span></button><button type=\"button\" class=\"menu-command\" id=\"menu-command-extension-start\" data-kind=\"live\" role=\"menuitem\" data-command=\"extension-start\"><span>Start Extension Seam</span></button><button type=\"button\" class=\"menu-command\" id=\"menu-command-profile-inspect\" data-kind=\"live\" role=\"menuitem\" data-command=\"profile-inspect\"><span>Inspect Play Profile</span></button><button type=\"button\" class=\"menu-command\" id=\"menu-command-project-inspect\" data-kind=\"live\" role=\"menuitem\" data-command=\"project-inspect\"><span>Inspect Project Version</span></button><button type=\"button\" class=\"menu-command\" id=\"menu-command-input-actions-inspect\" data-kind=\"live\" role=\"menuitem\" data-command=\"input-actions-inspect\"><span>Inspect Input Actions</span></button><button type=\"button\" class=\"menu-command\" id=\"menu-command-input-action-rebind\" data-kind=\"live\" role=\"menuitem\" data-command=\"input-action-rebind\"><span>Rebind Input Action</span></button><button type=\"button\" class=\"menu-command\" id=\"menu-command-input-actions-reset\" data-kind=\"live\" role=\"menuitem\" data-command=\"input-actions-reset\"><span>Reset Input Actions</span></button><button type=\"button\" class=\"menu-command\" id=\"menu-command-scene-prefab-inspect\" data-kind=\"live\" role=\"menuitem\" data-command=\"scene-prefab-inspect\"><span>Inspect Reusable Content</span></button><button type=\"button\" class=\"menu-command\" id=\"menu-command-scene-prefab-define\" data-kind=\"live\" role=\"menuitem\" data-command=\"scene-prefab-define\"><span>Define Reusable Content</span></button><button type=\"button\" class=\"menu-command\" id=\"menu-command-scene-prefab-instance\" data-kind=\"live\" role=\"menuitem\" data-command=\"scene-prefab-instance\"><span>Instance Reusable Content</span></button><button type=\"button\" class=\"menu-command\" id=\"menu-command-scene-prefab-override\" data-kind=\"live\" role=\"menuitem\" data-command=\"scene-prefab-override\"><span>Override Reusable Instance</span></button><button type=\"button\" class=\"menu-command\" id=\"menu-command-scene-prefab-refresh\" data-kind=\"live\" role=\"menuitem\" data-command=\"scene-prefab-refresh\"><span>Refresh Reusable Content</span></button><button type=\"button\" class=\"menu-command\" id=\"menu-command-viewport-source-set\" data-kind=\"live\" role=\"menuitem\" data-command=\"viewport-source-set\"><span>Set Viewport Source</span></button><button type=\"button\" class=\"menu-command\" id=\"menu-command-physics-evaluate\" data-kind=\"live\" role=\"menuitem\" data-command=\"physics-evaluate\"><span>Evaluate Physics Replay</span></button></div></div><div class=\"menu-root\" data-menu-root=\"edit\"><button type=\"button\" class=\"menu-item\" id=\"menu-edit\" data-kind=\"view\" data-menu-trigger=\"edit\" aria-haspopup=\"menu\" aria-expanded=\"false\">Edit</button><div class=\"menu-panel\" id=\"menu-panel-edit\" role=\"menu\" hidden><button type=\"button\" class=\"menu-command is-inert\" id=\"menu-command-edit-undo\" data-kind=\"inert\" aria-disabled=\"true\" data-refusal=\"DESKTOP_UNDO_UNAVAILABLE\" title=\"DESKTOP_UNDO_UNAVAILABLE: Undo becomes available when the active project authoring journal reports a completed Save.\" aria-describedby=\"refusal-DESKTOP_UNDO_UNAVAILABLE\" role=\"menuitem\" data-command=\"edit-undo\"><span>Undo</span><kbd data-input-binding-label=\"editor.edit.undo\">Ctrl/Cmd+Z</kbd></button><button type=\"button\" class=\"menu-command is-inert\" id=\"menu-command-edit-redo\" data-kind=\"inert\" aria-disabled=\"true\" data-refusal=\"DESKTOP_REDO_UNAVAILABLE\" title=\"DESKTOP_REDO_UNAVAILABLE: Redo becomes available after Undo and remains available until a new mutation commits.\" aria-describedby=\"refusal-DESKTOP_REDO_UNAVAILABLE\" role=\"menuitem\" data-command=\"edit-redo\"><span>Redo</span><kbd data-input-binding-label=\"editor.edit.redo\">Ctrl/Cmd+Shift+Z</kbd></button></div></div><div class=\"menu-root\" data-menu-root=\"run\"><button type=\"button\" class=\"menu-item\" id=\"menu-run\" data-kind=\"view\" data-menu-trigger=\"run\" aria-haspopup=\"menu\" aria-expanded=\"false\">Run</button><div class=\"menu-panel\" id=\"menu-panel-run\" role=\"menu\" hidden><button type=\"button\" class=\"menu-command\" id=\"menu-command-run-play\" data-kind=\"live\" role=\"menuitem\" data-command=\"run-play\"><span>Play</span><kbd data-input-binding-label=\"editor.run.play\">Ctrl/Cmd+P</kbd></button></div></div></nav>
  <div class=\"profile-switch\" role=\"group\" aria-label=\"Profile\"><button type=\"button\" class=\"profile-chip\" id=\"profile-game\" data-kind=\"view\" data-product-action data-action=\"profile\" data-value=\"game\" aria-pressed=\"true\" title=\"@sceneaxi/profile-game — demo-driveable · scene-kernel-session\"><span class=\"dot\" data-profile-dot=\"game\" aria-hidden=\"true\"></span><span>Engine</span></button><button type=\"button\" class=\"profile-chip\" id=\"profile-web\" data-kind=\"view\" data-product-action data-action=\"profile\" data-value=\"web\" aria-pressed=\"false\" title=\"@sceneaxi/profile-web — demo-driveable · kernel-session\"><span class=\"dot\" data-profile-dot=\"web\" aria-hidden=\"true\"></span><span>Website</span></button><button type=\"button\" class=\"profile-chip\" id=\"profile-kids\" data-kind=\"view\" data-product-action data-action=\"profile\" data-value=\"kids\" aria-pressed=\"false\" title=\"@sceneaxi/profile-kids — refuse-only · none\"><span class=\"dot\" data-profile-dot=\"kids\" aria-hidden=\"true\"></span><span>Kids</span><span class=\"chip-tag\">safe</span></button></div>
  <div class=\"title-centre\">
    <span class=\"project-pill\" data-project-state=\"closed\"><span class=\"dot dot-ok\" aria-hidden=\"true\"></span><span data-project-status>No project selected</span></span>
  </div>
  <div class=\"title-actions\">
    <button type=\"button\" class=\"ghost-button\" id=\"project-open\" data-kind=\"live\" data-product-action data-action=\"document-reload\">Reload</button>
    <button type=\"button\" class=\"primary-button\" id=\"project-save\" data-kind=\"live\" data-product-action data-command=\"project-save\">Save</button>
    <button type=\"button\" class=\"ghost-button drawer-toggle\" id=\"drawer-left\" data-kind=\"view\" data-action=\"drawer\" data-value=\"left\" aria-expanded=\"false\" aria-controls=\"left-dock\">Panels</button><button type=\"button\" class=\"ghost-button drawer-toggle\" id=\"drawer-inspector\" data-kind=\"view\" data-action=\"drawer\" data-value=\"inspector\" aria-expanded=\"false\" aria-controls=\"inspector\">Inspector</button>
    <button type=\"button\" class=\"ghost-button\" id=\"overlay-open-palette\" data-kind=\"view\" data-command=\"palette-open\">Commands <kbd data-input-binding-label=\"editor.palette.open\">Ctrl/Cmd+K</kbd></button>
    <button type=\"button\" class=\"assistant-toggle\" id=\"assistant-toggle\" data-kind=\"view\" data-action=\"assistant\" aria-pressed=\"true\"><span class=\"dot\" data-assistant-dot aria-hidden=\"true\"></span><span>Assistant</span></button>
  </div>
</header>
<div class=\"shell-body\">
<nav class=\"mode-rail\" aria-label=\"Editor mode\"><span class=\"brand\" aria-hidden=\"true\"></span><button type=\"button\" class=\"rail-mode\" id=\"mode-build\" data-kind=\"view\" data-action=\"mode\" data-value=\"build\" aria-pressed=\"true\" title=\"Build\"><span class=\"rail-glyph\" aria-hidden=\"true\" style=\"border-radius:2px;transform:none\"></span><span class=\"rail-label\">BUILD</span><span class=\"sr-only\">Build mode</span></button><button type=\"button\" class=\"rail-mode\" id=\"mode-sculpt\" data-kind=\"view\" data-action=\"mode\" data-value=\"sculpt\" aria-pressed=\"false\" title=\"Sculpt\"><span class=\"rail-glyph\" aria-hidden=\"true\" style=\"border-radius:50%;transform:none\"></span><span class=\"rail-label\">SCULPT</span><span class=\"sr-only\">Sculpt mode</span></button><button type=\"button\" class=\"rail-mode is-inert\" id=\"mode-compose\" data-kind=\"inert\" aria-disabled=\"true\" data-refusal=\"DESKTOP_NO_DOCUMENT_BOUND\" title=\"DESKTOP_NO_DOCUMENT_BOUND: This control has no bound authoring operation, so it writes nothing.\" aria-describedby=\"refusal-DESKTOP_NO_DOCUMENT_BOUND\" data-action=\"mode\" data-value=\"compose\" aria-pressed=\"false\" title=\"Scene composition\" hidden><span class=\"rail-glyph\" aria-hidden=\"true\" style=\"border-radius:2px;transform:rotate(45deg)\"></span><span class=\"rail-label\">SCENE</span><span class=\"sr-only\">Scene composition mode</span></button><button type=\"button\" class=\"rail-mode\" id=\"mode-animate\" data-kind=\"view\" data-action=\"mode\" data-value=\"animate\" aria-pressed=\"false\" title=\"Animate\"><span class=\"rail-glyph\" aria-hidden=\"true\" style=\"border-radius:2px 9px 2px 9px;transform:none\"></span><span class=\"rail-label\">ANIM</span><span class=\"sr-only\">Animate mode</span></button><button type=\"button\" class=\"rail-mode\" id=\"mode-run\" data-kind=\"view\" data-action=\"mode\" data-value=\"run\" aria-pressed=\"false\" title=\"Run\"><span class=\"rail-glyph\" aria-hidden=\"true\" style=\"border-radius:50% 2px 50% 2px;transform:none\"></span><span class=\"rail-label\">RUN</span><span class=\"sr-only\">Run mode</span></button><button type=\"button\" class=\"rail-mode\" id=\"mode-ship\" data-kind=\"view\" data-action=\"mode\" data-value=\"ship\" aria-pressed=\"false\" title=\"Ship\"><span class=\"rail-glyph\" aria-hidden=\"true\" style=\"border-radius:2px;transform:rotate(20deg)\"></span><span class=\"rail-label\">SHIP</span><span class=\"sr-only\">Ship mode</span></button><button type=\"button\" class=\"rail-mode is-inert\" id=\"mode-plugins\" data-kind=\"inert\" aria-disabled=\"true\" data-refusal=\"DESKTOP_NO_DOCUMENT_BOUND\" title=\"DESKTOP_NO_DOCUMENT_BOUND: This control has no bound authoring operation, so it writes nothing.\" aria-describedby=\"refusal-DESKTOP_NO_DOCUMENT_BOUND\" data-action=\"mode\" data-value=\"plugins\" aria-pressed=\"false\" title=\"Plugins\" hidden><span class=\"rail-glyph\" aria-hidden=\"true\" style=\"border-radius:3px;transform:none\"></span><span class=\"rail-label\">PLUG</span><span class=\"sr-only\">Plugins mode</span></button></nav>
<aside class=\"left-dock\" id=\"left-dock\" aria-label=\"Project files and editor panels\">
<section class=\"project-panel\" aria-labelledby=\"project-files-title\">
  <h2 class=\"panel-head\" id=\"project-files-title\"><span data-files-title>Objects</span><span class=\"project-name\" data-project-name>SceneAxi Project</span></h2>
  <div class=\"project-launcher\" data-project-launcher>
    <p>No project is selected. New Project creates the starter only after you choose its directory.</p>
    <div class=\"project-lifecycle-actions\">
      <button type=\"button\" class=\"primary-button\" id=\"project-new-root\" data-kind=\"live\" data-product-action data-command=\"project-new\">New Project</button>
      <button type=\"button\" class=\"ghost-button\" id=\"project-open-root\" data-kind=\"live\" data-product-action data-command=\"project-open\">Open Project</button>
    </div>
    <label class=\"project-recent-label\" for=\"project-recent-select\">Recent</label>
    <select id=\"project-recent-select\" data-kind=\"view\" class=\"project-recent-select\" aria-label=\"Recent project\"><option value=\"\">No recent projects</option></select>
    <div class=\"project-lifecycle-actions\">
      <button type=\"button\" class=\"ghost-button\" id=\"project-open-recent\" data-kind=\"live\" data-product-action data-action=\"project-open-recent\">Open Recent</button>
      <button type=\"button\" class=\"ghost-button\" id=\"project-remove-recent\" data-kind=\"live\" data-product-action data-action=\"project-remove-recent\">Remove</button>
    </div>
  </div>
  <div class=\"project-bound\" data-project-bound hidden>
    <div class=\"project-files\" data-project-files><select id=\"project-browser-file-select\" data-kind=\"live\" data-product-action data-action=\"project-browser-select\" size=\"1\"<option value=\"scene.json\" selected>scene.json · Scene document</option></select></div>
    <section class=\"project-browser-detail\" data-project-browser-detail hidden aria-live=\"polite\">
      <strong data-project-browser-path></strong>
      <p class=\"project-browser-status\" data-project-browser-validation></p>
      <div class=\"project-browser-advanced\">
        <dl>
          <div><dt>Type</dt><dd data-project-browser-type></dd></div>
          <div><dt>Digest</dt><dd data-project-browser-digest></dd></div>
          <div><dt>Provenance</dt><dd data-project-browser-provenance></dd></div>
        </dl>
      </div>
      <div class=\"project-browser-actions\">
        <button type=\"button\" class=\"ghost-button\" id=\"project-browser-open\" data-kind=\"live\" data-product-action data-action=\"project-browser-open\">Open</button>
        <button type=\"button\" class=\"ghost-button is-inert\" id=\"project-browser-rename\" data-kind=\"inert\" aria-disabled=\"true\" data-refusal=\"DESKTOP_PROJECT_BROWSER_OPERATION_NOT_PERMITTED\" title=\"DESKTOP_PROJECT_BROWSER_OPERATION_NOT_PERMITTED: Project-browser rename and delete are not permitted by the current project lifecycle contract.\" aria-describedby=\"refusal-DESKTOP_PROJECT_BROWSER_OPERATION_NOT_PERMITTED\" data-product-action data-action=\"project-browser-rename\">Rename…</button>
        <button type=\"button\" class=\"ghost-button is-inert\" id=\"project-browser-delete\" data-kind=\"inert\" aria-disabled=\"true\" data-refusal=\"DESKTOP_PROJECT_BROWSER_OPERATION_NOT_PERMITTED\" title=\"DESKTOP_PROJECT_BROWSER_OPERATION_NOT_PERMITTED: Project-browser rename and delete are not permitted by the current project lifecycle contract.\" aria-describedby=\"refusal-DESKTOP_PROJECT_BROWSER_OPERATION_NOT_PERMITTED\" data-product-action data-action=\"project-browser-delete\">Delete…</button>
      </div>
      <p class=\"panel-empty\">DESKTOP_PROJECT_BROWSER_OPERATION_NOT_PERMITTED · Project-browser rename and delete are not permitted by the current project lifecycle contract.</p>
    </section>
    <div class=\"scene-entities\" data-scene-entities hidden>
      <p class=\"scene-entities-label\">Objects · click to select</p>
      <select id=\"scene-entity-desktop-crate-beside\" data-kind=\"view\" data-product-action data-action=\"scene-entity-select\" aria-label=\"Ordered scene object selection\" multiple size=\"6\"><option value=\"\">No validated hierarchy opened</option></select>
      <ol class=\"scene-entity-identities\" data-scene-identities aria-label=\"Hierarchy object identities and parentage\"></ol>
    </div>
    <p class=\"scene-entities-refusal\" data-scene-entities-refusal aria-live=\"polite\" hidden></p>
    <p class=\"project-root\" data-project-root></p>
    <section class=\"project-command-tools\" aria-label=\"Project commands\">
      <section class=\"editor-command-form\" data-editor-command-form=\"project-migration-commit\" aria-label=\"Commit approved project migration\">
    <h3>Commit approved project migration</h3>
    <p data-migration-proposal-refusal>Run Propose Project Migration first.</p>
    <p data-editor-command-refusal=\"project-migration-commit\" aria-live=\"polite\">Complete the required fields before submitting.</p>
    <button type=\"button\" class=\"ghost-button\" id=\"editor-command-submit-project-migration-commit\" data-kind=\"live\" data-action=\"editor-command-submit\" data-value=\"project-migration-commit\" data-editor-command-submit=\"project-migration-commit\">Commit approved project migration</button>
    
  </section>
      <section class=\"editor-command-form\" data-editor-command-form=\"input-actions-inspect\" aria-label=\"Inspect input actions\">
    <h3>Inspect input actions</h3>
    
    <p data-editor-command-refusal=\"input-actions-inspect\" aria-live=\"polite\">Complete the required fields before submitting.</p>
    <button type=\"button\" class=\"ghost-button\" id=\"editor-command-submit-input-actions-inspect\" data-kind=\"live\" data-action=\"editor-command-submit\" data-value=\"input-actions-inspect\" data-editor-command-submit=\"input-actions-inspect\">Inspect input actions</button>
    
  </section>
      <section class=\"editor-command-form\" data-editor-command-form=\"input-action-rebind\" aria-label=\"Rebind input action\">
    <h3>Rebind input action</h3><label>Scope<select id=\"command-field-input-action-rebind-scope\" data-kind=\"live\" data-command-field=\"scope\" aria-label=\"Scope\"><option value=\"\">Choose after inspection</option><option value=\"project\">project</option><option value=\"workspace\">workspace</option></select></label><label>Inspected action ID<select id=\"command-field-input-action-rebind-actionId\" data-kind=\"live\" data-command-field=\"actionId\" aria-label=\"Inspected action ID\"><option value=\"\">Choose after inspection</option></select></label><label>New binding JSON<textarea id=\"command-field-input-action-rebind-binding\" data-kind=\"live\" data-command-field=\"binding\" aria-label=\"New binding JSON\"></textarea></label>
    
    <p data-editor-command-refusal=\"input-action-rebind\" aria-live=\"polite\">Inspect input actions before choosing a target.</p>
    <button type=\"button\" class=\"ghost-button\" id=\"editor-command-submit-input-action-rebind\" data-kind=\"live\" data-action=\"editor-command-submit\" data-value=\"input-action-rebind\" data-editor-command-submit=\"input-action-rebind\">Rebind input action</button>
    <button type=\"button\" class=\"ghost-button\" id=\"editor-command-review-input-action-rebind\" data-kind=\"live\" data-action=\"editor-command-review\" data-value=\"input-action-rebind\" data-editor-command-review=\"input-action-rebind\" hidden>Approve reviewed change</button>
  </section>
      <section class=\"editor-command-form\" data-editor-command-form=\"input-actions-reset\" aria-label=\"Reset input actions\">
    <h3>Reset input actions</h3><label>Scope<select id=\"command-field-input-actions-reset-scope\" data-kind=\"live\" data-command-field=\"scope\" aria-label=\"Scope\"><option value=\"\">Choose after inspection</option><option value=\"project\">project</option><option value=\"workspace\">workspace</option></select></label>
    
    <p data-editor-command-refusal=\"input-actions-reset\" aria-live=\"polite\">Inspect input actions before choosing a target.</p>
    <button type=\"button\" class=\"ghost-button\" id=\"editor-command-submit-input-actions-reset\" data-kind=\"live\" data-action=\"editor-command-submit\" data-value=\"input-actions-reset\" data-editor-command-submit=\"input-actions-reset\">Reset input actions</button>
    <button type=\"button\" class=\"ghost-button\" id=\"editor-command-review-input-actions-reset\" data-kind=\"live\" data-action=\"editor-command-review\" data-value=\"input-actions-reset\" data-editor-command-review=\"input-actions-reset\" hidden>Approve reviewed change</button>
  </section>
    </section>
  </div>
  <p class=\"project-file-state\" data-project-file-state>Active · not opened</p>
</section>
<section class=\"dock-panel\" data-mode-panel=\"build\" aria-label=\"SCENE\">
  <h2 class=\"panel-head\"><span>SCENE</span></h2>
  <p class=\"panel-empty\">The active Scene Document is listed above; Play sends its composed scene to the live viewport.</p>
  
  <p class=\"panel-note\" style=\"background:#131820;border-color:#223040;color:#5B9CFF\"><span class=\"dot\" style=\"background:#5B9CFF\" aria-hidden=\"true\"></span>Generated edits arrive as proposals and land in Change Review before they touch a document.</p>
</section><section class=\"dock-panel\" data-mode-panel=\"sculpt\" aria-label=\"SCULPT LIBRARY\" hidden>
  <h2 class=\"panel-head\"><span>SCULPT LIBRARY</span></h2>
  <p class=\"panel-empty\">Sculpt authoring is not available on this surface; use packaged Assistant Build for a supported artifact path.</p>
  
  <p class=\"panel-note\" style=\"background:#10242C;border-color:#1E5A66;color:#74E3F2\"><span class=\"dot\" style=\"background:#46D8EC\" aria-hidden=\"true\"></span>Standalone Sculpt authoring writes nothing on this surface. DESKTOP_NO_DOCUMENT_BOUND</p>
</section><section class=\"dock-panel\" data-mode-panel=\"compose\" aria-label=\"SCENE INSTANCES\" hidden>
  <h2 class=\"panel-head\"><span>SCENE INSTANCES</span></h2>
  <p class=\"panel-empty\">Scene composition is consumed by Run; no composition editor is bound here.</p>
  
  <p class=\"panel-note\" style=\"background:#1B1626;border-color:#3A2E52;color:#C3B0F0\"><span class=\"dot\" style=\"background:#A78BFA\" aria-hidden=\"true\"></span>This surface does not author placement transforms. DESKTOP_NO_DOCUMENT_BOUND</p>
</section><section class=\"dock-panel\" data-mode-panel=\"animate\" aria-label=\"CLIPS\" hidden>
  <h2 class=\"panel-head\"><span>CLIPS</span></h2>
  <p class=\"panel-empty\">Animation authoring is not available on this surface.</p>
  
  <p class=\"panel-note\" style=\"background:#131820;border-color:#223040;color:#5B9CFF\"><span class=\"dot\" style=\"background:#5B9CFF\" aria-hidden=\"true\"></span>No timeline edits are staged here. DESKTOP_NO_DOCUMENT_BOUND</p>
</section><section class=\"dock-panel\" data-mode-panel=\"run\" aria-label=\"RUNTIME\" hidden>
  <h2 class=\"panel-head\"><span>RUNTIME</span></h2>
  <p class=\"panel-empty\" data-run-session-report>No kernel session is open on this surface, so there is no tick, frame, or body to report.</p>
  <pre class=\"change-diff\" data-run-rarity-evidence hidden tabindex=\"0\" role=\"region\" aria-label=\"Safe rarity provenance for this run\"></pre>
  <p class=\"panel-note\" style=\"background:#131820;border-color:#223040;color:#5B9CFF\"><span class=\"dot\" style=\"background:#5B9CFF\" aria-hidden=\"true\"></span>Every run records frames and ends with a digest. Replay plays the exact sequence back; a differing digest is reported as an error, never smoothed over.</p>
</section><section class=\"dock-panel\" data-mode-panel=\"ship\" aria-label=\"TARGETS\" hidden>
  <h2 class=\"panel-head\"><span>TARGETS</span></h2>
  <p class=\"panel-empty\">Static Web · contained project files · Delivery Handoff v1.</p>
  
  <p class=\"panel-note\" style=\"background:#10242C;border-color:#1E5A66;color:#74E3F2\"><span class=\"dot\" style=\"background:#46D8EC\" aria-hidden=\"true\"></span>Export writes a local content-addressed bundle. It never signs, uploads, deploys, approves, or releases it.</p>
</section><section class=\"dock-panel\" data-mode-panel=\"plugins\" aria-label=\"LOCKED\" hidden>
  <h2 class=\"panel-head\"><span>LOCKED</span></h2>
  <p class=\"panel-empty\">No contained packages are locked in this project.</p>
  
  <p class=\"panel-note\" style=\"background:#10242C;border-color:#1E5A66;color:#74E3F2\"><span class=\"dot\" style=\"background:#46D8EC\" aria-hidden=\"true\"></span>Inspect the project lock; marketplace and network stay disabled. DESKTOP_NO_DOCUMENT_BOUND</p>
</section></aside>
<div class=\"viewport-column\">

<section class=\"viewport-region\" aria-label=\"Viewport\">
  <div class=\"profile-surfaces\"><section class=\"profile-surface\" data-profile-surface=\"game\" aria-label=\"Game product surface\">
  <div><strong>Scene</strong></div>
  <ul class=\"capability-list\"><li><b>Scene authoring</b><span>Open and save the active Scene Document through the shared authoring session.</span></li><li><b>Composed scene play</b><span>Run the composed scene through the existing orchestrated kernel path.</span></li><li><b>FreeJS behavior</b><span>Game behavior remains project-local and never becomes a site dependency.</span></li></ul>
  <p class=\"game-runtime-note\">Play the scene in the middle. Ask Flash to make or change objects.</p>
</section><section class=\"profile-surface\" data-profile-surface=\"web\" aria-label=\"Web Experience product surface\">
  <div><strong>Website studio</strong></div>
  <ul class=\"capability-list\"><li><b>HTML</b><span>Author stored markup as data; the desktop never executes it in the chrome.</span></li><li><b>Site canvas</b><span>Compose the Web Experience around the same live scene viewport.</span></li><li><b>Asset injection</b><span>Stage project-relative asset references through propose/review/save.</span></li><li><b>Composed scene play</b><span>Run the composed scene through the existing orchestrated kernel path.</span></li></ul>
  <div class=\"web-authoring-tools\">
  <p>This is a website, not a game scene. Ask Flash for a Three.js hero, a headline motion, or a new section.</p>
  <p class=\"web-authoring-note\">Stored HTML is data, never executed by this chrome.</p>
  <div class=\"profile-actions\">
    <button type=\"button\" class=\"primary-button is-inert\" id=\"web-stage-html\" data-kind=\"inert\" aria-disabled=\"true\" data-refusal=\"DESKTOP_WEB_CAPABILITY_REQUIRED\" title=\"DESKTOP_WEB_CAPABILITY_REQUIRED: HTML, site-canvas, and asset-injection authoring are available only on the Web Experience profile.\" aria-describedby=\"refusal-DESKTOP_WEB_CAPABILITY_REQUIRED\" data-product-action data-action=\"web-stage-html\">Edit page</button>
    <button type=\"button\" class=\"ghost-button is-inert\" id=\"web-inject-asset\" data-kind=\"inert\" aria-disabled=\"true\" data-refusal=\"DESKTOP_WEB_CAPABILITY_REQUIRED\" title=\"DESKTOP_WEB_CAPABILITY_REQUIRED: HTML, site-canvas, and asset-injection authoring are available only on the Web Experience profile.\" aria-describedby=\"refusal-DESKTOP_WEB_CAPABILITY_REQUIRED\" data-product-action data-action=\"web-inject-asset\">Add hero scene</button>
  </div>
</div>
</section><div class=\"profile-runtime-actions\">
  <button type=\"button\" class=\"primary-button\" id=\"scene-play\" data-kind=\"live\" data-product-action data-command=\"run-play\">Play</button>
  <p class=\"runtime-report\" data-product-run-report aria-live=\"polite\">Ready.</p>
</div></div>
  <div class=\"view-tabs\">
    <div class=\"view-tablist\" role=\"tablist\" aria-label=\"Viewport source\">
      <button type=\"button\" class=\"view-tab is-inert\" id=\"viewport-source-scene\" data-kind=\"inert\" aria-disabled=\"true\" data-refusal=\"DESKTOP_NO_PRESENTATION_RUNTIME\" title=\"DESKTOP_NO_PRESENTATION_RUNTIME: No presentation runtime is mounted on this surface, so the viewport draws no pixels.\" aria-describedby=\"refusal-DESKTOP_NO_PRESENTATION_RUNTIME\" role=\"tab\" aria-selected=\"true\" tabindex=\"0\">Scene</button><button type=\"button\" class=\"view-tab is-inert\" id=\"viewport-source-game\" data-kind=\"inert\" aria-disabled=\"true\" data-refusal=\"DESKTOP_NO_PRESENTATION_RUNTIME\" title=\"DESKTOP_NO_PRESENTATION_RUNTIME: No presentation runtime is mounted on this surface, so the viewport draws no pixels.\" aria-describedby=\"refusal-DESKTOP_NO_PRESENTATION_RUNTIME\" role=\"tab\" aria-selected=\"false\" tabindex=\"-1\">Game</button><button type=\"button\" class=\"view-tab is-inert\" id=\"viewport-source-sculpt-preview\" data-kind=\"inert\" aria-disabled=\"true\" data-refusal=\"DESKTOP_NO_PRESENTATION_RUNTIME\" title=\"DESKTOP_NO_PRESENTATION_RUNTIME: No presentation runtime is mounted on this surface, so the viewport draws no pixels.\" aria-describedby=\"refusal-DESKTOP_NO_PRESENTATION_RUNTIME\" role=\"tab\" aria-selected=\"false\" tabindex=\"-1\">Sculpt preview</button>
    </div>
    <label class=\"viewport-source-control\">Set source<select id=\"command-field-viewport-source-set-source\" data-kind=\"live\" data-command-field=\"source\" aria-label=\"Viewport source command\"><option value=\"\">Choose source</option><option value=\"scene\">Scene</option><option value=\"game\">Game</option><option value=\"sculpt-preview\">Sculpt preview</option></select></label>
    <button type=\"button\" class=\"ghost-button\" id=\"editor-command-submit-viewport-source-set\" data-kind=\"live\" data-action=\"editor-command-submit\" data-value=\"viewport-source-set\" data-editor-command-submit=\"viewport-source-set\">Apply source</button>
    <span class=\"spacer\"></span>
    <span class=\"view-tools\" aria-hidden=\"true\"><i></i><i></i><i></i><i></i></span>
  </div>
  <div class=\"stage-host\">
  <div class=\"site-stage\" aria-hidden=\"true\">
    <div class=\"site-browser-bar\"><i></i><i></i><i></i><span>example.com</span></div>
    <article class=\"site-page\">
      <div class=\"site-nav\"><span>Home</span><span>Story</span><span>Contact</span></div>
      <header class=\"site-hero-copy\">
        <p class=\"site-eyebrow\">Your site</p>
        <h3>Build a real page</h3>
        <p>This is a website creator. Ask Flash for a Three.js hero, a headline motion, or a new section. Engine tools stay on Engine.</p>
      </header>
    </article>
  </div>
  <div class=\"viewport\">
    <div class=\"viewport-backdrop\" role=\"img\" aria-label=\"No renderer is mounted on this surface — the viewport is inert and draws no pixels.\"></div>
    <p class=\"viewport-note viewport-note-inert\">No renderer is mounted on this surface — the viewport is inert and draws no pixels.</p>
    <p class=\"viewport-note viewport-note-web\">Hero stage. This is the Three.js embed on the page.</p>
    <div class=\"axis-widget\" aria-hidden=\"true\">
      <i style=\"background:#E4655F\"></i><i style=\"background:#7CC96B\"></i><i style=\"background:#5B9CFF\"></i>
    </div>
    <div class=\"assistant-manipulators\" data-assistant-manipulators=\"translation rotation scale\" aria-label=\"Assistant artifact manipulators\" hidden>
      <button type=\"button\" class=\"assistant-manipulator is-inert\" id=\"assistant-manipulator-move-x\" data-kind=\"inert\" aria-disabled=\"true\" data-refusal=\"DESKTOP_NO_PRESENTATION_RUNTIME\" title=\"DESKTOP_NO_PRESENTATION_RUNTIME: No presentation runtime is mounted on this surface, so the viewport draws no pixels.\" aria-describedby=\"refusal-DESKTOP_NO_PRESENTATION_RUNTIME\" data-action=\"assistant-manipulator\" data-value=\"move-x\">Move +X</button><button type=\"button\" class=\"assistant-manipulator is-inert\" id=\"assistant-manipulator-move-y\" data-kind=\"inert\" aria-disabled=\"true\" data-refusal=\"DESKTOP_NO_PRESENTATION_RUNTIME\" title=\"DESKTOP_NO_PRESENTATION_RUNTIME: No presentation runtime is mounted on this surface, so the viewport draws no pixels.\" aria-describedby=\"refusal-DESKTOP_NO_PRESENTATION_RUNTIME\" data-action=\"assistant-manipulator\" data-value=\"move-y\">Move +Y</button><button type=\"button\" class=\"assistant-manipulator is-inert\" id=\"assistant-manipulator-rotate-y\" data-kind=\"inert\" aria-disabled=\"true\" data-refusal=\"DESKTOP_NO_PRESENTATION_RUNTIME\" title=\"DESKTOP_NO_PRESENTATION_RUNTIME: No presentation runtime is mounted on this surface, so the viewport draws no pixels.\" aria-describedby=\"refusal-DESKTOP_NO_PRESENTATION_RUNTIME\" data-action=\"assistant-manipulator\" data-value=\"rotate-y\">Rotate Y</button><button type=\"button\" class=\"assistant-manipulator is-inert\" id=\"assistant-manipulator-scale-up\" data-kind=\"inert\" aria-disabled=\"true\" data-refusal=\"DESKTOP_NO_PRESENTATION_RUNTIME\" title=\"DESKTOP_NO_PRESENTATION_RUNTIME: No presentation runtime is mounted on this surface, so the viewport draws no pixels.\" aria-describedby=\"refusal-DESKTOP_NO_PRESENTATION_RUNTIME\" data-action=\"assistant-manipulator\" data-value=\"scale-up\">Scale +</button>
    </div>
    <div class=\"sculpt-progress\" role=\"status\" data-sculpt-progress hidden>
      <p class=\"sculpt-label\">Adding surface detail</p>
      <div class=\"sculpt-track\" role=\"progressbar\" aria-valuemin=\"0\" aria-valuemax=\"100\" aria-valuenow=\"64\" aria-label=\"Pass 3 of 5\">
        <span class=\"sculpt-fill\" style=\"width:64%\"></span>
        <span class=\"sculpt-sweep\" aria-hidden=\"true\"></span>
      </div>
      <p class=\"sculpt-detail\">pass 3 of 5</p>
      <button type=\"button\" class=\"ghost-button is-inert\" id=\"sculpt-cancel\" data-kind=\"inert\" aria-disabled=\"true\" data-refusal=\"DESKTOP_NO_PRESENTATION_RUNTIME\" title=\"DESKTOP_NO_PRESENTATION_RUNTIME: No presentation runtime is mounted on this surface, so the viewport draws no pixels.\" aria-describedby=\"refusal-DESKTOP_NO_PRESENTATION_RUNTIME\" data-action=\"sculpt-cancel\" data-editor-command=\"assistant-cancel\" data-command-schema-version=\"1\" data-command-permission=\"assistant:run\">Cancel after this pass</button>
    </div>
  </div>
  <div class=\"site-page-tail\" aria-hidden=\"true\">
    <section class=\"site-band\"><h4>Story</h4><p>Page copy lives here. Ask Flash to write this section.</p></section>
    <section class=\"site-band\"><h4>Hero motion</h4><p>The stage above is the Three.js embed. Later you customize it here.</p></section>
    <footer class=\"site-foot\">example.com · SceneAxi Website</footer>
  </div>
  </div>
</section>

<section class=\"dock\" aria-label=\"Dock\" style=\"--dock-h:228px\">
  <div class=\"dock-tabs\">
    <div class=\"dock-tablist\" role=\"tablist\" aria-label=\"Dock panel\">
      <button type=\"button\" class=\"dock-tab\" id=\"dock-changes\" data-kind=\"view\" role=\"tab\" data-action=\"dock-tab\" data-value=\"changes\" aria-selected=\"true\" aria-controls=\"dock-panel-changes\" tabindex=\"0\">Changes<span class=\"badge\" data-change-badge>0</span></button><button type=\"button\" class=\"dock-tab\" id=\"dock-assets\" data-kind=\"view\" role=\"tab\" data-action=\"dock-tab\" data-value=\"assets\" aria-selected=\"false\" aria-controls=\"dock-panel-assets\" tabindex=\"-1\">Assets</button><button type=\"button\" class=\"dock-tab\" id=\"dock-console\" data-kind=\"view\" role=\"tab\" data-action=\"dock-tab\" data-value=\"console\" aria-selected=\"false\" aria-controls=\"dock-panel-console\" tabindex=\"-1\" hidden>Console</button><button type=\"button\" class=\"dock-tab\" id=\"dock-evidence\" data-kind=\"view\" role=\"tab\" data-action=\"dock-tab\" data-value=\"evidence\" aria-selected=\"false\" aria-controls=\"dock-panel-evidence\" tabindex=\"-1\">Evidence</button>
    </div>
    <span class=\"spacer\"></span>
  </div>

  <div class=\"dock-body\">
    <div role=\"tabpanel\" id=\"dock-panel-changes\" class=\"dock-tabpanel\" data-dock-panel=\"changes\">
      <p class=\"dock-caption\">One active E1 proposal at a time. Accept applies the whole proposal through the shared authoring session; Rej...

[36m [2m❯[22m apps/desktop-shell/test/chrome-frame.test.ts:[2m30:22[22m[39m
    [90m 28|[39m     expect(html).toContain('aria-labelledby="refusal-legend-title" hid…
    [90m 29|[39m     [34mexpect[39m(html)[33m.[39mnot[33m.[39m[34mtoContain[39m([32m"<details"[39m)[33m;[39m
    [90m 30|[39m     [34mexpect[39m(html)[33m.[39mnot[33m.[39m[34mtoMatch[39m([36m/refusal-legend[^>]*tabindex/[39m)[33m;[39m
    [90m   |[39m                      [31m^[39m
    [90m 31|[39m     [34mexpect[39m(html)[33m.[39m[34mtoContain[39m([32m".refusal-legend-panel{position:absolute"[39m)[33m;[39m
    [90m 32|[39m     [34mexpect[39m(html)[33m.[39m[34mtoContain[39m([32m"overflow:auto;padding:10px 12px"[39m)[33m;[39m

[31m[2m⎯⎯⎯⎯⎯⎯⎯⎯⎯⎯⎯⎯⎯⎯⎯⎯⎯⎯⎯⎯⎯⎯[14/22]⎯[22m[39m

[41m[1m FAIL [22m[49m packages/engine-kernel/test/seam.test.ts[2m > [22m@sceneaxi/engine-kernel public seam[2m > [22mkeeps canonical digest computation behind the command/snapshot seam
[31m[1mAssertionError[22m: expected true to be false // Object.is equality[39m

[32m- Expected[39m
[31m+ Received[39m

[32m- false[39m
[31m+ true[39m

[36m [2m❯[22m packages/engine-kernel/test/seam.test.ts:[2m21:39[22m[39m
    [90m 19|[39m
    [90m 20|[39m   it("keeps canonical digest computation behind the command/snapshot s…
    [90m 21|[39m     [34mexpect[39m([32m"computeDigest"[39m [35min[39m kernel)[33m.[39m[34mtoBe[39m([35mfalse[39m)[33m;[39m
    [90m   |[39m                                       [31m^[39m
    [90m 22|[39m   })[33m;[39m
    [90m 23|[39m })[33m;[39m

[31m[2m⎯⎯⎯⎯⎯⎯⎯⎯⎯⎯⎯⎯⎯⎯⎯⎯⎯⎯⎯⎯⎯⎯[15/22]⎯[22m[39m

[41m[1m FAIL [22m[49m packages/importers/test/asset-preparation-bounds.test.ts[2m > [22mbounded off-main asset preparation[2m > [22mprepares actual maximum bytes without blocking main heartbeat or changing canonical evidence
[31m[1mAssertionError[22m: expected 128.10634700000037 to be less than or equal to 100[39m
[36m [2m❯[22m packages/importers/test/asset-preparation-bounds.test.ts:[2m138:31[22m[39m
    [90m136|[39m
    [90m137|[39m     [34mexpect[39m(gaps[33m.[39mlength)[33m.[39m[34mtoBeGreaterThan[39m([34m0[39m)[33m;[39m
    [90m138|[39m     [34mexpect[39m([33mMath[39m[33m.[39m[34mmax[39m([33m...[39mgaps))[33m.[39m[34mtoBeLessThanOrEqual[39m([34m100[39m)[33m;[39m
    [90m   |[39m                               [31m^[39m
    [90m139|[39m     expect(outcome.ok, transport.errors.map(error => error.message).jo…
    [90m140|[39m     [34mexpect[39m([35mawait[39m job[33m.[39m[34mcancel[39m())[33m.[39m[34mtoBe[39m(outcome)[33m;[39m

[31m[2m⎯⎯⎯⎯⎯⎯⎯⎯⎯⎯⎯⎯⎯⎯⎯⎯⎯⎯⎯⎯⎯⎯[16/22]⎯[22m[39m

[41m[1m FAIL [22m[49m packages/engine-presentation/test/declaration-consumer.test.ts[2m > [22memitted public declaration consumer[2m > [22maccepts numeric controls but rejects content/scene/renderer authority using actual emitted declarations
[31m[1mAssertionError[22m: expected [ …(2) ] to deeply equal [][39m

[32m- Expected[39m
[31m+ Received[39m

[32m- [][39m
[31m+ [[39m
[31m+   "Argument of type '{ schemaVersion: 2; kind: \"sceneaxi.composed-scene\"; sceneId: string; rootInstanceId: string; instances: readonly ComposedSceneInstanceV2[]; evidence: { intakeDigest: string; placementDigest: string; artifactDigests: readonly ComposedSceneArtifactDigest[]; }; }' is not assignable to parameter of type 'JsonValue'.[39m
[31m+   Types of property 'instances' are incompatible.[39m
[31m+     Type 'readonly ComposedSceneInstanceV2[]' is not assignable to type 'JsonValue | undefined'.[39m
[31m+       Type 'readonly ComposedSceneInstanceV2[]' is not assignable to type 'readonly JsonValue[]'.[39m
[31m+         Type 'ComposedSceneInstanceV2' is not assignable to type 'JsonValue'.[39m
[31m+           Type 'Omit<{ readonly name?: string | undefined; readonly instanceId: string; readonly parentInstanceId: string | null; readonly depth: number; readonly localTransform: SculptTransform; readonly worldTransform: SculptTransform; } & { ...; }, \"worldTransform\"> & { ...; } & { ...; }' is not assignable to type 'JsonValue'.[39m
[31m+             Type 'Omit<{ readonly name?: string | undefined; readonly instanceId: string; readonly parentInstanceId: string | null; readonly depth: number; readonly localTransform: SculptTransform; readonly worldTransform: SculptTransform; } & { ...; }, \"worldTransform\"> & { ...; } & { ...; }' is not assignable to type 'JsonObject'.[39m
[31m+               Property 'kind' is incompatible with index signature.[39m
[31m+                 Type 'undefined' is not assignable to type 'JsonValue'.",[39m
[31m+   "Argument of type '{ artifact: SculptArtifact; bounds: SceneBoundsV2; kind?: undefined; name?: string | undefined; artifactId: string; instanceId: string; parentInstanceId: string | null; localTransform: SculptTransform; depth: number; worldMatrix: SceneMatrixV2; } | { ...; }' is not assignable to parameter of type 'JsonValue'.[39m
[31m+   Type '{ artifact: SculptArtifact; bounds: SceneBoundsV2; kind?: never; name?: string; artifactId: string; instanceId: string; parentInstanceId: string | null; localTransform: SculptTransform; depth: number; worldMatrix: SceneMatrixV2; }' is not assignable to type 'JsonValue'.[39m
[31m+     Type '{ artifact: SculptArtifact; bounds: SceneBoundsV2; kind?: never; name?: string; artifactId: string; instanceId: string; parentInstanceId: string | null; localTransform: SculptTransform; depth: number; worldMatrix: SceneMatrixV2; }' is not assignable to type 'JsonObject'.[39m
[31m+       Property 'kind' is incompatible with index signature.[39m
[31m+         Type 'undefined' is not assignable to type 'JsonValue'.",[39m
[31m+ ][39m

[36m [2m❯[22m packages/engine-presentation/test/declaration-consumer.test.ts:[2m27:112[22m[39m


[31m[2m⎯⎯⎯⎯⎯⎯⎯⎯⎯⎯⎯⎯⎯⎯⎯⎯⎯⎯⎯⎯⎯⎯[17/22]⎯[22m[39m

[41m[1m FAIL [22m[49m packages/schemas/test/seam.test.ts[2m > [22m@sceneaxi/schemas public seam[2m > [22mkeeps the Node-only conformance suite off the browser-facing root
[31m[1mAssertionError[22m: expected true to be false // Object.is equality[39m

[32m- Expected[39m
[31m+ Received[39m

[32m- false[39m
[31m+ true[39m

[36m [2m❯[22m packages/schemas/test/seam.test.ts:[2m26:53[22m[39m
    [90m 24|[39m
    [90m 25|[39m   it("keeps the Node-only conformance suite off the browser-facing roo…
    [90m 26|[39m     [34mexpect[39m([32m"runProfileConformanceSuite"[39m [35min[39m schemas)[33m.[39m[34mtoBe[39m([35mfalse[39m)[33m;[39m
    [90m   |[39m                                                     [31m^[39m
    [90m 27|[39m     [34mexpect[39m([35mtypeof[39m runProfileConformanceSuite)[33m.[39m[34mtoBe[39m([32m"function"[39m)[33m;[39m
    [90m 28|[39m   })[33m;[39m

[31m[2m⎯⎯⎯⎯⎯⎯⎯⎯⎯⎯⎯⎯⎯⎯⎯⎯⎯⎯⎯⎯⎯⎯[18/22]⎯[22m[39m

[41m[1m FAIL [22m[49m desktop/linux/test/viewport-input-actions.test.ts[2m > [22mdesktop Play-facing viewport input actions[2m > [22mdrives pointer and wheel controls only through the effective shared map
[31m[1mError[22m: pointer fixture refused[39m
[36m [2m❯[22m desktop/linux/test/viewport-input-actions.test.ts:[2m119:51[22m[39m
    [90m117|[39m       { device[33m:[39m [32m"pointer"[39m[33m,[39m button[33m:[39m [34m2[39m[33m,[39m gesture[33m:[39m [32m"drag"[39m }[33m,[39m
    [90m118|[39m     )[33m;[39m
    [90m119|[39m     if (!rebound.ok || !("map" in rebound)) throw new Error("pointer f…
    [90m   |[39m                                                   [31m^[39m
    [90m120|[39m     [35mconst[39m window [33m=[39m [35mnew[39m [33mWindow[39m()[33m;[39m
    [90m121|[39m     windows[33m.[39m[34mpush[39m(window)[33m;[39m

[31m[2m⎯⎯⎯⎯⎯⎯⎯⎯⎯⎯⎯⎯⎯⎯⎯⎯⎯⎯⎯⎯⎯⎯[19/22]⎯[22m[39m

[31m⎯⎯⎯⎯⎯⎯[39m[1m[41m Unhandled Errors [49m[22m[31m⎯⎯⎯⎯⎯⎯[39m
[31m[1m
Vitest caught 2 unhandled errors during the test run.
This might cause false positive tests. Resolve unhandled errors to make sure your tests are not affected.[22m[39m

[31m⎯⎯⎯⎯[39m[1m[41m Unhandled Rejection [49m[22m[31m⎯⎯⎯⎯⎯[39m
[31m[1mReferenceError[22m: CustomEvent is not defined[39m
[90m [2m❯[22m invalidateDesktopAudio evalmachine.<anonymous>:[2m975:32[22m[39m
[90m [2m❯[22m runtimeRequest evalmachine.<anonymous>:[2m983:48[22m[39m
[90m [2m❯[22m switchProfile evalmachine.<anonymous>:[2m2466:28[22m[39m
[90m [2m❯[22m evalmachine.<anonymous>:[2m3358:70[22m[39m
[90m [2m❯[22m productAction evalmachine.<anonymous>:[2m2218:13[22m[39m
[90m [2m❯[22m FakeShell.clickListener evalmachine.<anonymous>:[2m3358:50[22m[39m
[36m [2m❯[22m switchTo tests/e2e/desktop-linux-bridge-golden.test.ts:[2m861:13[22m[39m
    [90m859|[39m         throw new Error(`profile switch harness missing ${profile}`);
    [90m860|[39m       }
    [90m861|[39m       shell.clickListener({ target: chip });
    [90m   |[39m             [31m^[39m
    [90m862|[39m       for (let turn = 0; turn < 8; turn += 1) await Promise.resolve();
    [90m863|[39m     };
[90m [2m❯[22m tests/e2e/desktop-linux-bridge-golden.test.ts:[2m890:11[22m[39m
[90m [2m❯[22m node_modules/.pnpm/@vitest+runner@4.1.11/node_modules/@vitest/runner/dist/chunk-artifact.js:[2m302:11[22m[39m
[90m [2m❯[22m node_modules/.pnpm/@vitest+runner@4.1.11/node_modules/@vitest/runner/dist/chunk-artifact.js:[2m1903:26[22m[39m

[31mThis error originated in "[1mtests/e2e/desktop-linux-bridge-golden.test.ts[22m" test file. It doesn't mean the error was thrown inside the file itself, but while it was running.[39m
[31mThe latest test that might've caused the error is "[1mreports runtime absence, request failure, and in-flight product state through mounted chrome[22m". It might mean one of the following:
- The error was thrown, while Vitest was running this test.
- If the error occurred after the test had been completed, this was the last documented test before it was thrown.[39m

[31m⎯⎯⎯⎯[39m[1m[41m Unhandled Rejection [49m[22m[31m⎯⎯⎯⎯⎯[39m
[31m[1mReferenceError[22m: CustomEvent is not defined[39m
[90m [2m❯[22m invalidateDesktopAudio evalmachine.<anonymous>:[2m975:32[22m[39m
[90m [2m❯[22m runtimeRequest evalmachine.<anonymous>:[2m983:48[22m[39m
[90m [2m❯[22m switchProfile evalmachine.<anonymous>:[2m2466:28[22m[39m
[90m [2m❯[22m evalmachine.<anonymous>:[2m3358:70[22m[39m
[90m [2m❯[22m productAction evalmachine.<anonymous>:[2m2218:13[22m[39m
[90m [2m❯[22m FakeShell.clickListener evalmachine.<anonymous>:[2m3358:50[22m[39m
[36m [2m❯[22m switchTo tests/e2e/desktop-linux-bridge-golden.test.ts:[2m861:13[22m[39m
    [90m859|[39m         throw new Error(`profile switch harness missing ${profile}`);
    [90m860|[39m       }
    [90m861|[39m       shell.clickListener({ target: chip });
    [90m   |[39m             [31m^[39m
    [90m862|[39m       for (let turn = 0; turn < 8; turn += 1) await Promise.resolve();
    [90m863|[39m     };
[90m [2m❯[22m tests/e2e/desktop-linux-bridge-golden.test.ts:[2m892:11[22m[39m
[90m [2m❯[22m processTicksAndRejections node:internal/process/task_queues:[2m104:5[22m[39m
[90m [2m❯[22m node_modules/.pnpm/@vitest+runner@4.1.11/node_modules/@vitest/runner/dist/chunk-artifact.js:[2m1903:20[22m[39m

[31mThis error originated in "[1mtests/e2e/desktop-linux-bridge-golden.test.ts[22m" test file. It doesn't mean the error was thrown inside the file itself, but while it was running.[39m
[31mThe latest test that might've caused the error is "[1mreports runtime absence, request failure, and in-flight product state through mounted chrome[22m". It might mean one of the following:
- The error was thrown, while Vitest was running this test.
- If the error occurred after the test had been completed, this was the last documented test before it was thrown.[39m
[31m⎯⎯⎯⎯⎯⎯⎯⎯⎯⎯⎯⎯⎯⎯⎯⎯⎯⎯⎯⎯⎯⎯⎯⎯⎯⎯⎯⎯⎯⎯[39m


[2m Test Files [22m [1m[31m11 failed[39m[22m[2m | [22m[1m[32m366 passed[39m[22m[90m (377)[39m
[2m      Tests [22m [1m[31m22 failed[39m[22m[2m | [22m[1m[32m5194 passed[39m[22m[90m (5216)[39m
[2m     Errors [22m [1m[31m2 errors[39m[22m
[2m   Start at [22m 16:16:59
[2m   Duration [22m 291.71s[2m (transform 61.62s, setup 0ms, import 358.75s, tests 1205.32s, environment 58ms)[22m

[ELIFECYCLE] Test failed. See above for more details.
[ELIFECYCLE] Command failed with exit code 1.
